pid,mean_enjoyment,n_responses,enjoyment_group,median_session,n_sessions,job_completions,login_count
p1,811.8888888888889,9,Low,24.5,22,15,24.0
p10,908.3148148148148,54,High,195.0,12,40,16.0
p10000,752.0,2,Low,33.5,2,3,2.0
p10002,641.1666666666666,6,Low,93.0,7,14,8.0
p10003,894.5294117647059,17,High,53.0,8,11,13.0
p10004,820.875,56,Low,53.0,29,43,31.0
p10007,699.6578947368421,38,Low,114.0,11,50,15.0
p10008,983.4,5,High,50.0,3,4,4.0
p10009,982.6086956521739,23,High,123.5,8,17,12.0
p1001,993.219512195122,41,High,123.5,22,43,26.0
p10011,974.2,20,High,59.5,10,12,10.0
p10012,768.6666666666666,3,Low,33.0,3,2,5.0
p10013,645.0,1,Low,130.5,8,16,9.0
p10014,990.5,2,High,13.5,12,5,12.0
p10015,913.0,13,High,77.0,9,25,9.0
p10016,865.6111111111111,18,High,55.5,10,17,12.0
p10018,903.4545454545455,11,High,47.0,13,17,13.0
p10020,612.9824561403509,57,Low,76.0,34,38,
p10021,942.46,50,High,85.0,45,46,46.0
p10023,999.3809523809524,21,High,68.0,9,17,9.0
p10024,943.7857142857143,14,High,117.0,6,14,8.0
p10027,801.6,15,Low,89.0,2,10,3.0
p10030,643.0,1,Low,57.0,1,1,1.0
p10032,734.53,100,Low,35.0,131,71,140.0
p10035,976.0,11,High,129.5,4,6,5.0
p10036,622.0,27,Low,281.0,5,20,5.0
p10037,882.7777777777778,9,High,72.0,4,4,6.0
p10038,728.4363636363636,55,Low,89.0,33,40,38.0
p1004,933.0,2,High,20.0,2,2,3.0
p10040,852.0,9,Low,40.0,15,37,15.0
p10041,734.0,1,Low,69.5,2,1,2.0
p10042,951.3333333333334,12,High,58.0,9,13,11.0
p10043,894.4285714285714,7,High,80.0,3,5,3.0
p10044,821.6666666666666,3,Low,121.5,2,4,2.0
p10045,598.0526315789474,38,Low,60.0,35,35,38.0
p10046,791.5,16,Low,97.0,7,10,7.0
p10048,843.8181818181819,11,Low,227.0,3,9,3.0
p10049,762.75,8,Low,249.5,2,3,2.0
p10051,846.4324324324324,37,Low,56.5,12,97,12.0
p10052,1000.0,7,High,338.0,2,20,2.0
p10053,892.5,6,High,43.0,15,14,16.0
p10054,831.3333333333334,3,Low,27.5,2,2,3.0
p10055,909.0,3,High,54.0,1,3,1.0
p10057,896.2,5,High,29.5,18,18,20.0
p10058,901.6363636363636,11,High,183.0,1,6,2.0
p10059,922.15,20,High,19.0,18,15,24.0
p1006,839.6666666666666,3,Low,63.5,2,4,2.0
p10060,985.1463414634146,82,High,353.0,9,41,10.0
p10062,948.3333333333334,6,High,124.5,2,5,2.0
p10063,963.2727272727273,11,High,235.5,2,6,2.0
p10064,954.8666666666667,15,High,62.5,4,17,8.0
p10065,761.0,2,Low,60.0,1,1,1.0
p10066,895.0,5,High,80.0,5,7,7.0
p10067,909.15,40,High,23.5,54,23,60.0
p10069,810.25,12,Low,88.0,5,23,6.0
p1007,217.5,12,Low,31.5,30,24,30.0
p10070,583.0833333333334,12,Low,53.0,11,10,13.0
p10071,627.2272727272727,110,Low,62.5,64,68,72.0
p10072,913.2142857142857,14,High,215.0,3,10,4.0
p10073,718.4423076923077,52,Low,118.0,17,39,19.0
p10074,996.9285714285714,14,High,139.5,6,21,6.0
p10076,978.2857142857143,14,High,41.5,16,12,16.0
p10077,636.0,2,Low,73.0,2,4,2.0
p10078,670.0,15,Low,34.0,21,10,23.0
p10079,950.0909090909091,11,High,148.0,8,10,8.0
p1008,814.0222222222222,45,Low,83.0,39,42,43.0
p10080,766.8235294117648,17,Low,138.0,3,9,8.0
p10081,1000.0,2,High,139.0,1,4,1.0
p10082,994.0,2,High,370.0,1,43,1.0
p10083,712.6521739130435,23,Low,45.0,17,19,20.0
p10084,931.75,16,High,78.0,8,10,9.0
p10085,768.5,12,Low,63.0,7,9,8.0
p10086,847.6666666666666,3,Low,32.5,4,2,4.0
p10087,650.0,3,Low,45.0,3,4,3.0
p10088,896.6818181818181,22,High,76.0,10,23,17.0
p1009,929.7903225806451,124,High,133.0,23,49,27.0
p10090,1000.0,2,High,64.0,1,2,1.0
p10091,656.3571428571429,14,Low,49.0,12,20,14.0
p10092,940.4,15,High,136.0,2,6,3.0
p10093,784.704,125,Low,62.0,93,167,98.0
p10094,942.0,1,High,40.0,1,2,1.0
p10095,992.5,2,High,156.0,1,2,1.0
p10096,942.5555555555555,9,High,23.5,28,19,29.0
p10097,840.8695652173913,23,Low,126.0,7,13,10.0
p10098,939.0,4,High,83.0,6,7,6.0
p10099,862.3125,16,High,28.0,13,15,13.0
p101,997.7777777777778,9,High,34.0,9,17,10.0
p1010,933.3333333333334,3,High,65.5,2,3,2.0
p10100,851.5384615384615,13,Low,79.0,7,16,7.0
p10102,704.3333333333334,6,Low,56.0,3,5,3.0
p10103,888.5555555555555,18,High,34.5,40,25,40.0
p10104,973.5,4,High,17.5,18,13,22.0
p10105,919.0,4,High,100.0,1,3,2.0
p10107,738.3404255319149,47,Low,150.0,15,57,18.0
p1011,929.3333333333334,3,High,62.0,1,3,1.0
p10110,660.5,32,Low,94.0,25,29,25.0
p10111,784.0,2,Low,23.0,3,1,4.0
p10116,988.0,17,High,62.0,9,18,10.0
p10117,988.8333333333334,6,High,66.0,9,7,9.0
p1012,990.1071428571429,28,High,153.0,7,13,10.0
p10123,801.8333333333334,6,Low,113.5,2,5,3.0
p10126,945.1666666666666,42,High,77.0,24,45,26.0
p10127,751.8571428571429,7,Low,9.0,3,4,4.0
p10128,938.875,40,High,101.5,14,49,22.0
p10129,900.0952380952381,21,High,163.0,5,9,7.0
p1013,802.2727272727273,11,Low,125.0,3,7,4.0
p10130,952.6,15,High,29.0,16,9,18.0
p10132,945.3333333333334,3,High,111.0,1,3,3.0
p10133,760.6153846153846,26,Low,119.0,9,21,10.0
p10134,999.8461538461538,13,High,57.0,19,25,19.0
p10135,979.25,4,High,66.0,1,1,1.0
p10136,964.0,1,High,92.0,1,1,1.0
p10137,869.6428571428571,14,High,24.5,12,11,14.0
p10138,773.0,1,Low,20.0,1,1,1.0
p10139,891.5555555555555,9,High,63.0,7,20,8.0
p10140,800.9066666666666,75,Low,146.0,17,42,19.0
p10141,892.1129032258065,62,High,50.0,37,39,40.0
p10146,754.0,1,Low,30.0,1,1,1.0
p10147,664.0588235294117,17,Low,85.0,7,14,7.0
p10149,840.0,1,Low,53.0,1,2,1.0
p1015,908.4358974358975,78,High,80.0,37,170,41.0
p10150,862.2647058823529,68,High,107.5,28,44,28.0
p10151,997.9090909090909,88,High,99.0,17,47,23.0
p10158,643.1111111111111,9,Low,136.0,5,20,7.0
p10159,834.5,10,Low,41.0,11,7,11.0
p1016,964.6363636363636,11,High,71.0,10,18,10.0
p10160,904.0,7,High,23.0,5,9,6.0
p10161,995.9032258064516,93,High,103.0,11,107,30.0
p10162,740.7708333333334,48,Low,102.0,25,50,26.0
p10163,946.6923076923077,13,High,62.5,4,20,6.0
p10164,980.1851851851852,27,High,169.0,7,38,11.0
p10166,843.2222222222222,9,Low,64.5,4,7,5.0
p10168,986.0,7,High,132.0,8,9,8.0
p10169,953.4090909090909,22,High,54.0,11,17,15.0
p1017,715.75,36,Low,111.5,12,26,15.0
p10170,824.1363636363636,66,Low,61.0,53,45,62.0
p10171,780.8823529411765,17,Low,59.0,17,16,18.0
p10172,649.8571428571429,14,Low,104.0,17,14,23.0
p10173,547.0,1,Low,9.0,1,1,1.0
p10174,721.5714285714286,21,Low,69.0,9,10,9.0
p10175,842.4,5,Low,30.0,7,3,8.0
p10176,657.0,6,Low,63.0,3,6,3.0
p10177,838.75,4,Low,26.5,2,1,2.0
p10178,527.25,4,Low,18.0,9,8,10.0
p10179,998.5,2,High,51.0,1,1,1.0
p10180,874.0,1,High,121.5,2,6,2.0
p10182,961.3333333333334,3,High,193.0,1,4,2.0
p10184,850.5,6,Low,47.0,9,7,9.0
p10186,666.0714285714286,14,Low,52.0,9,14,9.0
p10187,883.0,4,High,34.0,4,3,4.0
p10189,607.3333333333334,3,Low,74.0,1,1,1.0
p1019,952.4736842105264,38,High,80.0,27,64,28.0
p10190,688.0,7,Low,44.0,8,17,12.0
p10191,619.7777777777778,9,Low,44.5,8,7,8.0
p10192,999.6,5,High,2.0,3,2,3.0
p10193,986.4074074074074,27,High,181.5,6,25,7.0
p10194,813.3333333333334,9,Low,125.5,4,11,
p10195,731.3478260869565,23,Low,73.5,30,47,30.0
p10196,946.0,1,High,46.0,5,7,5.0
p10198,824.25,4,Low,90.0,4,7,4.0
p10199,1000.0,2,High,51.0,2,2,2.0
p102,998.3333333333334,3,High,34.5,2,3,2.0
p1020,476.8888888888889,9,Low,63.0,10,13,10.0
p10200,846.0,8,Low,154.0,2,4,4.0
p10201,875.0,4,High,119.0,1,4,1.0
p10203,996.75,4,High,207.0,1,40,1.0
p10205,778.1111111111111,9,Low,45.0,7,77,7.0
p10206,798.75,24,Low,66.0,13,34,23.0
p10207,660.6428571428571,14,Low,76.0,5,7,5.0
p10208,775.8,15,Low,45.0,20,21,20.0
p10209,845.5384615384615,13,Low,116.0,9,15,11.0
p1021,1000.0,2,High,123.0,1,0,1.0
p10210,901.5,2,High,41.0,3,4,4.0
p10211,899.4,5,High,80.0,3,2,3.0
p10213,708.0153846153846,65,Low,76.0,27,46,34.0
p10214,999.468085106383,47,High,82.5,30,42,32.0
p10215,996.9,10,High,161.0,5,23,5.0
p10217,720.375,16,Low,53.0,9,12,13.0
p10219,874.5,8,High,44.5,10,13,10.0
p10220,829.4705882352941,17,Low,42.0,7,5,8.0
p10223,685.1111111111111,27,Low,29.0,57,35,61.0
p10224,969.8333333333334,18,High,116.0,2,18,3.0
p10225,926.3333333333334,6,High,145.5,2,4,2.0
p10226,916.0,1,High,52.0,5,3,5.0
p10227,998.9375,16,High,50.0,2,19,3.0
p10230,943.0,2,High,64.5,8,11,8.0
p10231,996.0,9,High,111.5,6,16,7.0
p10232,1000.0,1,High,92.0,1,4,1.0
p10233,611.0,1,Low,16.0,1,1,1.0
p10234,998.8181818181819,11,High,392.0,1,11,3.0
p10236,1000.0,2,High,54.0,3,4,3.0
p10237,695.0,2,Low,34.0,1,1,1.0
p10238,720.8571428571429,7,Low,31.5,14,20,16.0
p10239,863.1666666666666,6,High,65.0,9,39,9.0
p1024,957.0,10,High,155.5,6,13,7.0
p10243,787.7272727272727,22,Low,60.0,10,20,11.0
p10244,993.3333333333334,3,High,15.0,3,3,5.0
p10245,999.5,4,High,56.0,2,3,2.0
p10247,880.1346153846154,52,High,52.0,31,38,34.0
p10249,1000.0,1,High,13.0,1,1,1.0
p1025,966.2142857142857,14,High,65.0,5,4,6.0
p10250,990.0,1,High,16.0,7,4,7.0
p10251,632.3,20,Low,86.0,10,18,11.0
p10252,1000.0,6,High,36.0,8,6,8.0
p10253,868.0,1,High,14.0,1,1,1.0
p10255,638.0,1,Low,13.0,6,4,6.0
p10256,785.3333333333334,3,Low,40.0,1,12,2.0
p10257,1000.0,3,High,69.0,1,1,1.0
p10259,887.0,2,High,35.0,1,3,2.0
p1026,796.9090909090909,11,Low,33.0,17,12,19.0
p10260,352.3333333333333,3,Low,29.0,2,2,2.0
p10261,645.25,4,Low,159.0,2,5,2.0
p10264,678.1578947368421,19,Low,75.0,17,51,18.0
p10265,494.1333333333333,15,Low,90.0,5,18,8.0
p10266,922.2315789473685,95,High,211.0,9,109,23.0
p10269,631.047619047619,21,Low,76.0,10,10,10.0
p1027,823.0833333333334,12,Low,43.5,14,19,14.0
p10272,985.7777777777778,27,High,131.0,6,39,7.0
p10273,962.4444444444445,9,High,112.5,8,10,8.0
p10275,985.6666666666666,6,High,41.0,13,11,14.0
p10276,853.7,30,Low,141.5,18,58,19.0
p10277,848.3,10,Low,57.0,7,12,9.0
p10279,738.6666666666666,15,Low,115.0,3,12,4.0
p10280,761.0,4,Low,91.0,9,18,9.0
p10282,657.448275862069,29,Low,55.5,10,18,10.0
p10283,916.7619047619048,42,High,93.0,25,44,30.0
p10284,555.9375,16,Low,27.0,29,23,30.0
p10285,786.12,25,Low,134.5,6,25,6.0
p10287,611.0,5,Low,85.0,2,4,2.0
p10288,986.4,5,High,130.5,2,3,2.0
p1029,979.0833333333334,12,High,28.5,24,9,27.0
p10290,742.8,15,Low,59.0,30,39,34.0
p10291,822.6666666666666,6,Low,27.0,4,2,6.0
p10294,787.0,7,Low,80.0,7,19,7.0
p10295,771.32,25,Low,25.5,74,38,76.0
p10296,992.0,1,High,67.0,1,2,1.0
p10297,450.72727272727275,11,Low,78.5,4,11,5.0
p10298,1000.0,8,High,52.0,5,9,6.0
p10299,998.8888888888889,9,High,130.0,6,18,6.0
p103,804.7777777777778,9,Low,116.0,5,2,5.0
p1030,884.6730769230769,52,High,148.0,20,47,21.0
p10301,856.1428571428571,14,Low,25.0,28,12,32.0
p10303,710.5,2,Low,32.0,15,9,17.0
p10307,750.0,2,Low,47.0,1,2,1.0
p10308,934.2307692307693,13,High,84.0,3,14,4.0
p10309,801.5,14,Low,181.0,8,27,9.0
p10311,1000.0,7,High,157.5,4,14,6.0
p10312,616.6428571428571,14,Low,84.0,5,22,7.0
p10314,816.5,2,Low,238.0,1,2,1.0
p10317,997.0,2,High,73.5,2,4,3.0
p10318,688.0,18,Low,141.0,5,11,8.0
p10319,917.3684210526316,38,High,64.0,34,38,35.0
p10320,980.3,10,High,72.0,7,19,7.0
p10321,987.5106382978723,94,High,93.0,30,38,31.0
p10322,988.6694915254237,118,High,238.0,15,42,17.0
p10324,848.0,1,Low,52.5,2,3,2.0
p10328,595.4285714285714,7,Low,177.0,2,6,2.0
p1033,875.75,4,High,46.0,5,3,5.0
p10330,833.625,8,Low,52.0,9,5,9.0
p10332,1000.0,3,High,66.0,1,3,1.0
p10333,845.0,1,Low,28.0,2,1,2.0
p10334,982.7142857142857,7,High,56.0,5,143,6.0
p10335,799.2,5,Low,39.0,8,8,9.0
p10336,778.4444444444445,9,Low,163.0,5,13,5.0
p10337,813.36,25,Low,38.0,27,38,33.0
p10339,800.9032258064516,31,Low,89.5,16,28,17.0
p10341,864.1666666666666,6,High,69.5,6,12,7.0
p10342,792.5,22,Low,284.0,3,26,5.0
p10343,853.75,8,Low,61.0,8,18,11.0
p10344,893.7777777777778,9,High,91.0,6,23,7.0
p10345,1000.0,1,High,24.0,4,5,4.0
p10346,694.0,3,Low,67.0,3,2,3.0
p10347,933.4,5,High,123.0,3,4,3.0
p10348,877.2857142857143,14,High,92.0,10,48,10.0
p10349,935.078947368421,38,High,111.0,19,38,19.0
p10350,946.2142857142857,14,High,58.0,11,55,11.0
p10351,654.0857142857143,35,Low,80.5,8,25,10.0
p10353,859.0,2,High,24.0,1,1,2.0
p10355,887.5,2,High,63.5,2,0,2.0
p10357,999.2666666666667,15,High,45.0,17,4,18.0
p10358,702.4642857142857,28,Low,35.0,48,30,50.0
p10359,766.8181818181819,11,Low,28.5,10,6,13.0
p10360,596.55,80,Low,47.5,56,38,57.0
p10361,915.5454545454545,11,High,24.0,27,38,29.0
p10364,999.5,4,High,61.0,1,2,1.0
p10366,787.6666666666666,3,Low,65.0,1,2,1.0
p10367,825.1666666666666,12,Low,29.0,23,21,24.0
p10368,999.953488372093,43,High,54.0,46,51,53.0
p10369,730.4827586206897,29,Low,61.0,9,12,16.0
p1037,785.6470588235294,17,Low,29.0,27,11,28.0
p10370,734.6,10,Low,101.0,7,20,7.0
p10371,730.4,10,Low,31.0,18,22,18.0
p10372,628.3571428571429,14,Low,65.0,9,12,10.0
p10373,849.5,18,Low,41.0,19,26,23.0
p10374,862.6666666666666,12,High,70.0,9,6,9.0
p10375,766.0,4,Low,72.0,1,5,2.0
p10376,950.55,20,High,67.5,8,15,13.0
p10378,678.1052631578947,19,Low,31.0,12,17,13.0
p10380,947.5555555555555,9,High,48.0,3,4,5.0
p10381,1000.0,1,High,27.0,1,1,1.0
p10383,1000.0,1,High,37.5,2,2,2.0
p10386,783.0,1,Low,22.0,4,4,4.0
p10387,799.6,5,Low,43.5,4,6,4.0
p10388,873.8461538461538,13,High,71.0,8,22,8.0
p10389,925.3333333333334,3,High,48.0,2,4,2.0
p1039,982.75,28,High,146.0,6,9,6.0
p10390,942.8333333333334,6,High,72.5,4,10,4.0
p10391,413.6666666666667,3,Low,30.0,2,4,2.0
p10392,826.0,16,Low,93.0,7,11,12.0
p10393,667.5294117647059,17,Low,44.0,12,12,13.0
p10394,974.0,28,High,80.0,23,43,23.0
p10396,952.3529411764706,17,High,83.5,14,22,18.0
p10397,717.5625,16,Low,206.0,2,9,2.0
p10399,984.0,3,High,50.0,6,7,7.0
p1040,998.75,4,High,70.0,3,5,4.0
p10401,999.7692307692307,13,High,159.0,6,13,6.0
p10402,973.8333333333334,6,High,97.0,2,6,2.0
p10403,998.0,1,High,77.5,4,1,5.0
p10404,805.1818181818181,11,Low,298.0,3,16,3.0
p10405,866.3571428571429,14,High,32.0,17,19,18.0
p10406,872.6111111111111,36,High,155.0,16,44,17.0
p10407,847.3125,32,Low,189.0,9,36,12.0
p10408,622.5,2,Low,68.5,2,4,2.0
p10409,704.0,2,Low,270.0,1,5,1.0
p1041,538.0,18,Low,41.0,9,13,9.0
p10411,863.1538461538462,13,High,65.0,9,18,9.0
p10412,892.7936507936508,63,High,118.0,29,40,30.0
p10413,998.516129032258,31,High,41.0,36,28,39.0
p10414,887.0,2,High,76.5,2,4,2.0
p10415,793.3157894736842,19,Low,34.0,13,23,13.0
p10416,497.44444444444446,9,Low,76.5,10,9,11.0
p10417,903.5,2,High,11.5,6,3,6.0
p10418,525.0,2,Low,116.0,1,3,1.0
p10419,998.0,1,High,52.0,2,3,5.0
p10421,786.3,10,Low,27.0,20,37,25.0
p10422,852.0,3,Low,43.0,2,3,2.0
p10424,914.5,2,High,88.0,1,2,1.0
p10425,992.9642857142857,28,High,25.0,57,36,61.0
p10428,814.6666666666666,6,Low,84.0,8,26,8.0
p10429,841.8333333333334,6,Low,116.0,4,7,5.0
p10431,978.0,13,High,159.5,6,13,6.0
p10432,799.8333333333334,6,Low,104.0,8,20,8.0
p10434,945.1363636363636,22,High,70.0,13,20,21.0
p10435,954.0,1,High,26.0,12,5,12.0
p10436,924.421052631579,19,High,123.0,5,11,9.0
p10437,507.8333333333333,6,Low,31.0,3,6,4.0
p10438,752.1818181818181,11,Low,76.5,10,13,10.0
p10439,764.4615384615385,13,Low,38.0,11,15,11.0
p1044,464.75,4,Low,77.0,1,1,1.0
p10440,999.5,2,High,90.0,1,1,1.0
p10441,972.7916666666666,24,High,52.5,32,35,36.0
p10442,999.2571428571429,35,High,120.0,24,36,24.0
p10443,909.0,2,High,54.0,6,4,7.0
p10445,809.7708333333334,48,Low,60.5,26,42,29.0
p10446,566.8666666666667,15,Low,114.5,16,32,16.0
p10448,918.0,6,High,43.0,9,6,10.0
p10449,791.0434782608696,23,Low,143.5,4,50,9.0
p10450,758.1111111111111,9,Low,131.0,5,13,5.0
p10451,1000.0,6,High,79.5,4,6,6.0
p10452,999.6086956521739,23,High,2.0,7,14,11.0
p10453,999.8,10,High,75.0,9,15,12.0
p10455,787.734693877551,49,Low,41.0,39,33,41.0
p10456,820.5882352941177,17,Low,74.0,11,19,11.0
p10459,731.0,1,Low,91.5,2,1,2.0
p10460,645.15,20,Low,38.0,29,30,30.0
p10461,909.0,1,High,36.0,2,2,2.0
p10463,989.1,10,High,43.5,4,6,4.0
p10467,650.6666666666666,3,Low,76.0,1,3,1.0
p10468,1000.0,1,High,30.0,1,1,1.0
p10469,888.0,18,High,51.0,23,30,32.0
p1047,879.1875,16,High,98.0,7,14,8.0
p10470,998.0,1,High,20.0,1,1,1.0
p10471,823.5,2,Low,56.0,2,5,3.0
p10472,832.3333333333334,3,Low,55.5,14,42,16.0
p10473,535.525,40,Low,31.5,52,41,83.0
p10474,576.3333333333334,3,Low,15.0,3,1,3.0
p10476,797.5862068965517,58,Low,55.0,43,46,46.0
p10477,972.0,1,High,40.5,4,3,4.0
p10478,661.375,8,Low,26.0,8,14,10.0
p10479,732.1428571428571,14,Low,72.0,9,16,9.0
p1048,878.7272727272727,33,High,81.5,18,41,22.0
p10481,839.1538461538462,13,Low,50.0,17,19,19.0
p10483,1000.0,11,High,81.0,8,10,8.0
p10484,951.0,13,High,57.0,9,22,13.0
p10485,883.5,2,High,27.5,4,4,4.0
p10486,859.2222222222222,9,High,240.0,1,3,1.0
p10490,608.6,10,Low,21.0,40,25,47.0
p10491,734.0,4,Low,146.0,3,4,3.0
p10492,862.6666666666666,6,High,19.0,10,5,11.0
p10494,957.5,4,High,35.0,3,3,3.0
p10495,806.8333333333334,6,Low,19.5,6,6,6.0
p10496,995.4,5,High,19.0,10,4,13.0
p10497,1000.0,1,High,23.0,2,1,5.0
p10498,887.1,10,High,75.0,4,7,4.0
p10499,799.6333333333333,30,Low,47.0,31,39,33.0
p1050,988.3333333333334,3,High,59.0,1,1,1.0
p10500,809.8260869565217,23,Low,35.5,22,21,22.0
p10501,812.1428571428571,7,Low,28.5,4,7,4.0
p10502,553.0,1,Low,46.0,1,2,1.0
p10503,999.4166666666666,12,High,405.0,2,19,2.0
p10504,710.5714285714286,7,Low,69.0,2,4,2.0
p10507,988.25,4,High,54.0,3,3,3.0
p1051,969.25,4,High,29.0,2,3,2.0
p10510,872.9180327868852,61,High,72.0,39,107,43.0
p10511,727.32,50,Low,67.5,36,49,38.0
p10512,668.6666666666666,6,Low,192.0,1,6,1.0
p10513,998.8333333333334,12,High,110.0,4,7,5.0
p10516,945.0,5,High,124.0,2,7,2.0
p10517,997.875,8,High,32.5,8,9,13.0
p10519,883.28125,32,High,34.0,39,31,40.0
p1052,867.4166666666666,12,High,29.5,16,13,18.0
p10520,962.3846153846154,13,High,131.5,8,20,10.0
p10521,847.047619047619,21,Low,59.5,18,28,19.0
p10522,717.8333333333334,24,Low,69.0,9,16,9.0
p10523,973.2857142857143,7,High,23.0,6,4,6.0
p10525,685.8108108108108,74,Low,151.0,17,53,19.0
p10528,706.2,5,Low,37.0,6,3,6.0
p1053,976.0,1,High,37.0,4,4,4.0
p10530,870.4354838709677,62,High,178.5,10,40,11.0
p10533,1000.0,37,High,228.0,11,59,15.0
p10534,758.8333333333334,6,Low,36.0,4,5,5.0
p10536,926.5,4,High,33.0,14,22,15.0
p10537,914.8148148148148,27,High,68.0,9,14,9.0
p10538,675.125,8,Low,46.0,6,6,6.0
p10539,648.3333333333334,3,Low,45.0,5,5,5.0
p1054,993.8125,16,High,42.5,14,23,16.0
p10540,888.0,12,High,42.5,10,18,11.0
p10541,906.5333333333333,15,High,70.0,11,20,12.0
p10542,920.6666666666666,6,High,26.0,7,5,8.0
p10543,780.2272727272727,22,Low,173.0,5,7,6.0
p10544,944.3333333333334,6,High,21.0,4,4,5.0
p10545,996.6666666666666,3,High,146.0,2,2,2.0
p10546,636.7916666666666,24,Low,43.0,16,20,19.0
p10547,721.25,8,Low,52.0,9,12,9.0
p10549,908.75,8,High,44.5,8,6,10.0
p1055,998.6,5,High,107.5,6,17,6.0
p10550,796.0,9,Low,84.0,9,8,10.0
p10551,903.0731707317074,41,High,55.5,30,31,30.0
p10552,1000.0,1,High,53.0,3,3,3.0
p10554,880.0,1,High,18.0,4,1,5.0
p10555,878.0714285714286,14,High,29.0,11,6,13.0
p10556,875.2941176470588,17,High,40.5,24,29,28.0
p10557,896.2916666666666,48,High,40.0,52,34,52.0
p10560,542.0,6,Low,43.0,15,21,16.0
p10563,759.0,1,Low,45.0,1,2,1.0
p10564,651.75,24,Low,120.0,13,33,13.0
p10567,693.0,2,Low,69.0,4,6,4.0
p10568,748.5555555555555,45,Low,61.0,29,51,31.0
p10569,834.0,1,Low,13.0,1,1,2.0
p1057,745.0,1,Low,17.0,1,1,1.0
p10570,964.75,4,High,31.0,7,4,7.0
p10571,854.3617021276596,47,Low,64.0,31,42,33.0
p10573,754.0,2,Low,73.0,2,4,2.0
p10575,878.7457627118644,59,High,54.0,47,57,49.0
p10576,889.0,8,High,139.0,5,19,8.0
p10577,838.6923076923077,26,Low,51.0,27,37,27.0
p10578,736.6666666666666,12,Low,216.0,4,18,5.0
p10579,735.7777777777778,9,Low,98.0,7,15,9.0
p1058,941.5,2,High,47.0,1,3,1.0
p10580,741.4285714285714,7,Low,211.5,4,20,5.0
p10581,994.421052631579,19,High,191.0,7,38,10.0
p10582,943.4923076923077,65,High,27.0,55,42,62.0
p10583,827.7692307692307,13,Low,383.0,1,13,2.0
p10584,829.0,1,Low,45.5,6,6,8.0
p10587,945.5714285714286,7,High,105.5,2,4,2.0
p10588,1000.0,1,High,9.5,2,1,2.0
p10589,796.4795918367347,98,Low,38.5,52,42,60.0
p10590,934.875,8,High,56.5,6,61,6.0
p10591,915.1521739130435,46,High,153.0,15,45,18.0
p10592,916.5,4,High,141.0,1,4,1.0
p10593,761.2307692307693,13,Low,75.0,10,21,12.0
p10594,787.04,25,Low,188.0,9,39,12.0
p10595,833.0,4,Low,76.0,1,2,1.0
p10596,931.0,3,High,94.0,1,2,2.0
p10598,613.0,7,Low,12.0,24,6,25.0
p106,997.8,10,High,81.5,6,16,6.0
p1060,959.5,6,High,133.5,6,12,6.0
p10600,1000.0,1,High,55.0,1,2,1.0
p10601,984.125,8,High,47.0,10,9,11.0
p10602,410.5,2,Low,78.5,4,7,4.0
p10604,767.52,25,Low,11.0,5,12,9.0
p10605,956.0943396226415,53,High,57.0,29,37,32.0
p10609,969.1111111111111,18,High,33.0,13,11,51.0
p1061,676.0,2,Low,20.0,1,1,2.0
p10610,926.0,3,High,18.0,12,3,14.0
p10611,951.5,4,High,58.0,3,4,3.0
p10612,999.21875,32,High,85.0,21,32,24.0
p10613,551.0,2,Low,98.0,2,3,2.0
p10614,809.0,2,Low,34.5,2,1,2.0
p10615,855.8333333333334,6,Low,31.5,6,6,8.0
p10616,814.4,15,Low,32.5,38,6,47.0
p10618,819.304347826087,23,Low,130.5,14,38,16.0
p10619,839.75,8,Low,148.0,7,16,8.0
p1062,895.0,38,High,258.0,7,35,8.0
p10621,998.6666666666666,3,High,107.0,1,3,1.0
p10622,920.5652173913044,23,High,103.5,6,21,7.0
p10623,857.4545454545455,11,Low,98.0,8,33,8.0
p10625,791.6666666666666,3,Low,85.5,2,5,2.0
p10626,525.3396226415094,53,Low,85.0,41,40,41.0
p10627,792.6666666666666,36,Low,95.0,18,73,19.0
p10628,955.0363636363636,55,High,45.5,66,63,68.0
p10629,795.0,4,Low,115.5,2,4,2.0
p10630,999.3333333333334,3,High,144.0,1,2,1.0
p10631,955.75,4,High,26.0,3,44,3.0
p10632,802.6923076923077,13,Low,111.0,5,19,5.0
p10633,917.8571428571429,7,High,190.0,1,5,1.0
p10636,399.4117647058824,17,Low,28.0,19,20,19.0
p10637,491.0,1,Low,55.0,1,3,1.0
p1064,712.875,8,Low,125.0,14,22,18.0
p10640,992.0625,32,High,37.5,10,17,11.0
p10641,883.5,16,High,63.0,14,13,18.0
p10642,936.1538461538462,13,High,178.0,8,14,9.0
p10643,695.0,1,Low,187.0,1,1,2.0
p10645,905.1818181818181,11,High,48.0,15,12,16.0
p10646,583.4117647058823,17,Low,81.5,6,10,9.0
p10647,661.3333333333334,12,Low,104.5,8,22,9.0
p10648,852.7272727272727,11,Low,38.5,16,13,16.0
p10649,801.7142857142857,14,Low,34.0,17,10,19.0
p10650,603.4285714285714,7,Low,36.0,5,6,
p10651,929.3333333333334,3,High,20.0,2,2,2.0
p10652,930.9629629629629,27,High,109.5,16,80,19.0
p10654,807.0,1,Low,40.0,1,1,1.0
p10655,979.5384615384615,13,High,163.0,7,44,17.0
p10656,893.0,14,High,65.0,13,26,14.0
p10657,984.5,4,High,130.0,2,4,2.0
p1066,832.7272727272727,11,Low,170.0,4,10,4.0
p10660,619.0,9,Low,100.0,2,7,3.0
p10662,997.1666666666666,6,High,110.0,7,17,7.0
p10663,999.8181818181819,11,High,45.0,12,17,12.0
p10665,884.6666666666666,69,High,123.5,24,39,27.0
p10668,714.8888888888889,9,Low,86.5,16,14,17.0
p10669,583.5,2,Low,89.0,1,0,2.0
p1067,1000.0,10,High,129.0,4,15,6.0
p10670,980.2222222222222,9,High,51.0,13,12,13.0
p10671,656.7894736842105,38,Low,81.0,16,42,18.0
p10672,1000.0,2,High,55.0,2,4,2.0
p10673,697.0,3,Low,35.5,4,4,4.0
p10675,1000.0,1,High,31.5,2,1,5.0
p10676,987.5,2,High,220.0,1,1,2.0
p10677,812.1323529411765,68,Low,98.5,18,37,21.0
p10678,766.3846153846154,13,Low,33.0,25,25,25.0
p10679,951.0,55,High,35.0,59,41,63.0
p1068,962.4285714285714,7,High,85.5,4,9,4.0
p10680,859.0,3,High,38.0,2,3,4.0
p10681,872.5692307692308,65,High,29.0,62,46,75.0
p10682,688.0,2,Low,86.0,1,3,1.0
p10683,966.0,25,High,68.0,29,38,30.0
p10684,1000.0,2,High,89.0,1,3,1.0
p10685,747.4166666666666,36,Low,68.0,34,38,35.0
p10687,1000.0,3,High,27.0,5,7,6.0
p10689,999.8181818181819,11,High,83.0,7,23,7.0
p1069,926.0,2,High,31.0,1,1,1.0
p10690,951.28125,32,High,147.0,6,24,13.0
p10692,845.2380952380952,21,Low,124.0,10,30,13.0
p10694,1000.0,5,High,47.0,7,14,9.0
p10695,844.6923076923077,52,Low,72.5,20,42,25.0
p10696,844.0,2,Low,48.0,2,3,4.0
p10698,824.5714285714286,14,Low,176.0,7,21,7.0
p10699,908.5238095238095,21,High,166.5,4,14,4.0
p107,799.2631578947369,19,Low,100.5,8,24,8.0
p1070,948.0,3,High,233.0,1,4,2.0
p10701,522.5,10,Low,157.5,2,6,2.0
p10702,1000.0,1,High,76.5,2,4,2.0
p10704,578.0,1,Low,34.0,16,14,18.0
p10705,999.4736842105264,19,High,174.0,5,32,7.0
p10707,725.0,1,Low,29.0,1,1,1.0
p10708,994.0,9,High,32.0,3,6,4.0
p10709,855.0,3,Low,54.0,1,2,1.0
p1071,833.4285714285714,21,Low,63.5,16,18,17.0
p10711,997.5,2,High,199.0,2,2,2.0
p10712,689.0,1,Low,66.0,1,2,1.0
p10713,995.0,7,High,390.0,2,26,2.0
p10714,695.5,2,Low,116.0,1,4,1.0
p10716,712.9722222222222,36,Low,60.5,14,27,16.0
p10717,1000.0,1,High,22.0,1,1,1.0
p10718,606.4,10,Low,43.0,13,13,13.0
p10719,757.7,10,Low,25.0,18,8,18.0
p1072,985.375,8,High,33.0,14,9,15.0
p10720,942.2142857142857,14,High,70.0,11,9,15.0
p10722,811.9090909090909,33,Low,65.0,33,35,36.0
p10724,725.6666666666666,6,Low,17.0,3,1,5.0
p10725,743.3333333333334,15,Low,44.5,10,19,12.0
p10726,911.3,10,High,46.0,9,8,10.0
p10727,518.0,3,Low,43.0,1,2,1.0
p10728,629.5,2,Low,44.0,2,0,2.0
p10729,699.9642857142857,28,Low,30.5,4,20,6.0
p10730,727.8888888888889,9,Low,51.0,11,11,12.0
p10731,588.3333333333334,21,Low,56.0,14,23,16.0
p10733,906.4615384615385,13,High,263.0,2,5,3.0
p10735,966.4,5,High,43.0,4,4,4.0
p10736,857.5,16,High,133.5,6,8,8.0
p10737,790.0625,16,Low,59.0,10,21,13.0
p10738,860.0,2,High,36.0,5,6,8.0
p10739,879.5,2,High,8.5,6,3,6.0
p1074,785.6911764705883,68,Low,53.0,39,45,39.0
p10740,895.3809523809524,42,High,73.0,23,30,23.0
p10741,865.8888888888889,9,High,49.0,3,10,3.0
p10743,683.4,10,Low,229.5,2,7,3.0
p10744,816.4,10,Low,107.0,6,20,6.0
p10746,474.5,4,Low,12.0,5,1,7.0
p10747,861.125,8,High,43.5,8,13,20.0
p10748,840.2280701754386,57,Low,121.0,20,39,21.0
p1075,682.4545454545455,11,Low,36.5,16,21,17.0
p10750,744.875,24,Low,102.0,10,18,10.0
p10751,938.6,5,High,113.5,2,5,2.0
p10752,865.0,2,High,19.0,12,6,14.0
p10754,946.6666666666666,6,High,128.0,5,13,5.0
p10756,998.7142857142857,14,High,26.0,3,22,8.0
p10757,938.68,25,High,157.0,4,22,5.0
p10759,747.65,20,Low,26.5,10,15,13.0
p1076,656.7037037037037,27,Low,80.0,8,20,11.0
p10761,993.0,1,High,99.0,1,2,1.0
p10763,947.75,8,High,72.0,6,4,6.0
p10764,811.0,1,Low,42.0,1,2,1.0
p10765,983.8870967741935,62,High,104.0,26,41,29.0
p10766,822.7333333333333,15,Low,63.0,4,20,6.0
p10767,981.3214285714286,28,High,94.0,3,15,6.0
p10768,678.1666666666666,6,Low,313.0,1,4,1.0
p10769,784.4285714285714,7,Low,160.5,2,6,2.0
p10770,826.3333333333334,3,Low,88.0,1,3,
p10772,1000.0,2,High,43.0,2,2,2.0
p10773,872.253164556962,79,High,163.0,15,43,15.0
p10774,939.0322580645161,124,High,59.0,78,62,79.0
p10776,738.4285714285714,7,Low,50.0,9,9,10.0
p10778,994.75,4,High,84.0,5,6,5.0
p1078,999.75,28,High,62.5,22,30,25.0
p10780,974.4285714285714,63,High,82.0,21,43,21.0
p10781,854.8,5,Low,212.0,2,8,2.0
p10782,896.7142857142857,7,High,55.5,8,32,9.0
p10783,727.7727272727273,22,Low,118.0,5,15,6.0
p10784,549.2,5,Low,89.0,4,6,4.0
p10786,670.5172413793103,29,Low,113.0,7,25,7.0
p10787,607.6153846153846,13,Low,34.5,24,10,25.0
p10789,630.4626865671642,67,Low,125.0,16,48,18.0
p1079,889.0697674418604,43,High,122.0,18,42,22.0
p10790,1000.0,1,High,30.0,3,3,3.0
p10791,549.6184210526316,76,Low,130.0,17,40,20.0
p10792,808.2,5,Low,90.0,8,20,8.0
p10793,724.0,3,Low,51.0,1,1,1.0
p10795,656.3214285714286,28,Low,33.0,26,28,27.0
p10796,980.7692307692307,13,High,73.5,8,21,10.0
p10797,663.2,35,Low,52.0,41,36,44.0
p10799,947.4,5,High,29.0,3,4,3.0
p108,978.0,1,High,24.5,2,38,2.0
p1080,925.5555555555555,9,High,122.0,6,12,6.0
p10800,702.0,2,Low,22.0,5,3,5.0
p10802,964.2222222222222,9,High,88.5,10,20,10.0
p10803,776.2142857142857,14,Low,44.0,12,19,13.0
p10804,906.3478260869565,23,High,69.0,23,31,24.0
p10805,797.578947368421,38,Low,53.0,45,51,49.0
p10806,1000.0,1,High,3.0,3,2,4.0
p10808,1000.0,1,High,76.0,1,2,1.0
p10809,795.1219512195122,82,Low,51.0,42,47,51.0
p1081,993.625,24,High,119.0,10,35,10.0
p10810,728.7727272727273,22,Low,57.5,32,36,32.0
p10811,997.0,10,High,105.0,6,29,6.0
p10815,696.6666666666666,42,Low,68.0,22,38,25.0
p10818,459.8095238095238,21,Low,81.0,15,30,15.0
p10819,913.8,5,High,20.0,6,61,6.0
p1082,985.5454545454545,11,High,60.0,9,19,14.0
p10820,1000.0,2,High,72.0,1,2,1.0
p10821,767.0,7,Low,189.0,2,8,2.0
p10822,999.3548387096774,31,High,61.5,32,37,34.0
p10823,888.952380952381,21,High,51.5,24,25,25.0
p10824,997.0,1,High,44.0,1,3,1.0
p10826,683.3,10,Low,158.0,2,9,2.0
p10827,958.6,15,High,100.0,14,20,17.0
p10828,908.9512195121952,41,High,56.0,23,22,24.0
p10829,883.5454545454545,11,High,49.0,13,20,14.0
p10831,979.3333333333334,3,High,49.0,1,2,1.0
p10832,772.4545454545455,11,Low,375.0,3,17,3.0
p10833,887.0,59,High,120.0,31,40,35.0
p10836,765.875,16,Low,59.0,18,21,19.0
p10837,999.7674418604652,43,High,83.0,10,29,14.0
p10838,819.0,4,Low,180.0,1,5,1.0
p1084,923.4285714285714,14,High,76.5,8,12,9.0
p10840,771.4736842105264,19,Low,282.0,1,25,3.0
p10841,977.6923076923077,13,High,142.0,10,9,10.0
p10843,897.7777777777778,9,High,60.0,11,19,
p10846,1000.0,1,High,66.0,1,3,1.0
p10847,981.6875,16,High,59.5,14,15,15.0
p10848,783.4871794871794,39,Low,199.0,5,42,7.0
p1085,718.6666666666666,12,Low,97.0,7,20,7.0
p10850,818.6,5,Low,51.0,7,11,8.0
p10851,973.0,1,High,21.0,2,1,2.0
p10853,719.0,1,Low,17.5,2,1,2.0
p10854,958.0,2,High,31.0,2,3,2.0
p10855,720.2131147540983,61,Low,48.0,51,43,53.0
p10856,643.0909090909091,22,Low,69.0,9,19,11.0
p10857,885.8032786885246,61,High,70.0,31,35,31.0
p10858,1000.0,1,High,64.0,1,3,1.0
p1086,1000.0,4,High,86.0,5,9,7.0
p10860,853.8333333333334,6,Low,40.0,11,8,12.0
p10861,838.917808219178,73,Low,99.0,45,41,45.0
p10863,997.5,2,High,127.0,1,1,1.0
p10864,809.0,12,Low,83.0,6,11,6.0
p10865,999.2452830188679,53,High,159.0,21,39,28.0
p10866,1000.0,1,High,84.0,1,3,1.0
p10867,998.5,2,High,39.5,6,2,6.0
p10868,895.4583333333334,24,High,71.0,17,29,19.0
p10869,835.0833333333334,12,Low,51.0,13,7,14.0
p1087,587.5,2,Low,134.0,1,4,1.0
p10870,692.0,6,Low,89.0,1,3,1.0
p10871,884.64,25,High,67.0,13,10,14.0
p10872,998.625,16,High,161.0,5,19,7.0
p10873,818.0,2,Low,29.5,2,3,2.0
p10874,681.0,1,Low,22.0,1,0,1.0
p10875,754.7692307692307,13,Low,115.0,5,20,5.0
p10876,993.0,1,High,5.5,2,1,2.0
p10877,905.8333333333334,6,High,55.0,6,6,8.0
p10878,298.55555555555554,9,Low,364.0,1,8,2.0
p1088,855.9397590361446,83,Low,98.5,32,42,34.0
p10881,792.0,15,Low,60.5,8,13,10.0
p10883,683.0,3,Low,186.0,1,2,1.0
p10885,973.1818181818181,44,High,82.0,16,37,19.0
p10886,889.8181818181819,11,High,53.0,10,15,12.0
p10887,824.025974025974,77,Low,114.5,20,64,34.0
p10888,848.25,4,Low,57.0,1,3,1.0
p1089,999.4736842105264,57,High,97.0,31,39,34.0
p10892,897.1153846153846,26,High,41.0,25,39,28.0
p10894,973.75,4,High,92.0,3,6,5.0
p10895,999.8666666666667,15,High,52.0,11,14,11.0
p10896,830.0,1,Low,141.0,5,7,7.0
p10897,977.0,10,High,159.0,6,14,7.0
p10898,770.4736842105264,19,Low,130.0,8,16,8.0
p10899,716.8636363636364,22,Low,94.0,7,9,8.0
p1090,701.1052631578947,19,Low,17.5,6,10,11.0
p10900,786.75,4,Low,44.0,1,2,1.0
p10901,802.8,10,Low,159.5,6,14,6.0
p10903,825.6666666666666,3,Low,102.0,1,4,1.0
p10904,918.1818181818181,11,High,88.0,3,7,3.0
p10905,1000.0,2,High,61.0,1,2,1.0
p10907,771.0,1,Low,32.0,1,1,1.0
p10908,999.3061224489796,49,High,65.5,24,45,34.0
p10909,749.2,5,Low,51.5,4,5,4.0
p1091,934.3513513513514,37,High,77.0,11,31,11.0
p10910,959.375,8,High,107.5,6,17,6.0
p10912,986.3461538461538,26,High,110.5,8,17,14.0
p10913,705.4666666666667,15,Low,85.0,4,8,4.0
p10914,918.1111111111111,9,High,12.0,25,55,49.0
p10915,790.0,5,Low,28.0,2,3,4.0
p10916,826.1764705882352,17,Low,81.0,7,13,7.0
p10917,651.0952380952381,21,Low,59.0,10,10,12.0
p10918,506.5,18,Low,6.0,34,31,40.0
p10919,813.8666666666667,15,Low,129.5,6,13,10.0
p1092,999.25,4,High,18.5,2,3,4.0
p10920,694.0731707317074,82,Low,132.0,16,41,18.0
p10921,998.8571428571429,14,High,67.0,6,2,13.0
p10922,961.0,1,High,101.5,2,2,2.0
p10923,722.6666666666666,9,Low,45.0,8,7,9.0
p10924,985.5,12,High,82.5,10,8,11.0
p10925,622.0,1,Low,37.0,1,2,1.0
p10927,759.0,3,Low,31.0,5,6,5.0
p10928,773.3333333333334,3,Low,37.5,12,23,14.0
p10929,905.3181818181819,22,High,121.0,15,38,15.0
p1093,995.64,25,High,135.0,10,7,13.0
p10930,964.8571428571429,7,High,53.0,9,10,10.0
p10931,773.6666666666666,3,Low,19.0,3,1,3.0
p10932,1000.0,1,High,45.0,1,1,1.0
p10936,824.3703703703703,27,Low,151.5,8,17,10.0
p10937,78.81818181818181,11,Low,12.0,15,6,18.0
p10938,626.4444444444445,9,Low,34.0,7,5,8.0
p1094,786.25,4,Low,29.0,2,2,3.0
p10940,808.1489361702128,47,Low,36.0,39,56,44.0
p10941,665.0,2,Low,16.0,5,2,6.0
p10942,927.5714285714286,14,High,99.0,7,16,7.0
p10943,999.2266666666667,75,High,36.0,55,46,70.0
p10945,677.4736842105264,57,Low,91.0,20,37,24.0
p10946,715.3684210526316,19,Low,142.0,9,17,13.0
p10949,715.9444444444445,36,Low,90.0,5,39,8.0
p1095,771.3636363636364,11,Low,44.0,14,18,16.0
p10950,886.15,60,High,78.5,42,50,48.0
p10951,952.3636363636364,11,High,121.5,6,14,6.0
p10952,726.1111111111111,9,Low,54.0,11,20,12.0
p10953,708.6666666666666,6,Low,68.0,5,48,7.0
p10954,992.0,2,High,9.5,4,4,4.0
p10956,886.5588235294117,34,High,141.0,11,31,13.0
p10957,696.0277777777778,72,Low,87.0,21,38,22.0
p10958,622.8,20,Low,112.0,3,12,5.0
p10959,829.939393939394,33,Low,91.5,8,22,11.0
p1096,868.2,10,High,14.0,15,9,19.0
p10961,749.0,4,Low,225.0,3,4,3.0
p10962,797.0869565217391,46,Low,60.0,50,47,53.0
p10963,792.0,4,Low,23.0,5,3,6.0
p10964,860.65,20,High,47.0,9,11,9.0
p10965,999.6666666666666,6,High,147.0,3,4,5.0
p10966,752.8205128205128,39,Low,105.0,10,31,11.0
p10967,763.6666666666666,18,Low,84.0,12,13,13.0
p10968,704.8139534883721,86,Low,49.0,41,44,43.0
p10969,849.5,2,Low,64.0,1,3,1.0
p1097,745.6551724137931,29,Low,172.0,11,38,13.0
p10971,594.0,1,Low,7.0,16,4,18.0
p10974,885.1,30,High,64.0,19,21,23.0
p10975,744.3958333333334,48,Low,68.0,31,42,34.0
p10976,826.0,1,Low,56.0,1,1,1.0
p10977,895.2,20,High,76.0,9,14,9.0
p10978,945.0,1,High,4.0,2,4,5.0
p10979,912.0,1,High,136.0,1,3,1.0
p1098,974.0,1,High,25.0,2,1,3.0
p10981,980.4705882352941,17,High,50.0,19,17,21.0
p10982,848.5,16,Low,48.0,7,12,9.0
p10983,703.4909090909091,55,Low,42.0,75,58,86.0
p10986,789.1666666666666,12,Low,107.0,7,21,7.0
p10987,627.8,5,Low,81.0,3,4,3.0
p1099,845.0588235294117,34,Low,155.0,11,38,14.0
p10990,974.375,16,High,49.0,11,7,13.0
p10991,994.0833333333334,12,High,155.5,4,10,4.0
p10992,642.4615384615385,13,Low,176.0,4,73,5.0
p10993,913.0,2,High,1.0,1,1,2.0
p10994,810.6666666666666,15,Low,25.0,9,22,9.0
p10995,970.2549019607843,51,High,86.0,39,23,47.0
p10996,410.0,1,Low,21.5,4,3,4.0
p10997,988.0,1,High,83.0,15,52,19.0
p10999,989.8666666666667,15,High,53.0,6,16,10.0
p110,704.0,4,Low,77.0,1,3,1.0
p1100,906.1538461538462,13,High,170.0,5,13,5.0
p11000,929.0,3,High,88.0,3,6,3.0
p11001,799.6666666666666,3,Low,13.0,5,4,7.0
p11002,788.0,4,Low,12.0,3,3,5.0
p11003,894.0,13,High,70.0,6,6,6.0
p11004,999.5333333333333,15,High,37.5,6,6,9.0
p11005,974.6666666666666,3,High,46.0,7,8,10.0
p11006,825.3333333333334,6,Low,33.0,7,9,8.0
p11008,674.0,6,Low,87.0,3,5,3.0
p11009,981.35,20,High,39.5,14,22,16.0
p1101,583.0,1,Low,30.0,1,3,3.0
p11012,722.0,1,Low,78.5,2,3,2.0
p11013,999.5,12,High,117.0,5,21,5.0
p11014,692.9230769230769,26,Low,124.0,9,113,10.0
p11015,926.8823529411765,34,High,65.0,16,30,16.0
p11016,822.0,8,Low,458.0,1,13,2.0
p11018,971.7592592592592,54,High,102.0,29,42,31.0
p11022,856.0,1,Low,21.0,1,1,1.0
p11024,784.75,8,Low,376.0,2,12,2.0
p11027,988.5,2,High,26.0,4,3,4.0
p11028,763.8571428571429,28,Low,30.5,20,14,21.0
p11030,997.6666666666666,3,High,159.0,1,3,1.0
p11031,746.6153846153846,13,Low,37.0,15,16,16.0
p11033,980.5294117647059,17,High,50.5,40,31,45.0
p11034,999.35,80,High,54.5,30,48,32.0
p11035,998.0,2,High,195.0,2,6,2.0
p11036,715.53125,32,Low,80.0,24,39,26.0
p11037,794.5,2,Low,50.0,2,3,2.0
p11038,897.1111111111111,9,High,79.0,5,9,5.0
p11039,854.0,1,Low,26.5,2,1,2.0
p1104,984.4,25,High,102.5,8,31,23.0
p11040,781.0,1,Low,42.0,1,1,1.0
p11041,988.025,40,High,200.0,13,35,14.0
p11042,933.6153846153846,13,High,91.0,8,27,9.0
p11043,343.0,1,Low,36.0,1,2,1.0
p11044,839.0571428571428,35,Low,96.0,29,39,32.0
p11045,775.375,8,Low,82.0,8,19,8.0
p11046,773.0,2,Low,66.0,2,4,2.0
p11048,953.9090909090909,11,High,36.0,18,19,19.0
p11049,824.16,25,Low,110.0,9,20,9.0
p1105,747.0,1,Low,81.0,1,3,1.0
p11050,926.5384615384615,13,High,125.0,5,7,7.0
p11051,840.0,3,Low,67.5,4,6,4.0
p11052,997.0,1,High,7.0,6,1,6.0
p11053,749.4,15,Low,49.0,15,23,16.0
p11054,871.0909090909091,33,High,43.0,22,13,22.0
p11055,757.25,4,Low,23.0,5,3,5.0
p11056,664.5,12,Low,60.0,19,21,21.0
p11058,993.5,6,High,33.0,8,4,9.0
p11059,999.44,25,High,112.0,18,40,23.0
p1106,718.25,4,Low,20.5,12,6,13.0
p11062,822.0526315789474,19,Low,43.0,12,21,12.0
p11063,833.0,1,Low,36.0,1,1,1.0
p11064,932.5,4,High,38.0,2,3,2.0
p11065,740.3333333333334,3,Low,52.5,2,3,3.0
p11066,1000.0,2,High,92.0,1,3,1.0
p11068,922.8,5,High,69.5,6,24,11.0
p11069,999.2222222222222,63,High,235.0,10,42,19.0
p1107,973.6551724137931,29,High,184.0,10,37,11.0
p11070,790.0,1,Low,13.0,3,2,7.0
p11071,945.6666666666666,3,High,63.0,1,3,2.0
p11072,567.8333333333334,6,Low,67.0,3,4,5.0
p11073,999.2,5,High,102.0,1,2,1.0
p11074,806.3333333333334,3,Low,21.0,1,4,2.0
p11075,960.0,1,High,39.0,1,1,1.0
p11077,826.8,35,Low,210.0,6,25,12.0
p11078,819.0,3,Low,75.0,3,2,3.0
p11080,698.0,1,Low,59.0,1,3,1.0
p11081,997.875,8,High,93.5,6,16,6.0
p11082,832.8265306122449,98,Low,108.0,29,48,32.0
p11083,1000.0,22,High,82.0,9,10,9.0
p11084,986.7,10,High,65.0,7,6,12.0
p11085,992.438596491228,57,High,116.5,16,40,16.0
p11086,818.5625,48,Low,84.0,37,39,37.0
p11087,816.2941176470588,17,Low,114.0,8,20,11.0
p11088,952.1666666666666,12,High,149.0,7,24,8.0
p11089,945.4,10,High,151.0,6,14,6.0
p1109,958.85,40,High,68.5,26,61,28.0
p11091,650.0,3,Low,99.0,8,7,10.0
p11092,765.3846153846154,13,Low,28.5,10,13,11.0
p11093,632.3846153846154,13,Low,145.0,2,8,3.0
p11094,836.8666666666667,90,Low,65.0,37,47,39.0
p11095,983.625,16,High,29.5,16,13,18.0
p11096,868.0,1,High,57.0,1,1,1.0
p11097,826.0,1,Low,50.0,1,2,1.0
p11098,1000.0,2,High,76.0,1,3,1.0
p11099,993.0,1,High,54.0,2,3,2.0
p1110,941.1176470588235,51,High,100.5,20,36,24.0
p11100,616.0,15,Low,260.0,3,21,3.0
p11101,656.0,3,Low,29.0,3,3,4.0
p11102,790.1,10,Low,187.0,4,11,4.0
p11104,1000.0,4,High,75.0,3,5,3.0
p11105,783.6,5,Low,59.0,5,7,5.0
p11106,624.4166666666666,12,Low,75.0,7,11,7.0
p11108,996.75,20,High,174.0,11,23,12.0
p11109,813.1428571428571,7,Low,36.0,12,21,12.0
p11110,920.3947368421053,38,High,131.0,17,40,19.0
p11111,998.8,15,High,73.0,5,7,5.0
p11112,922.0,3,High,91.0,2,3,2.0
p11113,895.0,2,High,47.0,1,3,1.0
p11114,875.75,8,High,53.0,5,4,7.0
p11115,896.8,5,High,72.0,5,7,6.0
p11116,998.0,7,High,278.5,4,24,5.0
p11117,796.4565217391304,46,Low,73.5,36,49,39.0
p11118,906.6,10,High,75.0,7,15,7.0
p11119,773.2,50,Low,53.0,41,36,42.0
p1112,913.6842105263158,95,High,37.0,52,42,56.0
p11121,883.6376811594203,69,High,57.0,24,39,28.0
p11122,988.0,1,High,46.0,1,1,3.0
p11123,650.0,2,Low,78.5,2,5,2.0
p11125,925.0,6,High,27.0,6,7,6.0
p11126,932.9024390243902,41,High,68.5,24,37,25.0
p11127,800.2272727272727,22,Low,187.5,8,37,18.0
p11128,786.5333333333333,15,Low,83.5,8,14,8.0
p1113,918.6666666666666,3,High,52.5,4,4,4.0
p11132,999.2727272727273,22,High,72.0,20,20,20.0
p11134,696.0,7,Low,112.0,5,12,5.0
p11135,929.5142857142857,35,High,71.5,22,30,24.0
p11138,932.25,4,High,64.0,5,7,6.0
p1114,697.4691358024692,81,Low,69.5,26,43,28.0
p11140,719.0,3,Low,70.0,1,0,1.0
p11142,883.6666666666666,6,High,121.0,4,7,4.0
p11143,1000.0,1,High,44.0,1,1,1.0
p11144,996.0,1,High,25.0,1,1,1.0
p11146,720.75,4,Low,23.0,40,19,46.0
p11147,803.9,10,Low,39.0,9,8,9.0
p11150,900.0,5,High,44.0,3,3,3.0
p11151,618.8510638297872,47,Low,98.0,15,33,18.0
p11152,638.0,1,Low,32.5,2,3,2.0
p11154,956.2857142857143,7,High,112.0,2,4,2.0
p11155,894.6,10,High,277.0,1,15,3.0
p11156,705.5438596491229,57,Low,43.5,44,38,63.0
p11157,764.6666666666666,3,Low,66.5,2,4,2.0
p11158,988.1304347826087,23,High,52.5,18,23,19.0
p11159,943.9615384615385,26,High,88.5,22,29,24.0
p1116,868.8,15,High,94.0,8,21,8.0
p11160,799.0,2,Low,24.0,1,2,2.0
p11161,600.5,6,Low,168.0,4,9,4.0
p11162,672.4,5,Low,44.0,4,4,4.0
p11164,880.3,10,High,83.0,7,18,7.0
p11165,789.0,3,Low,33.0,4,4,5.0
p11166,848.0,2,Low,50.0,1,2,1.0
p11168,934.8636363636364,22,High,101.5,4,13,5.0
p11172,762.0,4,Low,24.0,7,4,7.0
p11174,997.9230769230769,13,High,281.0,5,30,5.0
p11176,933.625,8,High,39.5,4,6,4.0
p11177,751.5714285714286,7,Low,18.0,23,8,26.0
p11178,864.0,1,High,72.0,1,1,1.0
p1118,840.8,15,Low,54.0,14,22,14.0
p11180,767.0,1,Low,71.0,1,3,1.0
p11181,732.5,12,Low,128.0,7,11,7.0
p11184,556.0,2,Low,45.0,1,3,2.0
p11185,997.0,1,High,16.0,1,1,1.0
p11186,976.3728813559322,59,High,67.0,61,72,64.0
p11187,895.8,30,High,168.0,17,39,20.0
p11189,399.5,2,Low,58.0,1,1,1.0
p1119,630.0,1,Low,71.0,1,1,1.0
p11190,842.0,1,Low,124.0,7,31,12.0
p11191,992.5689655172414,58,High,117.0,31,44,36.0
p11192,1000.0,1,High,42.0,1,1,1.0
p11193,853.0,1,Low,71.0,1,4,1.0
p11194,951.1153846153846,26,High,55.0,21,39,27.0
p11195,992.8947368421053,57,High,87.0,21,29,22.0
p11197,782.013698630137,73,Low,103.0,23,31,26.0
p11198,730.6451612903226,31,Low,98.0,23,38,25.0
p11199,787.8,10,Low,84.0,9,22,12.0
p112,928.08,25,High,26.0,24,15,27.0
p1120,739.0,1,Low,70.5,2,1,2.0
p11201,678.6,10,Low,99.0,7,13,7.0
p11205,708.5,2,Low,58.0,9,19,13.0
p11206,858.0,8,High,31.0,9,5,10.0
p11209,998.875,8,High,28.0,3,54,6.0
p1121,796.5,8,Low,110.0,1,6,5.0
p11210,689.0,1,Low,18.0,3,3,3.0
p11211,980.5,2,High,55.0,3,6,3.0
p11212,809.0,3,Low,133.0,1,1,1.0
p11214,841.25,4,Low,136.0,5,8,5.0
p11216,716.1176470588235,17,Low,33.0,33,40,35.0
p11217,869.7,10,High,37.0,15,13,
p11218,979.8181818181819,11,High,81.0,7,16,7.0
p11219,583.85,20,Low,70.5,22,52,24.0
p1122,795.8181818181819,11,Low,154.0,7,10,8.0
p11220,688.92,25,Low,33.0,25,26,26.0
p11222,845.047619047619,42,Low,74.0,23,38,24.0
p11223,889.0,12,High,20.0,19,46,37.0
p11224,739.3166666666667,120,Low,86.0,62,44,71.0
p11225,678.8,5,Low,48.0,2,4,2.0
p11226,966.1,20,High,115.0,7,21,8.0
p11228,917.5,20,High,79.0,7,18,8.0
p11229,770.4444444444445,9,Low,73.0,3,4,3.0
p11231,822.04,25,Low,76.5,8,21,8.0
p11233,992.6428571428571,14,High,72.0,15,21,16.0
p11235,981.0,1,High,31.0,1,1,1.0
p11236,784.4782608695652,23,Low,39.0,9,22,9.0
p11237,729.0,3,Low,99.0,1,4,1.0
p11239,737.5555555555555,9,Low,22.5,30,6,36.0
p1124,901.3333333333334,3,High,78.5,2,4,2.0
p11240,998.1666666666666,6,High,237.0,1,4,1.0
p11242,926.6,5,High,34.0,8,6,8.0
p11243,871.7222222222222,18,High,187.5,4,12,4.0
p11244,673.95,20,Low,84.5,8,25,8.0
p11246,753.4426229508197,61,Low,47.0,58,43,64.0
p11247,875.0,1,High,36.0,2,3,2.0
p11248,888.7857142857143,14,High,95.0,7,21,7.0
p11249,1000.0,1,High,78.0,1,3,1.0
p1125,907.7,10,High,205.5,4,19,4.0
p11250,468.1458333333333,48,Low,31.0,59,50,59.0
p11252,993.3125,16,High,88.0,7,18,8.0
p11253,572.3636363636364,11,Low,52.0,9,8,11.0
p11254,848.4545454545455,11,Low,12.0,1,9,6.0
p11255,889.8,5,High,77.0,29,61,33.0
p11256,871.7142857142857,7,High,51.0,3,7,3.0
p11257,824.0,11,Low,231.0,4,21,5.0
p11258,895.8,5,High,70.0,5,6,5.0
p11259,723.6285714285714,35,Low,88.5,28,57,29.0
p11260,785.1081081081081,37,Low,65.0,12,26,13.0
p11262,1000.0,17,High,98.5,8,20,10.0
p11263,858.8571428571429,28,High,105.0,8,18,8.0
p11264,998.0,1,High,58.0,1,2,1.0
p11265,1000.0,6,High,24.0,19,14,23.0
p11266,835.8888888888889,18,Low,35.5,22,22,25.0
p11268,934.0,3,High,116.0,2,6,2.0
p11269,778.0,4,Low,92.0,1,4,1.0
p1127,954.2307692307693,13,High,68.0,5,5,5.0
p11270,899.5,2,High,61.0,1,2,1.0
p11271,965.2307692307693,13,High,177.0,1,11,2.0
p11272,987.8571428571429,14,High,121.0,9,21,10.0
p11273,971.0,14,High,35.0,6,8,6.0
p11275,851.0,18,Low,63.0,9,9,10.0
p11277,641.6,5,Low,322.0,1,3,1.0
p11278,647.2666666666667,15,Low,65.0,11,11,18.0
p11279,632.75,4,Low,68.5,6,6,8.0
p1128,756.1515151515151,66,Low,93.5,24,38,24.0
p11280,967.5,6,High,94.5,6,13,6.0
p11281,906.0,1,High,477.0,1,0,1.0
p11283,765.828125,64,Low,127.5,16,51,17.0
p11285,963.1052631578947,19,High,42.0,10,28,12.0
p11286,636.5,4,Low,28.0,4,3,4.0
p11287,713.2777777777778,18,Low,108.0,14,39,14.0
p11288,855.1428571428571,7,Low,137.0,5,12,6.0
p11289,994.7272727272727,11,High,76.5,8,9,9.0
p1129,801.6666666666666,9,Low,118.0,6,14,10.0
p11290,748.34375,32,Low,69.5,24,38,25.0
p11291,831.5833333333334,12,Low,61.5,8,19,9.0
p11292,1000.0,6,High,242.0,1,4,1.0
p11293,997.6444444444444,45,High,95.0,28,25,28.0
p11294,873.1666666666666,6,High,27.5,8,6,13.0
p11296,1000.0,1,High,10.0,1,1,2.0
p11298,908.2857142857143,7,High,33.5,10,27,10.0
p11299,282.15,20,Low,123.0,5,34,12.0
p113,695.7777777777778,9,Low,101.0,24,38,26.0
p11301,766.5,2,Low,46.0,1,2,1.0
p11303,976.4782608695652,23,High,112.0,7,13,7.0
p11305,988.0,8,High,93.5,10,6,10.0
p11306,670.0,5,Low,195.5,2,7,2.0
p11307,781.6,10,Low,58.5,10,22,14.0
p11308,974.081081081081,37,High,140.5,12,45,19.0
p11309,990.9090909090909,11,High,74.0,8,18,8.0
p1131,680.0,2,Low,30.0,1,1,1.0
p11310,675.0405405405405,74,Low,51.5,54,38,55.0
p11311,970.9285714285714,14,High,281.0,5,19,5.0
p11313,1000.0,2,High,27.0,1,2,1.0
p11314,784.125,8,Low,51.5,12,22,12.0
p11315,646.2222222222222,18,Low,33.0,12,21,14.0
p11316,637.5,14,Low,130.0,6,20,9.0
p1132,926.8,5,High,88.5,2,5,2.0
p1133,868.9166666666666,24,High,73.0,5,17,6.0
p1134,925.0,2,High,69.0,1,38,3.0
p1135,877.8285714285714,35,High,55.5,18,29,20.0
p1136,645.0,1,Low,53.0,1,2,2.0
p1137,848.0,1,Low,36.0,2,4,2.0
p1139,884.6590909090909,44,High,222.0,23,38,25.0
p1140,688.375,8,Low,173.0,3,2,4.0
p1141,945.4285714285714,105,High,141.0,39,41,43.0
p1145,840.7272727272727,11,Low,110.0,7,13,8.0
p1147,793.5,2,Low,49.0,1,2,1.0
p1148,795.0,4,Low,46.5,4,6,4.0
p1149,723.8142857142857,70,Low,78.0,31,52,34.0
p115,849.9,10,Low,102.0,5,16,7.0
p1150,793.5,2,Low,55.0,2,3,2.0
p1151,826.5,8,Low,169.0,3,9,4.0
p1153,946.0,5,High,27.0,7,4,7.0
p1154,861.3666666666667,60,High,42.5,64,43,80.0
p1156,882.390625,64,High,77.0,25,42,26.0
p1159,978.5454545454545,11,High,33.0,15,10,15.0
p116,945.5,2,High,143.0,1,4,1.0
p1160,967.5,24,High,148.0,8,27,8.0
p1162,966.804347826087,46,High,66.0,29,69,40.0
p1163,1000.0,10,High,60.5,4,14,5.0
p1165,835.6144578313254,83,Low,71.0,44,40,45.0
p1167,959.2142857142857,14,High,58.0,19,24,20.0
p1168,795.0,2,Low,13.0,3,3,4.0
p1169,882.2777777777778,54,High,134.5,28,39,33.0
p117,983.25,8,High,5.0,11,15,31.0
p1170,980.0,1,High,72.0,2,1,
p1171,957.0,1,High,23.0,1,1,1.0
p1172,205.6231884057971,69,Low,107.0,21,40,33.0
p1173,952.6,15,High,61.0,11,21,12.0
p1174,954.3333333333334,9,High,87.0,6,14,7.0
p1178,960.175,80,High,99.0,18,40,23.0
p1179,916.5,12,High,146.0,3,7,5.0
p1181,1000.0,11,High,74.5,10,22,10.0
p1182,689.0909090909091,33,Low,71.0,12,19,14.0
p1183,571.6666666666666,3,Low,47.5,2,3,2.0
p1184,1000.0,1,High,59.0,2,3,
p1185,938.4166666666666,12,High,69.0,11,10,13.0
p1186,985.7241379310345,29,High,59.0,11,56,14.0
p1187,940.8076923076923,26,High,96.0,17,27,18.0
p1188,985.5555555555555,27,High,96.0,18,40,20.0
p1189,710.5,2,Low,40.0,1,2,1.0
p119,994.0,2,High,43.0,3,3,3.0
p1191,996.7272727272727,11,High,17.0,15,38,33.0
p1192,885.8571428571429,7,High,28.0,12,13,12.0
p1193,1000.0,2,High,31.0,1,1,1.0
p1194,381.72,25,Low,132.0,8,30,8.0
p1195,792.75,4,Low,53.0,3,3,3.0
p1196,795.0,11,Low,96.5,8,13,8.0
p1197,546.0,2,Low,37.0,1,1,3.0
p1198,634.6363636363636,22,Low,85.0,9,15,11.0
p12,596.8888888888889,9,Low,102.0,9,13,9.0
p120,651.0,2,Low,45.0,1,2,1.0
p1202,925.0,1,High,49.0,2,1,2.0
p1203,701.7974683544304,79,Low,103.0,23,39,25.0
p1204,946.3333333333334,9,High,52.0,7,18,7.0
p1206,877.0,11,High,35.5,10,6,11.0
p1207,973.0,12,High,45.0,5,6,5.0
p1208,866.7142857142857,7,High,45.5,4,7,7.0
p1209,783.2,15,Low,118.0,10,26,11.0
p121,989.0,4,High,31.0,6,7,6.0
p1210,733.8571428571429,7,Low,58.5,4,3,4.0
p1212,998.5714285714286,7,High,86.0,7,14,7.0
p1213,921.9629629629629,27,High,82.0,16,25,16.0
p1215,679.4285714285714,7,Low,32.5,4,3,4.0
p1216,696.8,15,Low,34.0,33,38,36.0
p1217,998.6153846153846,13,High,50.0,7,9,7.0
p1218,992.0,2,High,27.0,6,9,6.0
p1221,895.3,20,High,73.5,10,30,10.0
p1222,723.6,5,Low,22.0,8,3,9.0
p1223,775.75,4,Low,25.0,3,3,3.0
p1224,997.4705882352941,17,High,120.0,5,20,5.0
p1225,640.9629629629629,27,Low,39.0,39,37,40.0
p1227,918.9183673469388,49,High,84.0,43,38,44.0
p1230,838.5,2,Low,98.5,2,4,2.0
p1231,922.7647058823529,17,High,49.0,43,30,45.0
p1234,999.25,4,High,110.0,1,3,1.0
p1235,941.7114427860696,201,High,68.0,74,94,91.0
p1236,616.0,6,Low,52.0,3,3,3.0
p1237,860.0,2,High,47.0,1,2,1.0
p1238,863.3125,16,High,60.0,7,8,10.0
p1239,790.5,2,Low,62.0,1,3,1.0
p124,1000.0,2,High,19.0,5,4,5.0
p1240,990.5,16,High,55.0,19,27,20.0
p1241,964.4193548387096,62,High,67.0,35,54,40.0
p1242,655.6666666666666,12,Low,114.0,3,21,5.0
p1243,625.0,1,Low,85.0,1,1,1.0
p1244,877.3846153846154,26,High,77.0,16,17,22.0
p1246,797.0,8,Low,61.0,6,7,7.0
p1247,838.25,8,Low,53.0,13,14,14.0
p1248,1000.0,12,High,137.0,5,15,9.0
p1249,915.5,4,High,93.0,1,3,1.0
p125,861.9411764705883,17,High,153.0,6,38,6.0
p1251,692.5,20,Low,57.5,12,12,23.0
p1252,1000.0,2,High,56.5,2,4,3.0
p1253,957.7,10,High,63.0,5,9,7.0
p1257,735.3333333333334,3,Low,40.0,5,6,5.0
p1258,630.5,2,Low,27.0,16,11,17.0
p126,502.125,8,Low,69.0,5,27,5.0
p1260,905.5,2,High,35.0,6,4,6.0
p1261,575.5,4,Low,7.0,3,18,3.0
p1263,927.3333333333334,3,High,23.0,13,10,16.0
p1265,995.6666666666666,3,High,103.0,1,1,1.0
p1267,939.25,8,High,59.5,4,86,16.0
p1268,709.6666666666666,6,Low,107.0,6,17,6.0
p1270,900.9230769230769,13,High,100.0,11,13,11.0
p1272,824.8,5,Low,449.0,1,4,1.0
p1273,917.0,1,High,92.0,1,2,1.0
p1276,936.3333333333334,3,High,157.0,2,6,4.0
p1277,1000.0,1,High,28.0,1,1,1.0
p1279,627.0,1,Low,9.0,3,1,3.0
p1280,977.0,8,High,150.5,2,6,5.0
p1281,796.0,55,Low,184.0,24,41,25.0
p1282,729.1875,16,Low,169.0,19,37,19.0
p1283,806.0,11,Low,1.0,3,9,5.0
p1284,671.0,2,Low,1.0,1,2,3.0
p1285,916.7058823529412,17,High,102.0,7,9,7.0
p1286,700.5,4,Low,38.5,4,4,4.0
p1287,940.0333333333333,30,High,86.0,13,24,14.0
p1288,658.4615384615385,13,Low,199.0,3,19,8.0
p129,935.6585365853658,41,High,68.0,35,30,46.0
p1290,672.0,12,Low,121.5,6,15,6.0
p1293,754.4666666666667,15,Low,56.0,7,10,7.0
p1294,998.0,3,High,46.0,4,7,4.0
p1297,923.0,2,High,126.0,1,2,1.0
p13,728.6,5,Low,110.5,4,6,4.0
p130,971.8571428571429,7,High,62.0,3,5,3.0
p1300,772.0,9,Low,188.0,6,10,7.0
p1302,810.4285714285714,7,Low,66.0,8,10,9.0
p1303,964.5,2,High,81.0,1,3,2.0
p1304,998.5588235294117,34,High,157.5,6,38,9.0
p1307,694.8,10,Low,36.0,9,6,9.0
p1308,726.1666666666666,6,Low,92.5,20,44,23.0
p1310,792.3333333333334,6,Low,179.0,1,4,1.0
p1311,358.0,1,Low,33.0,1,1,1.0
p1312,964.5666666666667,30,High,158.0,7,23,8.0
p1313,936.2,5,High,26.5,6,5,6.0
p1314,495.4761904761905,21,Low,45.0,19,31,22.0
p1315,643.5714285714286,21,Low,65.5,28,38,34.0
p1317,916.0,2,High,202.0,1,4,1.0
p1319,973.6,5,High,28.0,5,4,5.0
p132,780.2,10,Low,88.0,8,22,8.0
p1321,961.0,3,High,65.0,3,6,3.0
p1322,748.0,33,Low,124.0,7,21,7.0
p1323,879.5,2,High,27.5,2,3,3.0
p1324,952.6666666666666,3,High,24.5,2,1,2.0
p1325,879.6315789473684,19,High,118.0,13,10,13.0
p1326,983.25,4,High,27.0,4,3,4.0
p1327,725.0,2,Low,74.0,3,4,3.0
p1328,774.7142857142857,7,Low,145.0,6,20,6.0
p1329,849.5,8,Low,89.0,3,6,3.0
p133,835.6666666666666,3,Low,345.0,1,33,1.0
p1330,870.1764705882352,68,High,86.5,20,23,20.0
p1331,812.7058823529412,17,Low,134.0,5,19,5.0
p1332,807.6888888888889,45,Low,79.0,25,40,25.0
p1333,791.9090909090909,11,Low,46.5,18,18,18.0
p1334,722.6764705882352,34,Low,41.0,37,46,41.0
p1335,660.08,25,Low,212.0,17,38,21.0
p1336,399.0,1,Low,102.0,1,3,1.0
p1337,872.625,8,High,171.0,3,11,3.0
p1338,676.25,4,Low,50.0,1,1,1.0
p1339,784.7,10,Low,77.5,8,11,9.0
p134,999.875,8,High,185.0,5,9,6.0
p1340,890.6,20,High,75.5,16,25,19.0
p1341,756.6206896551724,29,Low,194.0,4,40,7.0
p1343,994.6666666666666,3,High,77.0,2,4,3.0
p1344,1000.0,1,High,164.0,1,4,1.0
p1345,909.375,24,High,94.5,28,43,29.0
p1346,999.6739130434783,46,High,112.0,7,44,12.0
p1347,984.4347826086956,23,High,74.0,15,27,19.0
p1348,999.8181818181819,11,High,121.0,5,14,5.0
p1350,701.3846153846154,13,Low,75.0,7,9,7.0
p1351,722.9444444444445,18,Low,100.0,8,14,10.0
p1353,863.2941176470588,51,High,125.0,13,38,16.0
p1355,798.0,1,Low,16.5,2,1,2.0
p1356,959.0,2,High,82.5,2,3,2.0
p1357,879.4444444444445,9,High,87.5,6,15,7.0
p1358,712.7142857142857,7,Low,25.0,7,12,8.0
p1359,1000.0,1,High,163.0,6,20,13.0
p136,856.8,25,Low,49.0,39,43,41.0
p1361,998.0,3,High,69.0,1,4,1.0
p1362,984.0833333333334,12,High,342.5,2,12,2.0
p1363,988.0,2,High,32.0,2,2,2.0
p1364,772.5,2,Low,31.0,1,0,1.0
p1367,867.56,75,High,306.0,9,46,12.0
p1368,701.8571428571429,7,Low,127.5,2,7,5.0
p1369,573.3571428571429,14,Low,75.0,5,13,6.0
p137,747.5555555555555,9,Low,129.0,5,22,5.0
p1370,721.0,2,Low,30.0,3,3,3.0
p1371,551.5,38,Low,70.5,28,53,29.0
p1372,965.5,2,High,42.0,3,3,3.0
p1373,727.4,5,Low,68.0,2,5,2.0
p1374,980.8181818181819,11,High,86.0,9,18,9.0
p1376,729.0,1,Low,141.0,1,4,1.0
p1378,873.1363636363636,22,High,56.0,19,24,48.0
p1379,996.0,1,High,30.0,1,1,2.0
p1381,998.1666666666666,6,High,66.5,8,5,8.0
p1382,764.3,10,Low,64.5,12,10,12.0
p1383,711.0,9,Low,73.0,11,11,11.0
p1384,819.65,20,Low,86.0,11,24,13.0
p1385,858.3333333333334,3,High,273.5,2,7,2.0
p1386,444.5238095238095,21,Low,116.5,6,65,9.0
p1387,807.0,4,Low,45.0,2,4,2.0
p1388,807.0434782608696,23,Low,168.0,7,22,7.0
p1389,772.0588235294117,17,Low,260.0,3,17,3.0
p1390,996.4,15,High,85.0,9,21,12.0
p1391,881.8181818181819,11,High,99.5,8,14,8.0
p1392,853.8,15,Low,33.0,23,10,24.0
p1394,857.9354838709677,124,High,73.0,75,106,88.0
p1395,1000.0,3,High,46.5,2,4,2.0
p1396,980.5,6,High,30.5,18,13,27.0
p1397,920.2564102564103,39,High,88.0,28,37,33.0
p1398,969.3157894736842,19,High,50.0,19,24,24.0
p1399,806.875,8,Low,125.5,4,12,6.0
p140,560.6666666666666,3,Low,25.0,2,1,3.0
p1401,865.0,1,High,86.0,1,3,1.0
p1403,894.8461538461538,13,High,116.5,8,16,9.0
p1404,902.6410256410256,39,High,117.0,18,30,18.0
p1406,699.0,1,Low,14.5,2,1,2.0
p1407,984.2,15,High,40.0,12,18,19.0
p1408,1000.0,9,High,53.5,10,22,12.0
p1409,801.5555555555555,9,Low,70.5,4,5,5.0
p141,924.6666666666666,12,High,73.0,9,13,9.0
p1410,853.0,2,Low,41.5,2,3,2.0
p1411,870.0,1,High,12.5,6,2,10.0
p1412,926.9130434782609,23,High,87.5,8,22,8.0
p1414,824.0,20,Low,73.0,9,19,11.0
p1415,794.6666666666666,12,Low,212.0,2,11,2.0
p1417,730.9230769230769,13,Low,73.0,8,22,8.0
p1418,968.0,1,High,31.5,2,4,3.0
p1419,719.448275862069,29,Low,23.5,20,38,44.0
p142,999.304347826087,23,High,98.5,6,18,28.0
p1420,789.921052631579,38,Low,140.0,7,26,8.0
p1422,923.0,8,High,33.0,17,31,17.0
p1423,636.4166666666666,12,Low,44.5,34,37,36.0
p1424,735.5,4,Low,189.5,2,4,2.0
p1425,750.0454545454545,44,Low,48.5,30,52,42.0
p1427,706.7567567567568,37,Low,62.5,28,30,30.0
p1429,1000.0,7,High,50.0,7,11,9.0
p143,613.0,1,Low,10.0,5,3,5.0
p1430,736.2,10,Low,271.0,1,7,2.0
p1431,787.0,13,Low,123.0,5,14,5.0
p1432,871.3658536585366,41,High,79.0,18,37,19.0
p1434,826.9318181818181,44,Low,42.0,44,34,48.0
p1436,899.7407407407408,27,High,353.0,3,11,4.0
p1438,945.6071428571429,56,High,154.0,13,53,17.0
p1439,845.1428571428571,14,Low,74.0,7,16,8.0
p144,482.8333333333333,6,Low,52.0,4,7,4.0
p1440,922.3333333333334,3,High,12.0,3,3,3.0
p1442,478.0,1,Low,76.0,2,4,2.0
p1443,618.3333333333334,18,Low,31.5,18,13,18.0
p1444,908.0,1,High,62.0,2,3,3.0
p1447,813.3333333333334,3,Low,39.5,2,3,2.0
p1449,941.044776119403,67,High,47.0,57,39,70.0
p1450,837.3333333333334,9,Low,39.5,12,11,13.0
p1451,811.741935483871,31,Low,107.0,14,25,15.0
p1453,788.6666666666666,3,Low,32.0,3,4,5.0
p1454,988.8846153846154,26,High,97.0,32,39,35.0
p1455,999.25,56,High,20.0,7,38,13.0
p1456,845.0,1,Low,71.5,2,3,2.0
p1458,999.3333333333334,3,High,92.0,3,4,4.0
p146,942.0,1,High,106.0,1,4,1.0
p1460,999.8666666666667,15,High,97.5,6,10,7.0
p1461,995.6666666666666,9,High,35.0,5,38,5.0
p1462,993.5,14,High,209.0,7,29,9.0
p1464,935.6724137931035,58,High,211.5,14,38,16.0
p1465,689.5,2,Low,86.5,2,6,2.0
p1466,772.0588235294117,17,Low,76.0,9,19,10.0
p1468,900.2352941176471,17,High,30.0,37,23,41.0
p1469,801.2857142857143,7,Low,87.0,8,20,8.0
p147,805.0909090909091,22,Low,57.5,8,15,8.0
p1470,742.0,1,Low,17.5,2,1,2.0
p1472,575.4444444444445,9,Low,51.0,5,7,5.0
p1473,999.8,45,High,82.0,21,47,22.0
p1476,737.5,40,Low,86.5,16,38,17.0
p1477,980.6666666666666,6,High,126.0,4,8,4.0
p1478,693.2,10,Low,121.0,4,9,4.0
p1479,852.8,5,Low,223.0,1,5,1.0
p148,1000.0,1,High,71.0,1,3,3.0
p1481,1000.0,8,High,158.0,5,18,6.0
p1482,723.75,4,Low,78.5,2,11,2.0
p1483,687.3571428571429,14,Low,78.0,6,10,8.0
p1484,865.051724137931,58,High,92.0,27,48,27.0
p1485,997.0,1,High,21.0,1,1,1.0
p1486,514.0526315789474,19,Low,221.0,3,15,3.0
p149,669.1752577319587,97,Low,31.0,105,99,109.0
p1490,966.8571428571429,7,High,17.0,3,4,3.0
p1491,783.4,15,Low,48.0,15,18,17.0
p1493,530.4183673469388,98,Low,30.0,92,55,93.0
p1494,998.0,2,High,48.5,2,4,2.0
p1496,812.0,4,Low,48.0,3,4,6.0
p1498,867.4,15,High,80.5,14,12,16.0
p150,997.0,1,High,11.0,1,1,1.0
p1501,748.1063829787234,47,Low,74.0,25,37,25.0
p1502,998.0,1,High,35.0,2,3,3.0
p1504,815.6,5,Low,97.0,7,13,8.0
p1505,889.952380952381,21,High,215.0,3,15,4.0
p1506,795.3684210526316,19,Low,36.0,25,20,26.0
p1507,822.1428571428571,14,Low,103.0,7,18,7.0
p1508,999.560975609756,41,High,61.5,26,31,27.0
p1509,995.7702702702703,74,High,126.5,24,45,31.0
p151,837.56,25,Low,123.0,6,14,6.0
p1510,721.6031746031746,63,Low,97.0,17,33,17.0
p1511,569.0,1,Low,69.0,1,1,1.0
p1512,983.8181818181819,11,High,88.0,7,11,8.0
p1513,833.25,4,Low,50.5,2,2,2.0
p1514,779.25,4,Low,34.0,6,42,7.0
p1515,667.0,2,Low,46.0,3,3,3.0
p1518,800.6610169491526,59,Low,52.0,41,43,43.0
p1519,644.0,4,Low,268.0,1,5,1.0
p152,839.8181818181819,11,Low,29.0,8,6,8.0
p1521,1000.0,2,High,92.0,2,46,2.0
p1523,555.0,2,Low,55.0,1,2,2.0
p1524,987.0285714285715,35,High,72.0,45,38,48.0
p1525,931.4444444444445,9,High,67.0,10,14,10.0
p1526,940.0862068965517,58,High,68.5,40,39,41.0
p1527,942.4,5,High,49.5,2,1,2.0
p1529,1000.0,1,High,20.5,2,1,2.0
p153,998.5454545454545,11,High,290.0,3,11,3.0
p1531,632.25,4,Low,51.0,3,5,4.0
p1533,997.125,16,High,64.5,12,23,14.0
p1534,691.3333333333334,3,Low,81.0,1,4,1.0
p1535,686.8695652173913,23,Low,93.0,7,8,7.0
p1536,962.4,5,High,29.0,5,3,8.0
p1537,760.8,30,Low,94.0,18,26,18.0
p1538,722.8,50,Low,71.5,22,39,27.0
p1539,649.0,1,Low,54.5,2,1,2.0
p154,656.2857142857143,7,Low,42.0,12,19,12.0
p1540,996.6666666666666,3,High,117.0,1,3,1.0
p1541,933.277108433735,83,High,45.0,71,43,109.0
p1542,985.4615384615385,13,High,35.0,11,11,12.0
p1543,997.3333333333334,9,High,39.0,13,19,14.0
p1545,974.1428571428571,7,High,263.5,2,5,3.0
p1546,980.8181818181819,11,High,107.5,6,16,7.0
p1547,910.811320754717,53,High,57.5,28,32,31.0
p1548,758.0,2,Low,10.0,5,3,5.0
p155,823.9090909090909,11,Low,90.5,10,15,12.0
p1550,849.7608695652174,46,Low,60.5,26,40,26.0
p1552,629.3333333333334,3,Low,13.0,24,6,25.0
p1553,855.375,8,Low,126.0,6,15,6.0
p1555,811.9176470588235,85,Low,92.0,37,36,39.0
p1556,635.3333333333334,6,Low,52.0,17,22,20.0
p1557,833.5555555555555,9,Low,99.5,6,12,8.0
p1558,526.0,1,Low,40.0,2,2,2.0
p1559,839.8,5,Low,61.0,11,7,13.0
p1560,697.0,2,Low,433.0,1,4,1.0
p1561,860.0,1,High,37.0,1,2,1.0
p1563,854.2105263157895,19,Low,72.0,14,25,15.0
p1564,740.0,9,Low,165.5,6,18,6.0
p1565,842.0,2,Low,49.0,1,2,1.0
p1567,719.3333333333334,3,Low,57.0,9,1,9.0
p1568,654.0,1,Low,28.0,2,1,2.0
p1569,506.8695652173913,23,Low,42.0,21,21,21.0
p1571,996.6923076923077,13,High,436.0,3,25,4.0
p1572,499.0,2,Low,43.5,2,4,4.0
p1573,777.0,1,Low,35.0,1,3,3.0
p1574,817.0,1,Low,16.0,1,1,1.0
p1575,760.6666666666666,6,Low,120.0,1,4,2.0
p1576,819.0,1,Low,115.0,1,4,1.0
p1579,723.4,5,Low,49.0,9,10,11.0
p158,771.7,20,Low,71.0,7,19,19.0
p1580,579.0,1,Low,87.0,1,2,1.0
p1581,505.875,8,Low,123.5,4,11,4.0
p1583,699.0,1,Low,93.0,1,2,1.0
p1584,925.0,1,High,41.0,2,2,2.0
p1585,714.0,4,Low,13.0,1,4,2.0
p1586,728.0,4,Low,48.0,5,6,5.0
p1587,952.078125,64,High,51.0,70,39,73.0
p1588,968.0,1,High,26.5,2,3,2.0
p1590,822.1111111111111,27,Low,52.0,10,21,11.0
p1591,943.8,5,High,38.0,4,2,6.0
p1593,946.7777777777778,9,High,28.5,6,9,7.0
p1594,645.2222222222222,18,Low,46.0,15,13,16.0
p1595,949.3333333333334,6,High,76.0,7,17,7.0
p1596,829.0,1,Low,39.0,1,1,1.0
p1598,1000.0,1,High,9.0,3,2,4.0
p1599,709.0,1,Low,45.0,2,4,2.0
p16,904.0,3,High,29.0,1,3,2.0
p160,861.4375,16,High,55.0,8,11,9.0
p1600,748.125,16,Low,65.5,12,16,12.0
p1602,637.7333333333333,15,Low,81.0,7,14,7.0
p1603,757.6176470588235,34,Low,71.0,22,38,25.0
p1604,822.5,12,Low,53.0,10,6,10.0
p1605,717.2,5,Low,188.0,7,9,8.0
p1606,969.2,5,High,120.0,1,3,1.0
p1607,1000.0,1,High,82.0,1,4,1.0
p1608,867.675,80,High,47.0,7,51,20.0
p161,931.8,10,High,369.5,2,11,3.0
p1610,1000.0,2,High,123.0,1,4,1.0
p1611,879.8,5,High,69.0,3,4,3.0
p1613,989.8285714285714,35,High,76.0,19,37,24.0
p1616,834.9827586206897,116,Low,44.0,87,85,123.0
p1617,746.4117647058823,17,Low,60.0,9,7,11.0
p1618,955.0,1,High,42.0,1,1,2.0
p162,746.0,2,Low,52.0,1,2,1.0
p1620,827.5,2,Low,61.0,3,8,3.0
p1621,690.0,1,Low,40.0,1,1,1.0
p1624,950.3333333333334,3,High,2.5,8,2,8.0
p1625,921.3333333333334,12,High,101.0,7,7,8.0
p1626,768.4,25,Low,86.0,13,31,16.0
p1627,665.0,1,Low,25.0,1,1,1.0
p1628,885.2,5,High,44.5,6,6,8.0
p1629,893.0,1,High,12.0,1,1,1.0
p1631,929.6666666666666,18,High,177.5,4,11,5.0
p1634,999.1428571428571,7,High,27.0,11,6,12.0
p1635,939.3333333333334,9,High,36.0,7,8,8.0
p1636,793.4166666666666,12,Low,126.0,7,9,7.0
p1638,773.5,4,Low,131.0,3,8,3.0
p1639,1000.0,1,High,12.0,1,1,1.0
p1640,879.7241379310345,29,High,22.0,25,32,30.0
p1641,794.9444444444445,18,Low,52.0,10,23,13.0
p1642,937.5833333333334,12,High,91.0,8,13,8.0
p1643,993.0,1,High,12.5,50,36,62.0
p1644,702.1363636363636,22,Low,50.5,10,20,10.0
p1648,999.5,22,High,112.5,4,23,5.0
p1649,952.0,4,High,46.0,2,3,2.0
p165,831.2631578947369,19,Low,43.0,14,13,14.0
p1650,825.4313725490196,51,Low,235.0,10,41,13.0
p1652,998.4615384615385,13,High,93.5,2,19,5.0
p1653,1000.0,2,High,43.0,1,19,1.0
p1654,664.8888888888889,18,Low,356.0,2,17,11.0
p1656,831.0,1,Low,28.0,1,1,1.0
p1657,795.0,10,Low,120.5,6,15,6.0
p1659,762.8461538461538,52,Low,230.5,16,39,31.0
p166,1000.0,1,High,52.0,1,1,1.0
p1660,721.5,6,Low,11.5,6,3,7.0
p1662,723.672131147541,61,Low,114.5,30,44,34.0
p1663,950.28,25,High,51.0,27,31,28.0
p1665,706.0,1,Low,23.0,1,1,2.0
p1667,874.0,3,High,92.0,1,3,2.0
p1669,815.9,10,Low,165.0,6,16,6.0
p167,872.0555555555555,18,High,68.5,6,7,8.0
p1670,528.4375,16,Low,71.5,8,14,8.0
p1671,1000.0,7,High,62.0,4,5,4.0
p1672,716.5,6,Low,42.0,7,6,7.0
p1674,721.0,2,Low,98.0,1,5,1.0
p1675,823.3859649122807,57,Low,44.5,50,40,50.0
p1677,997.5,4,High,92.0,2,2,2.0
p1678,879.7777777777778,63,High,42.5,52,52,54.0
p1679,949.6666666666666,3,High,124.0,3,4,5.0
p168,929.8947368421053,38,High,116.0,19,38,24.0
p1680,965.4444444444445,9,High,56.0,11,17,11.0
p1681,390.55555555555554,9,Low,48.0,9,12,11.0
p1682,702.5892857142857,56,Low,57.0,70,115,77.0
p1683,781.0,12,Low,32.0,55,37,60.0
p1684,554.0,1,Low,62.0,1,1,1.0
p1685,962.0,1,High,8.0,1,1,1.0
p1686,929.8947368421053,57,High,35.0,6,41,11.0
p1687,536.25,4,Low,53.0,2,3,2.0
p1688,905.05,20,High,114.5,6,18,6.0
p1689,594.3214285714286,28,Low,138.5,14,39,19.0
p1690,701.7894736842105,19,Low,45.0,13,13,14.0
p1691,963.0,10,High,135.0,7,19,7.0
p1693,724.3061224489796,49,Low,79.0,29,38,33.0
p1694,801.7647058823529,17,Low,197.5,8,36,9.0
p1696,977.0,3,High,295.0,1,3,1.0
p1698,888.0,3,High,88.0,1,2,1.0
p17,999.2688172043011,93,High,61.0,28,48,35.0
p1700,727.3636363636364,11,Low,120.5,8,10,8.0
p1701,707.8571428571429,7,Low,80.5,10,14,10.0
p1702,858.2727272727273,11,High,85.0,9,14,9.0
p1703,757.0,2,Low,16.0,3,2,3.0
p1704,809.4615384615385,13,Low,209.0,4,23,4.0
p1705,866.4545454545455,11,High,51.5,10,10,10.0
p1706,641.8666666666667,15,Low,71.5,16,17,18.0
p1707,876.0,15,High,32.0,9,13,9.0
p1708,839.3333333333334,3,Low,29.0,3,2,3.0
p1709,725.8,5,Low,21.0,5,3,5.0
p171,972.1803278688525,61,High,24.0,92,36,104.0
p1710,930.3076923076923,26,High,34.0,22,8,24.0
p1711,785.3571428571429,14,Low,115.0,6,18,9.0
p1713,996.7777777777778,9,High,92.0,3,6,3.0
p1715,511.75,8,Low,50.0,15,12,16.0
p1716,827.3333333333334,3,Low,24.0,3,3,3.0
p1717,631.8181818181819,11,Low,56.0,13,14,13.0
p1719,883.0,5,High,85.0,5,5,5.0
p1723,913.4375,16,High,90.0,7,12,8.0
p1724,885.0,9,High,100.5,4,22,4.0
p1725,616.1,10,Low,51.0,14,13,16.0
p1726,968.75,12,High,360.0,2,19,3.0
p1727,941.5675675675676,37,High,96.0,15,44,19.0
p1728,696.4545454545455,11,Low,105.5,4,18,4.0
p1729,854.0,1,Low,74.0,2,3,3.0
p173,1000.0,1,High,42.5,2,3,2.0
p1730,973.3,10,High,3.5,6,21,8.0
p1731,921.7916666666666,24,High,48.0,9,19,9.0
p1732,724.0,6,Low,154.0,1,3,1.0
p1735,1000.0,2,High,58.0,2,4,2.0
p1736,793.5,2,Low,96.0,7,6,8.0
p1738,976.3333333333334,3,High,33.0,5,4,6.0
p174,913.6666666666666,9,High,79.0,5,6,5.0
p1740,962.4642857142857,28,High,82.0,17,31,17.0
p1741,913.3846153846154,13,High,74.0,15,23,15.0
p1742,734.0,2,Low,71.0,3,7,3.0
p1744,1000.0,2,High,33.0,1,1,1.0
p1745,948.0,32,High,201.5,12,23,12.0
p1747,992.1,10,High,144.0,3,7,3.0
p1748,999.1428571428571,7,High,65.0,5,16,5.0
p1749,817.75,4,Low,50.0,1,4,3.0
p175,922.875,8,High,32.0,10,11,11.0
p1750,999.7,10,High,31.0,13,14,13.0
p1751,964.7142857142857,7,High,77.5,4,4,4.0
p1752,945.0,1,High,71.0,1,2,1.0
p1753,909.0666666666667,30,High,64.0,22,22,22.0
p1754,672.1578947368421,19,Low,140.0,23,36,29.0
p1756,717.5,2,Low,48.0,1,3,1.0
p1757,933.2222222222222,9,High,144.0,10,9,10.0
p1758,993.0588235294117,17,High,106.0,9,8,9.0
p1759,735.625,8,Low,30.5,12,10,12.0
p176,999.2222222222222,9,High,36.0,8,10,9.0
p1760,853.0625,16,Low,111.0,3,10,5.0
p1761,924.9354838709677,31,High,84.0,10,21,10.0
p1762,649.1875,16,Low,37.0,12,10,12.0
p1763,707.6724137931035,58,Low,70.5,10,34,14.0
p1764,637.5714285714286,7,Low,124.0,1,4,1.0
p1765,661.0,3,Low,41.0,1,1,1.0
p1766,820.0,4,Low,62.0,4,24,4.0
p1767,998.2857142857143,14,High,71.0,8,15,8.0
p177,723.0555555555555,36,Low,49.0,23,34,37.0
p1771,718.6666666666666,3,Low,110.0,1,5,2.0
p1772,918.2272727272727,22,High,135.0,5,11,5.0
p1773,914.0,1,High,25.0,1,1,1.0
p1775,698.0,3,Low,99.0,1,3,1.0
p1776,826.0,3,Low,44.0,3,0,3.0
p1779,653.7872340425532,47,Low,38.0,29,47,40.0
p1780,913.25,4,High,44.0,19,15,19.0
p1781,915.35,20,High,36.0,15,19,15.0
p1782,968.0461538461539,65,High,56.0,55,29,55.0
p1784,754.6666666666666,63,Low,83.0,40,35,40.0
p1786,585.8666666666667,15,Low,56.0,26,20,28.0
p1787,877.2,5,High,40.0,10,11,11.0
p1788,972.4545454545455,11,High,79.5,6,15,7.0
p1789,998.3703703703703,27,High,42.5,26,28,27.0
p1790,989.2777777777778,36,High,36.0,59,38,61.0
p1792,724.3428571428572,35,Low,94.0,22,41,23.0
p1795,768.0,39,Low,137.5,16,42,21.0
p1796,928.0,2,High,2.0,3,3,5.0
p1797,652.9230769230769,26,Low,80.5,8,12,8.0
p1798,803.78,50,Low,78.0,15,53,19.0
p18,1000.0,1,High,66.0,1,1,2.0
p180,1000.0,12,High,51.0,13,13,14.0
p1800,707.0,1,Low,24.0,1,1,1.0
p1801,633.1428571428571,14,Low,43.5,10,11,12.0
p1802,576.0,1,Low,63.0,1,2,1.0
p1803,994.0,1,High,36.0,1,1,1.0
p1804,1000.0,7,High,82.0,3,5,3.0
p1807,897.75,8,High,69.0,8,9,9.0
p1808,505.0,1,Low,23.0,1,1,1.0
p1809,754.3333333333334,6,Low,44.0,5,6,5.0
p181,713.6666666666666,6,Low,50.0,3,4,3.0
p1810,870.6,10,High,168.0,2,8,2.0
p1811,733.4545454545455,11,Low,45.0,9,9,9.0
p1812,884.9310344827586,29,High,53.0,21,30,21.0
p1813,745.625,8,Low,71.0,9,16,9.0
p1814,735.3888888888889,18,Low,123.0,7,26,7.0
p1815,675.0,1,Low,19.0,1,1,1.0
p1816,917.7931034482758,58,High,142.0,16,39,18.0
p1817,1000.0,3,High,104.0,1,0,1.0
p1819,848.4444444444445,9,Low,306.0,3,12,3.0
p1820,867.6666666666666,3,High,37.5,2,3,2.0
p1823,864.8285714285714,70,High,76.5,38,58,39.0
p1826,964.2857142857143,21,High,87.0,6,14,7.0
p1827,996.3333333333334,3,High,69.5,2,3,2.0
p1829,699.0,1,Low,20.5,4,1,4.0
p1830,860.0,11,High,57.5,4,6,5.0
p1831,876.2820512820513,39,High,64.0,62,64,64.0
p1833,977.0,1,High,27.0,1,1,1.0
p1834,957.0,1,High,69.0,1,3,1.0
p1835,923.5,2,High,78.0,1,3,
p1837,919.8518518518518,27,High,109.0,12,36,14.0
p184,749.16,75,Low,120.0,16,48,22.0
p1842,557.3888888888889,18,Low,53.0,7,13,16.0
p1843,804.2666666666667,15,Low,30.0,15,12,17.0
p1844,811.0,31,Low,272.0,11,30,14.0
p1845,998.7441860465116,43,High,62.0,19,29,20.0
p1846,855.8947368421053,19,Low,169.0,8,41,10.0
p1847,755.9130434782609,23,Low,124.5,10,21,10.0
p1848,784.6111111111111,18,Low,208.0,5,23,5.0
p1850,709.5,2,Low,140.0,1,6,1.0
p1851,746.75,4,Low,190.5,2,4,3.0
p1852,710.25,4,Low,67.0,2,4,2.0
p1854,785.8333333333334,6,Low,44.0,6,4,6.0
p1855,940.4444444444445,9,High,50.0,3,11,12.0
p1856,901.3783783783783,37,High,195.0,11,38,13.0
p1857,712.4358974358975,39,Low,45.5,46,40,47.0
p1858,857.4675324675325,77,High,61.0,68,92,75.0
p1859,1000.0,1,High,7.0,3,3,3.0
p186,565.0,1,Low,14.0,3,3,3.0
p1860,896.2692307692307,26,High,116.0,16,41,18.0
p1861,884.6142857142858,70,High,36.5,84,46,88.0
p1862,755.0,1,Low,30.0,3,2,3.0
p1863,694.2307692307693,13,Low,171.5,4,21,4.0
p1864,822.75,4,Low,42.0,6,7,6.0
p1865,674.8823529411765,17,Low,59.5,6,19,7.0
p1866,720.4193548387096,62,Low,87.0,30,41,33.0
p1867,868.2820512820513,39,High,30.0,39,31,46.0
p1868,552.9473684210526,19,Low,37.0,16,12,18.0
p1869,825.0697674418604,43,Low,56.0,37,38,38.0
p187,707.0,1,Low,93.0,1,3,1.0
p1870,752.7222222222222,72,Low,19.0,77,57,79.0
p1872,740.9230769230769,13,Low,69.0,7,11,9.0
p1873,997.4,10,High,77.0,9,11,9.0
p1875,987.7333333333333,15,High,76.5,12,27,13.0
p1876,981.9090909090909,11,High,104.0,3,7,3.0
p188,683.5294117647059,68,Low,52.0,53,31,65.0
p1880,999.3823529411765,34,High,55.0,25,21,26.0
p1881,835.5833333333334,24,Low,364.0,1,13,2.0
p1883,941.4,5,High,93.0,6,8,6.0
p1888,580.8571428571429,7,Low,88.0,3,4,3.0
p189,912.1,10,High,34.0,15,64,17.0
p1892,998.6363636363636,11,High,41.0,11,6,12.0
p1893,795.0,1,Low,80.0,1,1,1.0
p1894,688.8,5,Low,37.0,6,3,7.0
p1897,823.25,12,Low,105.0,7,9,7.0
p1898,696.1304347826087,23,Low,285.0,3,4,5.0
p19,976.0,13,High,101.0,9,12,9.0
p190,786.7142857142857,21,Low,40.5,18,21,19.0
p1900,967.4,20,High,107.5,6,21,6.0
p1902,1000.0,1,High,28.0,2,3,2.0
p1903,673.1864406779661,59,Low,57.0,39,70,40.0
p1904,859.0,1,High,37.0,1,1,1.0
p1905,780.25,8,Low,129.0,1,4,1.0
p1906,705.0,4,Low,50.0,2,2,2.0
p1907,936.4285714285714,7,High,74.5,4,11,4.0
p1908,898.25,8,High,31.0,17,11,17.0
p191,544.3888888888889,18,Low,78.5,14,24,17.0
p1910,787.9814814814815,54,Low,104.0,32,37,42.0
p1911,913.0847457627119,59,High,81.5,38,27,39.0
p1912,988.5,2,High,48.0,4,1,6.0
p1913,855.2857142857143,14,Low,99.0,22,53,23.0
p1916,949.1739130434783,69,High,55.0,69,128,70.0
p1917,837.6666666666666,3,Low,92.0,10,12,14.0
p1919,636.3157894736842,19,Low,99.0,6,18,7.0
p192,898.0,1,High,49.0,13,26,16.0
p1920,896.2857142857143,7,High,63.0,6,9,7.0
p1921,981.6666666666666,12,High,185.5,4,13,4.0
p1922,997.0833333333334,12,High,41.0,16,22,18.0
p1923,985.7142857142857,7,High,247.0,3,13,4.0
p1924,797.55,20,Low,64.0,5,23,7.0
p1927,656.3333333333334,3,Low,168.0,1,2,1.0
p1928,850.5,2,Low,38.5,2,3,2.0
p1929,610.2142857142857,14,Low,92.0,9,19,12.0
p193,864.0,2,High,93.0,1,2,1.0
p1931,898.0,9,High,76.0,4,10,5.0
p1932,1000.0,9,High,117.0,6,12,
p1933,773.8,15,Low,41.0,12,23,13.0
p1934,775.7073170731708,41,Low,53.0,46,53,50.0
p1936,953.2592592592592,27,High,52.0,17,32,19.0
p1937,967.625,8,High,370.0,3,11,3.0
p194,784.125,24,Low,105.0,10,24,
p1940,485.88461538461536,52,Low,61.5,64,46,66.0
p1941,857.25,4,Low,59.0,2,2,3.0
p1942,886.9411764705883,17,High,130.5,6,14,6.0
p1943,676.4615384615385,13,Low,175.0,6,20,7.0
p1944,929.25,8,High,169.0,5,14,5.0
p1945,883.3333333333334,3,High,36.0,3,4,3.0
p1948,913.3333333333334,3,High,107.0,1,4,1.0
p1949,650.0,3,Low,84.0,1,1,1.0
p195,848.2641509433962,53,Low,93.5,24,40,29.0
p1950,745.5,4,Low,53.0,1,3,
p1951,752.4705882352941,85,Low,133.5,32,56,32.0
p1953,924.2307692307693,13,High,115.0,6,9,6.0
p1954,935.0,2,High,201.0,1,4,1.0
p1955,936.3571428571429,28,High,96.0,7,40,12.0
p1957,931.1666666666666,12,High,40.0,15,11,15.0
p1958,1000.0,1,High,81.5,2,2,4.0
p1959,620.1111111111111,9,Low,40.0,4,7,4.0
p196,903.2068965517242,29,High,251.0,6,31,7.0
p1960,805.3939393939394,33,Low,70.0,49,92,50.0
p1962,999.4545454545455,22,High,34.0,29,29,29.0
p1964,960.8,5,High,13.0,3,4,3.0
p1966,755.0,1,Low,32.0,1,1,1.0
p1967,697.0287769784172,139,Low,112.0,41,85,48.0
p1968,793.75,20,Low,218.0,7,33,8.0
p1969,871.5,18,High,82.0,9,22,9.0
p197,854.5294117647059,17,Low,51.0,10,11,10.0
p1970,695.2105263157895,57,Low,148.5,12,38,13.0
p1971,858.9864864864865,74,High,61.0,35,52,38.0
p1972,789.3846153846154,26,Low,37.0,25,31,30.0
p1973,627.0,8,Low,220.0,3,22,3.0
p1974,941.1470588235294,34,High,107.5,18,38,20.0
p1975,778.8,5,Low,107.0,1,2,1.0
p1976,685.2777777777778,18,Low,88.0,9,13,19.0
p1977,801.0,9,Low,32.0,13,11,14.0
p1978,746.0744680851063,94,Low,223.0,25,44,47.0
p1979,764.9111111111112,45,Low,75.0,13,47,14.0
p198,799.7647058823529,17,Low,199.0,5,21,5.0
p1983,833.6428571428571,42,Low,61.5,30,52,34.0
p1984,887.0,1,High,88.0,1,2,1.0
p1985,999.4666666666667,15,High,75.0,10,11,11.0
p1986,702.6875,16,Low,35.0,16,13,18.0
p1987,847.3513513513514,37,Low,25.0,61,39,67.0
p1990,997.3921568627451,51,High,36.0,82,66,86.0
p1992,656.2666666666667,30,Low,63.0,25,39,26.0
p1994,817.3333333333334,6,Low,113.0,2,4,2.0
p1996,958.8,20,High,51.0,9,20,10.0
p1997,901.25,4,High,57.5,8,11,11.0
p2,972.3783783783783,74,High,137.0,29,50,37.0
p20,679.6,5,Low,39.0,11,26,12.0
p200,760.2,5,Low,64.0,2,3,3.0
p2000,679.1224489795918,49,Low,30.0,73,41,79.0
p2001,787.75,8,Low,99.0,3,16,4.0
p2002,999.0,3,High,51.0,1,1,1.0
p2004,957.8571428571429,14,High,356.0,4,9,7.0
p2005,713.0,21,Low,99.0,7,17,9.0
p2006,1000.0,1,High,89.0,1,2,1.0
p2007,789.0,2,Low,82.0,1,3,1.0
p2010,701.0833333333334,12,Low,32.0,14,9,16.0
p2011,901.4074074074074,27,High,190.0,4,35,5.0
p2012,689.0,1,Low,27.0,1,1,1.0
p2013,776.0357142857143,28,Low,43.0,12,8,12.0
p2014,662.0,4,Low,95.0,1,2,1.0
p2015,672.4545454545455,22,Low,123.0,15,35,16.0
p2016,999.6228070175439,114,High,70.0,99,152,106.0
p2017,824.9577464788732,71,Low,85.0,29,41,29.0
p2018,812.1818181818181,22,Low,111.5,8,13,8.0
p2019,927.6875,32,High,44.5,22,13,23.0
p2021,792.1428571428571,7,Low,75.0,8,14,9.0
p2023,949.7272727272727,11,High,49.0,9,7,9.0
p2024,788.3333333333334,3,Low,128.0,1,1,1.0
p2027,999.0,3,High,38.0,3,51,3.0
p2031,837.4615384615385,13,Low,60.0,11,15,11.0
p2032,549.0,1,Low,174.0,1,5,1.0
p2033,735.8,5,Low,47.0,13,18,13.0
p2034,992.5,24,High,57.0,29,36,29.0
p2035,622.0,36,Low,93.5,24,31,27.0
p2036,800.25,4,Low,222.0,3,16,3.0
p2037,1000.0,2,High,55.0,3,4,3.0
p2039,726.0,1,Low,98.0,1,3,2.0
p2040,934.3333333333334,9,High,69.0,9,50,
p2042,962.0555555555555,18,High,134.5,12,38,13.0
p2045,650.125,8,Low,37.0,7,9,12.0
p2047,986.125,16,High,79.0,7,7,7.0
p2048,758.0,1,Low,21.0,1,1,1.0
p2049,983.0,2,High,45.5,2,1,2.0
p205,761.6666666666666,3,Low,8.5,4,3,4.0
p2050,948.75,4,High,94.0,1,3,1.0
p2052,921.7777777777778,9,High,161.0,3,5,3.0
p2053,947.6666666666666,6,High,47.0,3,4,3.0
p2054,926.6,5,High,183.0,3,4,3.0
p2055,604.0,2,Low,27.0,5,4,5.0
p2056,708.75,4,Low,90.0,2,3,2.0
p2057,986.1111111111111,9,High,58.0,5,7,5.0
p2058,791.2272727272727,22,Low,37.0,15,22,15.0
p206,781.3055555555555,36,Low,35.0,28,25,30.0
p2060,597.5074626865671,67,Low,73.0,15,45,19.0
p2063,639.6,15,Low,34.0,26,22,28.0
p2064,765.5555555555555,9,Low,76.0,10,21,10.0
p2065,988.7894736842105,19,High,115.0,13,38,14.0
p2068,981.0,2,High,122.0,1,3,4.0
p2069,141.0,1,Low,45.0,2,2,2.0
p2070,339.3333333333333,9,Low,101.0,6,21,6.0
p2071,815.5,2,Low,71.0,1,3,1.0
p2072,804.125,16,Low,31.5,12,12,19.0
p2073,995.2051282051282,39,High,56.0,29,42,29.0
p2074,766.7926829268292,82,Low,74.0,15,43,18.0
p2076,755.3461538461538,26,Low,100.5,6,21,7.0
p2077,998.8589743589744,78,High,46.5,70,69,79.0
p2078,996.1951219512196,41,High,200.0,15,39,17.0
p2079,993.75,4,High,44.5,2,4,3.0
p2080,782.5,8,Low,110.0,2,5,2.0
p2082,743.390243902439,41,Low,108.5,22,42,22.0
p2083,863.2,5,High,466.0,1,20,3.0
p2084,993.5,4,High,98.0,2,7,3.0
p2085,944.829268292683,41,High,64.0,33,24,33.0
p2086,976.5652173913044,23,High,142.0,5,20,5.0
p2088,975.75,4,High,73.5,2,5,2.0
p2089,847.0833333333334,12,Low,32.0,23,6,28.0
p2090,951.3333333333334,21,High,212.0,2,6,3.0
p2091,729.0892857142857,56,Low,102.0,30,44,32.0
p2092,994.3076923076923,13,High,99.0,4,11,5.0
p2094,743.5402298850574,87,Low,128.5,20,38,26.0
p2096,991.6666666666666,3,High,195.5,2,7,2.0
p2097,867.8,15,High,158.0,5,12,5.0
p2098,810.0,18,Low,23.0,18,10,21.0
p2099,999.5,2,High,61.5,2,4,3.0
p210,714.5,2,Low,70.5,2,4,2.0
p2100,868.0,1,High,26.0,2,1,3.0
p2102,859.75,4,High,124.0,5,11,5.0
p2103,734.3913043478261,23,Low,210.0,3,20,4.0
p2104,626.1666666666666,18,Low,89.0,26,33,34.0
p2105,674.9090909090909,11,Low,24.0,9,6,11.0
p2106,812.2333333333333,30,Low,67.0,1,16,2.0
p2108,776.7058823529412,17,Low,113.0,9,19,9.0
p2109,964.0,4,High,31.0,3,4,3.0
p211,937.0,2,High,82.0,3,21,5.0
p2110,987.8947368421053,19,High,45.5,20,56,27.0
p2113,735.7142857142857,7,Low,43.0,5,6,8.0
p2114,504.3333333333333,6,Low,27.5,24,20,25.0
p2115,916.0,1,High,56.0,1,5,2.0
p2116,545.0,1,Low,27.5,6,1,7.0
p2117,731.0,3,Low,46.5,4,42,4.0
p2119,791.0,3,Low,44.0,3,4,3.0
p212,685.0,1,Low,20.5,2,1,2.0
p2120,946.1111111111111,18,High,45.0,9,15,12.0
p2121,945.3571428571429,14,High,100.0,7,8,9.0
p2122,708.7358490566038,53,Low,88.0,23,39,25.0
p2123,648.6666666666666,3,Low,79.0,2,4,2.0
p2124,775.7777777777778,9,Low,47.0,7,7,8.0
p2125,941.2222222222222,18,High,41.0,15,7,15.0
p2126,987.8125,32,High,119.0,9,29,11.0
p2127,803.0,29,Low,37.0,29,36,30.0
p2129,996.6470588235294,17,High,11.0,3,13,17.0
p2130,992.2,40,High,48.0,14,26,18.0
p2133,782.0,2,Low,26.5,4,3,4.0
p2134,998.8684210526316,38,High,175.0,13,38,16.0
p2135,962.0909090909091,22,High,168.0,5,17,5.0
p2136,773.3636363636364,11,Low,82.0,6,14,6.0
p2137,848.0,1,Low,82.0,2,2,2.0
p2138,822.3,10,Low,48.0,6,7,6.0
p2139,678.3333333333334,3,Low,97.0,1,4,1.0
p214,998.0,1,High,10.0,1,1,1.0
p2140,971.0,1,High,90.0,1,1,1.0
p2141,729.8571428571429,7,Low,33.0,9,19,9.0
p2142,663.3333333333334,3,Low,23.5,6,7,6.0
p2144,644.2978723404256,47,Low,42.0,37,34,37.0
p2145,975.8888888888889,9,High,30.0,3,3,16.0
p2146,820.4285714285714,7,Low,136.5,6,16,10.0
p2147,957.2941176470588,34,High,40.0,35,51,45.0
p215,681.6,10,Low,147.0,7,22,7.0
p2150,774.8333333333334,18,Low,25.5,20,18,24.0
p2151,785.4545454545455,11,Low,48.0,13,13,15.0
p2152,999.84,25,High,88.0,13,41,13.0
p2153,677.0,1,Low,28.0,2,2,2.0
p2154,1000.0,3,High,73.0,2,4,2.0
p2155,941.6666666666666,6,High,157.5,2,5,3.0
p2156,853.5,2,Low,60.0,4,7,5.0
p2157,795.125,8,Low,159.5,4,13,6.0
p2158,990.3529411764706,17,High,135.0,8,20,8.0
p2159,928.3333333333334,3,High,50.5,2,3,2.0
p216,691.5454545454545,11,Low,123.0,6,12,6.0
p2160,777.0,1,Low,24.0,1,1,1.0
p2161,830.0,15,Low,59.5,10,9,10.0
p2163,693.5714285714286,105,Low,37.0,88,97,93.0
p2164,803.0,1,Low,17.0,1,1,1.0
p2167,945.0,2,High,35.0,2,0,2.0
p2168,1000.0,1,High,23.0,1,2,1.0
p2169,996.1785714285714,28,High,92.5,10,17,12.0
p217,808.433962264151,53,Low,38.0,51,42,53.0
p2172,998.9066666666666,75,High,68.0,42,39,44.0
p2173,765.4705882352941,17,Low,84.0,15,33,20.0
p2174,989.0,3,High,245.0,1,7,2.0
p2175,1000.0,3,High,51.0,2,6,2.0
p2176,825.1538461538462,13,Low,54.0,6,9,10.0
p2178,916.2222222222222,18,High,25.5,18,8,20.0
p2179,975.0487804878048,41,High,99.0,31,41,33.0
p218,697.0,1,Low,31.0,2,2,2.0
p2180,1000.0,1,High,8.5,2,1,2.0
p2181,708.75,8,Low,122.0,5,24,5.0
p2183,741.04,50,Low,67.0,51,41,51.0
p2184,613.5,4,Low,81.5,2,4,2.0
p2185,718.625,24,Low,52.0,10,18,10.0
p2186,982.8,5,High,21.0,7,4,8.0
p2187,823.3333333333334,3,Low,42.0,1,2,1.0
p2189,812.8983050847457,59,Low,126.0,20,68,22.0
p2190,865.25,4,High,81.0,5,4,7.0
p2193,944.8571428571429,7,High,356.0,2,21,2.0
p2194,964.8,10,High,84.0,8,15,8.0
p2197,941.3529411764706,34,High,80.5,26,39,26.0
p2198,780.7142857142857,21,Low,129.0,21,39,22.0
p2199,767.047619047619,21,Low,65.5,10,20,12.0
p22,593.4473684210526,38,Low,78.0,17,38,17.0
p220,652.2727272727273,11,Low,145.0,2,13,5.0
p2200,758.6666666666666,3,Low,33.5,6,6,8.0
p2201,841.5866666666667,75,Low,86.0,10,38,15.0
p2203,851.1818181818181,66,Low,35.5,42,41,54.0
p2204,844.125,80,Low,56.0,53,72,66.0
p2205,728.0,18,Low,151.0,4,15,6.0
p2206,942.8,10,High,67.0,9,14,11.0
p2208,953.5,2,High,26.0,15,13,17.0
p2209,881.0,3,High,232.0,2,5,3.0
p221,997.6,10,High,213.5,4,9,4.0
p2210,979.1,50,High,91.0,7,33,18.0
p2212,968.9090909090909,11,High,33.0,16,20,17.0
p2214,999.8125,48,High,50.0,39,55,42.0
p2215,823.175,40,Low,93.0,25,29,31.0
p2216,992.074074074074,27,High,66.0,25,38,28.0
p2217,990.6862745098039,51,High,302.5,4,30,10.0
p2219,629.0,1,Low,60.0,2,5,2.0
p222,744.0,4,Low,112.0,1,4,1.0
p2220,869.7777777777778,9,High,37.0,7,9,9.0
p2221,773.15,20,Low,50.0,7,10,7.0
p2222,883.5,4,High,7.0,4,11,6.0
p2223,977.2666666666667,15,High,66.0,7,13,9.0
p2225,759.3170731707318,41,Low,34.5,38,40,45.0
p2226,764.4883720930233,43,Low,76.0,33,31,35.0
p2230,778.5,4,Low,59.5,8,6,8.0
p2231,596.5,2,Low,61.0,1,2,1.0
p2234,821.2325581395348,43,Low,97.0,19,40,21.0
p2235,899.6,35,High,71.0,31,56,36.0
p2236,767.0,2,Low,129.0,1,4,1.0
p2237,817.5,12,Low,44.5,10,8,11.0
p2238,970.9473684210526,19,High,29.5,22,11,24.0
p2239,732.7142857142857,21,Low,79.0,7,15,7.0
p224,873.4351851851852,108,High,42.0,106,125,115.0
p2242,778.8571428571429,7,Low,62.0,5,8,5.0
p2244,849.4,5,Low,137.0,1,5,2.0
p2245,750.5,12,Low,169.0,4,21,4.0
p2246,943.4,5,High,219.0,3,13,3.0
p2249,872.6666666666666,3,High,94.0,1,3,2.0
p225,837.0,1,Low,35.0,1,2,1.0
p2250,813.625,8,Low,118.5,4,20,4.0
p2251,967.4444444444445,54,High,76.5,30,38,32.0
p2252,911.75,4,High,25.5,20,5,21.0
p2253,726.5714285714286,21,Low,38.0,13,31,24.0
p2254,1000.0,1,High,32.0,2,3,3.0
p2259,878.4375,16,High,48.5,14,18,17.0
p226,672.875,8,Low,152.0,4,12,5.0
p2260,966.7659574468086,47,High,83.0,19,41,19.0
p2261,585.2941176470588,17,Low,120.0,4,13,8.0
p2264,904.8888888888889,9,High,70.0,9,28,9.0
p2265,923.8888888888889,9,High,73.0,3,4,3.0
p2266,646.0769230769231,13,Low,110.0,3,38,5.0
p2267,759.0,1,Low,46.0,1,1,1.0
p2268,755.5454545454545,22,Low,173.0,18,38,23.0
p2269,849.3333333333334,3,Low,49.0,4,4,4.0
p227,899.2,5,High,56.5,2,3,2.0
p2270,727.5,6,Low,314.0,3,14,3.0
p2271,999.5714285714286,28,High,74.0,16,32,16.0
p2272,781.375,8,Low,49.0,10,42,13.0
p2273,702.1,10,Low,129.0,5,12,5.0
p2274,1000.0,3,High,96.0,1,4,1.0
p2275,800.0,3,Low,116.0,1,2,1.0
p2276,969.1666666666666,12,High,65.0,12,18,14.0
p2277,978.0,3,High,38.0,1,1,2.0
p2279,1000.0,1,High,73.0,1,3,1.0
p228,612.1428571428571,28,Low,86.0,14,35,15.0
p2281,715.0,18,Low,328.0,3,17,3.0
p2282,741.25,4,Low,46.0,3,3,5.0
p2283,802.5757575757576,33,Low,248.0,11,21,15.0
p2284,936.6923076923077,13,High,56.0,10,14,11.0
p2285,584.0,3,Low,40.0,3,3,4.0
p2286,865.3571428571429,14,High,21.0,31,16,32.0
p2287,796.46875,96,Low,109.0,25,88,42.0
p2289,887.1714285714286,35,High,65.0,23,59,23.0
p229,680.5,2,Low,63.0,5,38,8.0
p2290,911.0,1,High,26.5,2,2,2.0
p2291,802.0,7,Low,27.0,6,4,7.0
p2292,999.45,20,High,177.0,5,22,6.0
p2293,954.8354430379746,79,High,52.5,48,57,54.0
p2294,775.6842105263158,19,Low,61.0,8,9,8.0
p2295,665.0,1,Low,40.0,4,4,4.0
p2296,702.0,5,Low,153.0,1,4,1.0
p2298,957.3333333333334,3,High,37.5,16,11,16.0
p2299,916.78,50,High,108.0,6,40,16.0
p23,874.0,3,High,11.0,3,6,4.0
p2300,871.0,3,High,62.0,3,3,3.0
p2302,1000.0,4,High,45.5,2,2,2.0
p2303,593.0,1,Low,20.5,6,3,6.0
p2305,1000.0,13,High,126.0,5,13,5.0
p2307,731.0,1,Low,22.0,3,1,3.0
p2308,904.0,3,High,64.0,3,4,3.0
p2309,665.8888888888889,9,Low,37.0,15,10,22.0
p2312,913.0,1,High,315.0,1,3,1.0
p2313,584.0,2,Low,50.0,1,3,2.0
p2314,872.8823529411765,17,High,80.0,5,15,5.0
p2315,814.4444444444445,18,Low,115.0,7,14,7.0
p2316,636.3333333333334,15,Low,176.5,4,14,4.0
p2317,707.5,2,Low,81.5,22,29,22.0
p2318,850.0,1,Low,3.0,3,1,4.0
p2320,845.0,3,Low,64.5,2,2,2.0
p2321,824.2,15,Low,166.0,6,26,7.0
p2322,799.3333333333334,3,Low,46.0,2,3,3.0
p2323,983.0,3,High,35.0,2,3,2.0
p2324,783.2631578947369,19,Low,111.5,10,11,11.0
p2326,803.1739130434783,23,Low,140.0,10,15,11.0
p2327,810.0,1,Low,52.0,1,2,1.0
p2328,798.2089552238806,67,Low,48.0,57,75,60.0
p2329,832.6363636363636,22,Low,111.0,7,15,12.0
p233,899.6666666666666,3,High,67.0,2,4,3.0
p2330,671.3125,16,Low,64.5,26,38,31.0
p2331,993.3333333333334,3,High,136.0,2,5,2.0
p2332,962.75,4,High,129.0,1,3,1.0
p2333,845.0434782608696,23,Low,23.0,15,11,15.0
p2334,850.7611940298508,67,Low,66.0,38,54,41.0
p2335,998.5,2,High,32.0,3,2,3.0
p2336,619.0,1,Low,29.0,1,1,1.0
p2337,693.0909090909091,11,Low,47.0,5,7,5.0
p2338,703.0,2,Low,36.0,3,3,3.0
p234,999.1428571428571,7,High,145.0,2,6,3.0
p2340,852.0,1,Low,82.5,2,3,2.0
p2341,614.6666666666666,3,Low,85.0,1,2,1.0
p2343,1000.0,2,High,65.0,1,2,1.0
p2345,718.5714285714286,7,Low,49.0,13,13,13.0
p2346,967.875,8,High,218.5,4,8,4.0
p2347,936.6363636363636,22,High,42.5,40,46,42.0
p2348,972.84,25,High,98.0,15,30,15.0
p235,832.0,1,Low,9.0,2,1,2.0
p2350,1000.0,18,High,78.0,7,19,8.0
p2351,928.6428571428571,14,High,85.0,9,23,10.0
p2352,822.0,2,Low,116.0,2,5,3.0
p2353,840.4285714285714,42,Low,151.0,29,48,39.0
p2354,513.0,1,Low,54.0,3,42,3.0
p2355,814.6666666666666,3,Low,10.0,3,1,5.0
p2356,896.5555555555555,9,High,61.0,9,14,10.0
p2357,907.0,2,High,47.0,1,2,1.0
p2358,722.0,11,Low,60.5,8,22,8.0
p2360,734.0,1,Low,46.5,2,3,2.0
p2361,696.5,4,Low,34.0,4,3,4.0
p2362,982.7272727272727,11,High,159.0,2,13,3.0
p2363,858.4642857142857,28,High,165.0,8,36,9.0
p2364,886.1428571428571,14,High,45.0,13,8,15.0
p2365,511.7692307692308,13,Low,129.0,7,24,7.0
p2368,841.0,3,Low,22.0,3,4,3.0
p2369,853.25,4,Low,56.0,3,6,3.0
p237,899.3939393939394,99,High,100.0,12,105,21.0
p2370,819.6666666666666,3,Low,237.0,1,4,1.0
p2371,737.0,1,Low,8.5,2,1,2.0
p2372,740.9666666666667,30,Low,67.0,12,22,13.0
p2376,991.7692307692307,13,High,17.5,16,11,34.0
p2377,824.421052631579,19,Low,61.0,17,38,17.0
p2378,1000.0,42,High,128.5,22,50,26.0
p2379,988.0,2,High,16.0,3,3,3.0
p2380,760.2857142857143,7,Low,191.0,4,14,4.0
p2381,795.2,5,Low,26.0,3,4,3.0
p2382,937.0,1,High,37.0,1,1,1.0
p2383,942.3661971830986,71,High,27.0,128,64,132.0
p2384,761.0,1,Low,8.0,1,1,1.0
p2385,955.8125,16,High,28.0,18,12,25.0
p2386,787.4444444444445,9,Low,107.0,3,7,3.0
p2387,939.1764705882352,17,High,69.5,10,8,10.0
p2388,855.0,19,Low,152.5,6,11,7.0
p2389,899.6,20,High,60.0,8,20,8.0
p239,1000.0,1,High,54.0,3,3,4.0
p2390,824.6666666666666,21,Low,66.0,22,32,26.0
p2393,808.3,10,Low,89.0,7,17,7.0
p2394,934.6363636363636,33,High,146.0,9,35,11.0
p2395,769.5625,32,Low,107.0,10,23,12.0
p2396,997.3333333333334,6,High,59.0,3,4,9.0
p2397,813.0,1,Low,67.0,1,1,1.0
p2398,936.0,3,High,69.5,4,7,9.0
p24,713.5833333333334,12,Low,52.0,5,9,5.0
p2400,1000.0,4,High,35.5,4,6,6.0
p2401,910.0,1,High,50.0,5,5,5.0
p2402,948.0,1,High,51.0,4,3,4.0
p2403,846.1,10,Low,463.0,1,4,1.0
p2404,1000.0,1,High,100.0,1,4,1.0
p2405,966.051724137931,58,High,41.5,38,37,39.0
p2408,861.7,10,High,106.5,4,4,6.0
p2409,998.25,12,High,184.5,4,16,4.0
p2410,981.0909090909091,11,High,202.0,4,12,4.0
p2411,848.0,6,Low,90.5,2,15,3.0
p2412,998.0,13,High,121.0,7,9,7.0
p2414,996.0,1,High,53.0,1,1,1.0
p2416,948.0,2,High,63.0,1,3,1.0
p2417,998.25,4,High,39.5,4,3,4.0
p2418,608.5,4,Low,78.0,7,16,11.0
p2419,634.25,4,Low,32.0,18,13,18.0
p242,978.0,1,High,26.0,1,1,1.0
p2420,810.2,15,Low,68.0,15,16,15.0
p2421,922.8,5,High,168.0,1,4,1.0
p2422,801.6666666666666,15,Low,62.0,17,21,17.0
p2423,971.5,24,High,77.0,4,18,6.0
p2424,690.8181818181819,22,Low,75.0,8,19,8.0
p2425,769.0666666666667,15,Low,47.5,10,19,10.0
p2426,881.5384615384615,13,High,63.0,8,14,11.0
p2428,948.5,4,High,77.0,4,6,4.0
p243,955.6666666666666,3,High,69.5,2,4,2.0
p2431,763.8378378378378,37,Low,102.0,17,53,21.0
p2435,797.8235294117648,34,Low,124.0,17,50,17.0
p2436,949.7333333333333,45,High,64.0,10,28,11.0
p2438,367.27272727272725,22,Low,54.5,18,32,19.0
p2440,999.4029850746268,67,High,99.0,29,39,36.0
p2441,770.1632653061224,49,Low,35.0,54,39,72.0
p2442,650.1666666666666,6,Low,34.0,4,3,4.0
p2443,831.1818181818181,55,Low,71.5,34,42,34.0
p2444,803.5714285714286,7,Low,47.0,12,20,12.0
p2445,821.9,10,Low,112.0,6,10,6.0
p2446,812.7272727272727,11,Low,83.0,7,12,7.0
p2447,765.9,10,Low,80.0,7,11,7.0
p2448,998.0,1,High,11.0,1,1,1.0
p2449,755.25,4,Low,17.5,10,5,11.0
p2450,900.4,15,High,34.0,27,35,27.0
p2451,718.2,5,Low,34.0,4,10,13.0
p2452,766.0,1,Low,10.0,8,2,9.0
p2453,805.0,1,Low,42.0,1,1,1.0
p2454,711.1153846153846,26,Low,55.5,26,38,30.0
p2455,785.4347826086956,23,Low,106.0,11,29,11.0
p2456,759.448275862069,29,Low,45.5,40,42,41.0
p2458,849.2156862745098,51,Low,77.0,29,40,32.0
p2459,600.0,7,Low,65.0,12,13,12.0
p246,812.5,2,Low,40.0,1,1,1.0
p2460,781.0,16,Low,29.0,17,18,18.0
p2461,954.84,50,High,66.0,37,38,39.0
p2464,781.92,25,Low,129.5,6,21,9.0
p2465,926.2222222222222,9,High,44.5,4,16,6.0
p2466,902.5555555555555,9,High,87.0,5,12,7.0
p2469,750.0,1,Low,62.0,1,3,1.0
p247,854.0,7,Low,63.5,4,4,4.0
p2470,992.0,1,High,1.0,1,1,3.0
p2473,785.35,20,Low,124.0,15,41,16.0
p2474,866.6666666666666,9,High,116.0,5,18,6.0
p2475,998.0,1,High,67.0,3,103,4.0
p2476,918.918918918919,37,High,89.0,24,40,26.0
p2477,767.0,1,Low,64.0,1,1,1.0
p2478,939.2857142857143,7,High,57.0,9,12,10.0
p2480,912.25,4,High,18.0,11,4,15.0
p2481,944.0,3,High,39.0,5,1,7.0
p2482,953.5,6,High,64.0,9,39,10.0
p2484,675.4193548387096,31,Low,68.0,22,24,24.0
p2485,995.3333333333334,3,High,52.0,1,1,1.0
p2486,771.0,3,Low,58.0,1,2,1.0
p2487,768.6363636363636,11,Low,62.0,15,14,16.0
p2488,923.0,2,High,48.5,4,6,4.0
p2489,999.5,4,High,84.0,5,8,5.0
p249,999.4,5,High,70.5,2,4,2.0
p2491,981.3404255319149,47,High,91.5,26,65,27.0
p2492,992.0,2,High,61.0,2,30,2.0
p2493,854.0,6,Low,52.0,7,6,7.0
p2495,736.0,2,Low,63.0,1,3,1.0
p2496,807.8181818181819,11,Low,72.5,4,5,4.0
p2497,575.0,2,Low,60.5,4,4,4.0
p2498,926.25,16,High,75.5,12,16,15.0
p2499,965.0,1,High,41.0,3,2,3.0
p250,812.5,42,Low,144.0,11,41,13.0
p2500,746.3333333333334,3,Low,52.5,2,3,3.0
p2501,1000.0,1,High,27.0,1,1,1.0
p2502,692.0,5,Low,11.0,3,4,7.0
p2503,738.0,1,Low,16.5,4,3,4.0
p2504,803.0,3,Low,109.0,2,4,2.0
p2505,783.5,8,Low,78.5,8,11,8.0
p2506,849.5,2,Low,86.0,2,4,2.0
p2507,766.7142857142857,7,Low,45.5,10,8,11.0
p2508,981.3333333333334,18,High,64.0,10,16,11.0
p2509,1000.0,3,High,56.0,1,2,1.0
p2510,961.6666666666666,12,High,145.0,9,37,10.0
p2512,924.3823529411765,34,High,30.5,18,33,21.0
p2514,939.25,4,High,254.0,3,17,3.0
p2515,708.8888888888889,54,Low,119.0,23,38,24.0
p2516,875.6,10,High,72.0,1,14,3.0
p2517,972.5,2,High,67.0,2,3,2.0
p2518,992.0,1,High,15.5,2,1,3.0
p2519,661.4545454545455,22,Low,117.0,9,31,10.0
p252,800.9444444444445,18,Low,24.5,28,23,
p2520,912.875,16,High,87.5,8,7,9.0
p2522,610.375,8,Low,83.5,6,1,6.0
p2523,498.5,2,Low,16.0,8,5,9.0
p2525,885.2222222222222,18,High,85.0,8,18,8.0
p2526,914.5,6,High,143.0,6,15,7.0
p2527,860.2727272727273,11,High,69.0,8,21,8.0
p2528,847.3428571428572,70,Low,67.0,28,41,35.0
p2529,935.9090909090909,11,High,201.0,4,19,5.0
p2530,861.0,1,High,52.0,1,2,1.0
p2532,717.0,1,Low,6.0,3,2,5.0
p2534,822.42,50,Low,113.5,18,29,21.0
p2535,757.7272727272727,66,Low,49.0,31,30,31.0
p2536,984.4285714285714,21,High,81.0,14,25,14.0
p2537,665.6,5,Low,16.0,6,3,
p2538,947.5135135135135,37,High,176.0,12,27,13.0
p2539,715.2441860465116,86,Low,149.0,23,45,26.0
p254,938.0,1,High,16.0,1,1,1.0
p2540,936.0,16,High,50.5,10,11,11.0
p2541,839.71875,32,Low,91.0,16,36,21.0
p2543,997.1785714285714,56,High,34.0,69,36,80.0
p2544,914.5,2,High,67.0,5,5,5.0
p2545,733.2857142857143,7,Low,47.5,4,4,4.0
p2547,797.3333333333334,12,Low,59.0,11,11,12.0
p2549,1000.0,1,High,34.0,2,1,2.0
p255,846.25,12,Low,96.0,8,18,8.0
p2551,994.047619047619,21,High,58.0,19,11,21.0
p2552,779.5068493150685,73,Low,124.0,32,31,33.0
p2553,1000.0,1,High,63.5,2,2,2.0
p2554,997.75,4,High,56.5,2,4,2.0
p2555,833.5,2,Low,1.0,5,2,6.0
p2556,914.625,8,High,61.0,7,10,8.0
p2557,993.8,5,High,97.0,3,7,3.0
p2558,698.7727272727273,22,Low,74.5,18,29,18.0
p2559,792.6666666666666,3,Low,243.0,1,2,1.0
p256,894.0441176470588,68,High,61.0,65,41,70.0
p2560,686.1428571428571,14,Low,104.5,12,23,14.0
p2561,1000.0,1,High,63.0,1,1,1.0
p2562,870.0,2,High,72.0,1,2,1.0
p2563,632.7727272727273,22,Low,246.0,9,25,20.0
p2564,894.8888888888889,9,High,59.0,2,6,6.0
p2565,625.6470588235294,17,Low,134.5,4,13,4.0
p2566,875.3888888888889,18,High,134.0,9,24,10.0
p2568,824.75,4,Low,51.0,2,4,2.0
p257,927.6923076923077,13,High,297.0,3,23,4.0
p2570,659.5714285714286,14,Low,69.0,15,35,16.0
p2571,997.3809523809524,21,High,132.5,6,19,6.0
p2572,517.8947368421053,19,Low,83.0,8,18,12.0
p2573,830.3333333333334,3,Low,101.5,2,4,2.0
p2575,776.0,7,Low,103.0,6,9,6.0
p2577,792.3333333333334,6,Low,71.0,4,7,
p2578,818.5,2,Low,53.0,1,2,1.0
p2579,596.9,10,Low,45.0,7,23,9.0
p258,786.0,6,Low,102.5,2,4,2.0
p2581,897.5,4,High,173.0,2,6,2.0
p2582,909.2105263157895,19,High,28.0,19,21,21.0
p2584,884.4166666666666,12,High,136.5,6,17,6.0
p2585,887.0,7,High,26.0,13,6,16.0
p2587,1000.0,1,High,18.0,1,1,1.0
p2588,998.0,4,High,24.0,6,3,6.0
p2589,941.0,6,High,184.5,2,8,2.0
p259,167.5,2,Low,69.5,4,4,4.0
p2590,783.4545454545455,11,Low,47.0,9,19,9.0
p2591,733.0,1,Low,84.0,7,20,8.0
p2592,982.9428571428572,35,High,110.5,8,29,8.0
p2593,660.0,10,Low,71.0,8,22,8.0
p2594,832.3571428571429,14,Low,29.0,15,9,18.0
p2595,995.5555555555555,9,High,51.0,15,14,15.0
p2596,861.6,5,High,14.0,3,4,3.0
p2597,964.0952380952381,21,High,83.5,8,24,11.0
p2598,999.3448275862069,29,High,63.0,17,26,18.0
p2599,536.1153846153846,78,Low,119.5,16,42,19.0
p26,702.0,1,Low,14.0,1,1,1.0
p2600,929.9272727272727,55,High,80.5,44,38,46.0
p2601,677.0,1,Low,30.0,3,5,4.0
p2602,995.6111111111111,18,High,15.0,37,6,62.0
p2603,1000.0,1,High,222.0,1,1,1.0
p2604,978.0,3,High,96.0,1,3,1.0
p2606,520.8333333333334,6,Low,57.0,4,4,
p2607,816.3,10,Low,41.0,7,8,11.0
p2609,976.5,2,High,102.0,1,2,1.0
p2612,813.0,2,Low,48.0,1,0,1.0
p2613,725.2857142857143,7,Low,59.5,10,11,10.0
p2614,579.375,24,Low,26.0,28,28,44.0
p2617,703.0,1,Low,37.0,1,1,1.0
p2619,814.2,40,Low,147.0,11,29,17.0
p262,787.4,35,Low,168.0,19,39,21.0
p2622,848.0,1,Low,57.0,1,1,1.0
p2623,960.0714285714286,42,High,111.0,34,28,37.0
p2624,788.4736842105264,19,Low,45.0,13,13,16.0
p2625,913.5,2,High,138.0,3,6,4.0
p2627,709.0,1,Low,22.5,8,6,9.0
p2628,796.2222222222222,9,Low,130.0,6,14,7.0
p2629,820.7142857142857,7,Low,29.0,7,4,8.0
p263,792.5,4,Low,67.5,2,7,10.0
p2631,997.0,4,High,183.0,7,11,7.0
p2632,870.75,4,High,31.0,10,4,10.0
p2633,926.4444444444445,18,High,46.0,26,24,28.0
p2634,907.0,5,High,77.0,4,8,4.0
p2636,762.2432432432432,37,Low,76.0,21,38,21.0
p2637,1000.0,8,High,51.0,13,14,16.0
p264,994.5,2,High,49.0,5,4,6.0
p2640,938.62,50,High,108.0,17,43,21.0
p2641,941.2,15,High,33.0,11,12,11.0
p2642,991.75,4,High,296.0,1,3,1.0
p2643,887.1320754716982,53,High,38.0,64,38,69.0
p2644,771.5,2,Low,38.0,3,4,4.0
p2645,944.8333333333334,6,High,135.0,3,9,3.0
p2646,951.4444444444445,9,High,40.0,5,7,8.0
p2647,600.0,12,Low,150.0,5,23,6.0
p265,851.4444444444445,18,Low,65.5,10,15,11.0
p2650,963.3333333333334,9,High,127.5,2,12,3.0
p2651,617.5,12,Low,169.5,2,7,2.0
p2652,822.0,44,Low,75.5,32,41,32.0
p2655,609.0,1,Low,12.0,1,1,1.0
p2656,917.1538461538462,13,High,54.0,10,13,12.0
p2657,440.0,1,Low,51.0,1,2,1.0
p2658,843.0,2,Low,62.0,1,2,1.0
p2659,953.3,10,High,35.0,22,9,22.0
p266,1000.0,1,High,8.0,1,1,1.0
p2660,984.0714285714286,14,High,117.0,4,7,5.0
p2661,887.5,2,High,15.0,7,4,8.0
p2662,705.1,50,Low,39.0,32,40,36.0
p2664,995.4615384615385,13,High,284.0,2,6,8.0
p2665,830.2857142857143,14,Low,139.0,5,20,7.0
p2666,799.0,2,Low,5.0,3,3,
p2667,996.9,30,High,45.0,49,36,49.0
p2669,700.7,10,Low,86.0,7,21,8.0
p267,828.0,2,Low,57.0,2,4,2.0
p2670,967.0,7,High,95.0,8,20,8.0
p2671,1000.0,1,High,23.0,3,2,3.0
p2672,680.5,6,Low,32.0,5,1,5.0
p2673,885.4545454545455,55,High,87.0,21,35,21.0
p2674,797.25,4,Low,95.0,2,6,2.0
p2675,932.4,20,High,100.0,33,40,35.0
p2676,701.3725490196078,51,Low,131.0,8,38,13.0
p2677,993.6666666666666,3,High,106.5,6,20,6.0
p2678,906.3846153846154,13,High,62.0,6,13,6.0
p2679,876.25,8,High,104.0,5,12,6.0
p268,850.0,15,Low,115.0,15,40,18.0
p2680,863.26,150,High,30.0,193,217,210.0
p2681,1000.0,2,High,1.0,1,38,2.0
p2683,883.9,10,High,57.0,11,22,13.0
p2684,865.5,2,High,36.0,1,1,1.0
p2685,730.390243902439,41,Low,73.0,35,73,36.0
p2686,771.5,14,Low,43.0,17,21,17.0
p2687,864.2307692307693,13,High,104.5,4,11,4.0
p2688,829.0833333333334,12,Low,106.0,4,21,4.0
p2689,860.4864864864865,111,High,84.0,31,32,37.0
p269,783.561403508772,57,Low,141.0,10,38,13.0
p2690,792.0,4,Low,64.0,4,4,4.0
p2691,1000.0,1,High,47.0,2,3,3.0
p2692,814.2777777777778,36,Low,77.5,10,23,11.0
p2693,780.0,3,Low,42.0,3,4,3.0
p2694,709.3181818181819,22,Low,105.0,5,16,6.0
p2695,779.8,5,Low,64.0,5,6,11.0
p2696,997.0,1,High,89.0,1,3,1.0
p2698,856.5,8,Low,297.0,1,7,2.0
p2699,777.5714285714286,35,Low,221.0,12,40,12.0
p270,774.4,10,Low,65.5,12,19,22.0
p2700,975.8571428571429,7,High,79.0,19,44,23.0
p2701,843.48,25,Low,122.0,18,37,20.0
p2702,862.75,8,High,18.0,5,4,8.0
p2703,714.3333333333334,3,Low,125.0,1,3,1.0
p2704,701.5555555555555,9,Low,205.0,1,15,2.0
p2705,921.5,8,High,97.0,7,16,7.0
p2706,1000.0,3,High,31.5,6,1,7.0
p2707,827.4375,16,Low,101.0,12,16,14.0
p2708,960.8139534883721,43,High,49.0,56,19,57.0
p2709,866.6190476190476,21,High,110.0,12,15,18.0
p2710,727.1818181818181,11,Low,106.0,5,7,5.0
p2711,937.0,11,High,31.0,9,16,11.0
p2712,1000.0,1,High,15.0,1,1,1.0
p2713,729.0833333333334,12,Low,95.0,8,20,8.0
p2714,928.0,1,High,19.0,2,1,3.0
p2715,948.0,1,High,87.0,1,3,2.0
p2716,892.25,4,High,251.0,2,6,2.0
p2717,635.1666666666666,6,Low,28.0,6,6,7.0
p2718,972.8636363636364,22,High,25.0,57,38,76.0
p2719,820.6875,16,Low,66.0,11,14,11.0
p272,663.1111111111111,9,Low,84.0,11,12,16.0
p2720,1000.0,6,High,70.0,2,4,2.0
p2721,189.6,5,Low,30.0,15,12,16.0
p2722,903.3103448275862,29,High,101.0,24,49,30.0
p2723,729.4,15,Low,70.5,8,22,8.0
p2724,999.0,3,High,188.0,1,9,2.0
p2725,996.6666666666666,3,High,50.5,4,4,4.0
p2727,903.8571428571429,14,High,43.0,15,11,16.0
p2728,932.88,50,High,52.0,30,32,30.0
p2729,864.5,12,High,72.5,10,15,10.0
p273,885.125,8,High,114.5,2,4,3.0
p2734,714.3333333333334,9,Low,115.0,6,11,6.0
p2736,911.5208333333334,48,High,96.0,23,38,27.0
p2738,740.8947368421053,19,Low,301.0,3,12,3.0
p274,695.7142857142857,7,Low,58.0,8,10,14.0
p2740,998.0,1,High,38.5,2,3,2.0
p2741,939.0,2,High,51.0,1,3,1.0
p2742,953.5,4,High,49.5,4,5,4.0
p2743,746.5,10,Low,29.0,17,18,17.0
p2746,898.4545454545455,11,High,109.0,3,6,5.0
p2747,911.8461538461538,13,High,98.5,4,13,9.0
p2748,1000.0,1,High,41.0,1,2,1.0
p2749,916.5384615384615,13,High,34.0,13,13,
p275,845.3928571428571,28,Low,60.0,42,41,48.0
p2750,714.5,8,Low,176.0,1,2,1.0
p2751,949.5,2,High,115.0,3,6,3.0
p2752,860.0,11,High,43.0,13,8,15.0
p2754,770.8333333333334,6,Low,40.0,14,18,15.0
p2756,573.8157894736842,38,Low,63.5,20,19,22.0
p2758,785.25,4,Low,108.5,2,7,4.0
p2759,781.921052631579,38,Low,131.0,11,39,12.0
p276,787.0,32,Low,179.5,4,30,9.0
p2760,813.75,4,Low,109.5,2,6,2.0
p2761,958.6521739130435,69,High,48.0,112,71,120.0
p2762,992.6,10,High,118.0,6,19,6.0
p2763,878.3333333333334,12,High,64.0,9,19,10.0
p2764,892.0,2,High,57.5,2,4,2.0
p2765,883.875,16,High,113.0,9,22,9.0
p2766,849.5263157894736,19,Low,52.0,11,20,11.0
p2767,855.7647058823529,17,Low,81.0,7,16,8.0
p2768,458.46153846153845,13,Low,154.0,5,11,8.0
p2770,999.6923076923077,26,High,75.0,10,27,16.0
p2773,930.7333333333333,15,High,153.0,3,6,3.0
p2774,839.8,5,Low,160.0,1,4,4.0
p2775,846.8333333333334,18,Low,111.5,6,25,10.0
p2776,999.65,20,High,183.0,5,9,7.0
p2777,800.0,32,Low,60.5,20,35,24.0
p2778,716.2,5,Low,24.0,5,4,5.0
p2779,842.0,2,Low,19.5,10,38,16.0
p278,1000.0,6,High,1.0,1,9,2.0
p2781,998.75,4,High,82.0,2,3,3.0
p2785,781.6666666666666,3,Low,26.0,3,4,3.0
p2786,999.3333333333334,6,High,90.0,5,9,6.0
p2787,998.0,1,High,38.0,2,1,2.0
p2788,998.75,16,High,85.0,7,14,10.0
p2789,959.2857142857143,7,High,114.0,1,4,2.0
p2790,997.375,24,High,89.5,10,16,10.0
p2791,985.0,2,High,180.0,1,3,1.0
p2792,986.5757575757576,33,High,92.5,22,30,24.0
p2794,703.0555555555555,18,Low,30.5,24,21,24.0
p2795,854.7,10,Low,116.5,4,14,4.0
p2796,771.3846153846154,13,Low,180.5,6,58,6.0
p2797,925.5,16,High,167.0,3,11,3.0
p2798,586.4,5,Low,51.0,5,4,5.0
p28,819.6666666666666,48,Low,95.0,11,12,14.0
p280,996.0,6,High,91.0,2,6,2.0
p2800,757.6666666666666,3,Low,82.0,1,3,1.0
p2801,989.0,1,High,10.0,1,1,1.0
p2803,964.1,10,High,78.0,5,5,5.0
p2804,776.6037735849056,53,Low,86.5,20,46,26.0
p2805,774.3125,16,Low,53.0,12,9,14.0
p2806,933.375,8,High,36.0,13,11,13.0
p2807,948.3333333333334,9,High,90.0,5,4,5.0
p2808,898.6666666666666,3,High,37.5,2,3,2.0
p2809,793.3333333333334,3,Low,59.0,3,6,4.0
p281,952.6,5,High,70.0,1,3,1.0
p2810,996.5645161290323,62,High,161.0,15,34,16.0
p2811,988.0,1,High,84.0,1,38,1.0
p2812,1000.0,8,High,278.0,1,4,1.0
p2813,914.0263157894736,38,High,73.0,33,30,36.0
p2814,810.625,8,Low,88.0,4,4,5.0
p2815,792.0,2,Low,27.5,2,3,3.0
p2816,999.6666666666666,18,High,40.0,22,24,23.0
p2817,992.6,5,High,123.0,1,4,1.0
p2818,992.6666666666666,3,High,42.5,4,4,4.0
p2819,917.125,8,High,39.5,6,20,9.0
p282,879.8051948051948,77,High,54.0,73,91,85.0
p2820,695.75,16,Low,100.0,13,18,13.0
p2821,887.7,20,High,191.0,3,26,5.0
p2822,979.0208333333334,48,High,60.0,42,39,42.0
p2823,485.0,2,Low,35.5,2,2,2.0
p2824,719.6818181818181,22,Low,227.5,2,22,6.0
p2826,883.6666666666666,3,High,27.0,3,3,3.0
p2828,802.0,1,Low,88.0,1,1,1.0
p2829,819.0,27,Low,125.0,8,16,8.0
p283,914.5714285714286,21,High,138.0,9,18,9.0
p2830,559.0,1,Low,13.0,7,3,8.0
p2831,769.4,5,Low,151.0,1,4,1.0
p2832,820.625,56,Low,60.0,31,38,32.0
p2834,737.5833333333334,12,Low,122.0,6,19,7.0
p2835,911.0,1,High,14.0,3,43,4.0
p2836,998.0,2,High,19.0,15,9,15.0
p2837,999.6428571428571,14,High,163.0,7,16,8.0
p2838,797.8823529411765,17,Low,64.0,13,20,17.0
p2839,967.0,2,High,162.0,1,3,1.0
p284,984.8,10,High,65.5,12,7,12.0
p2843,863.8666666666667,15,High,117.0,7,13,8.0
p2844,798.3636363636364,11,Low,129.0,5,20,7.0
p2845,740.3478260869565,23,Low,69.0,15,26,15.0
p2846,947.3157894736842,19,High,40.0,13,10,15.0
p2847,1000.0,1,High,18.0,3,2,3.0
p2848,979.9285714285714,84,High,129.5,26,79,29.0
p285,883.8095238095239,21,High,90.0,3,7,3.0
p2850,878.375,8,High,167.5,4,18,4.0
p2852,999.5632377740303,593,High,177.0,169,315,211.0
p2854,965.1428571428571,21,High,79.5,10,24,12.0
p2855,617.8235294117648,17,Low,35.0,15,13,19.0
p2856,865.0,1,High,17.0,1,1,1.0
p2857,803.75,20,Low,98.0,7,15,8.0
p2858,1000.0,1,High,17.0,1,0,2.0
p2859,999.6969696969697,33,High,33.0,24,25,27.0
p286,855.0,4,Low,42.0,3,4,5.0
p2862,924.5454545454545,11,High,344.0,5,13,6.0
p2863,957.75,4,High,11.0,3,3,3.0
p2864,877.0,9,High,62.0,10,19,11.0
p2867,551.4782608695652,23,Low,60.5,8,19,10.0
p2868,851.2,35,Low,174.0,17,42,24.0
p2869,540.5,2,Low,51.0,4,3,4.0
p2870,998.5714285714286,7,High,71.0,3,7,3.0
p2871,846.1052631578947,19,Low,67.0,9,16,9.0
p2872,1000.0,10,High,83.0,8,9,8.0
p2873,994.0,2,High,36.5,2,3,2.0
p2874,611.5151515151515,33,Low,32.0,33,37,35.0
p2875,719.0,1,Low,36.0,1,1,1.0
p2877,654.0,2,Low,34.0,1,1,2.0
p2879,924.0434782608696,23,High,57.0,9,18,9.0
p288,1000.0,16,High,105.0,5,25,9.0
p2880,948.8181818181819,11,High,146.0,3,5,3.0
p2881,873.0,3,High,42.0,7,4,7.0
p2882,997.25,8,High,134.0,2,4,2.0
p2883,991.2142857142857,14,High,58.5,8,13,10.0
p2884,541.6666666666666,3,Low,53.0,2,4,2.0
p2885,984.5217391304348,46,High,96.0,13,38,16.0
p2887,1000.0,1,High,8.5,2,2,2.0
p2888,862.8181818181819,44,High,70.0,15,36,21.0
p2889,742.0,10,Low,147.0,5,20,5.0
p289,1000.0,1,High,92.0,1,1,1.0
p2890,996.0,1,High,20.0,1,1,1.0
p2891,831.6666666666666,3,Low,20.5,14,21,15.0
p2892,889.2,5,High,81.5,4,6,4.0
p2893,885.5,2,High,29.0,1,1,1.0
p2894,956.0952380952381,21,High,56.5,10,11,11.0
p2895,942.0,1,High,21.0,6,5,9.0
p2896,960.6923076923077,13,High,91.0,7,6,12.0
p2898,811.0,1,Low,14.0,1,1,1.0
p2899,924.0,81,High,159.0,19,41,26.0
p290,768.0,2,Low,65.0,1,3,1.0
p2900,746.72,50,Low,126.0,21,45,24.0
p2902,487.0,1,Low,26.0,1,1,1.0
p2903,857.3333333333334,3,Low,39.0,3,3,3.0
p2904,797.5,2,Low,46.0,2,3,4.0
p2905,961.3333333333334,3,High,29.0,20,17,23.0
p2906,812.4615384615385,13,Low,64.5,10,22,10.0
p2907,684.4444444444445,18,Low,60.0,9,12,11.0
p2908,990.5,2,High,106.0,1,2,1.0
p2909,683.5555555555555,9,Low,44.0,11,47,12.0
p291,656.4285714285714,7,Low,94.0,9,22,10.0
p2910,1000.0,3,High,37.0,2,3,2.0
p2912,805.0,1,Low,35.0,7,7,10.0
p2913,951.4444444444445,9,High,177.5,2,7,2.0
p2914,908.4473684210526,38,High,148.0,13,30,16.0
p2917,747.3454545454546,55,Low,40.0,31,41,32.0
p2919,997.375,8,High,206.0,3,19,4.0
p292,996.703125,64,High,93.5,18,53,20.0
p2920,1000.0,1,High,36.0,4,4,4.0
p2924,955.1216216216217,74,High,64.0,27,54,36.0
p2926,912.5,4,High,39.0,13,7,13.0
p2927,647.9555555555555,45,Low,105.0,30,38,31.0
p2928,806.5,6,Low,51.0,7,6,7.0
p2929,897.75,4,High,23.5,10,7,12.0
p293,804.0909090909091,11,Low,104.0,4,24,5.0
p2930,962.9047619047619,21,High,107.0,14,38,15.0
p2931,866.1578947368421,19,High,215.0,9,25,11.0
p2935,1000.0,29,High,41.0,52,29,58.0
p2938,760.0714285714286,14,Low,54.0,11,20,11.0
p2939,639.0,1,Low,26.0,1,1,1.0
p294,895.8666666666667,15,High,148.5,4,19,7.0
p2940,784.9305555555555,72,Low,46.5,28,62,44.0
p2941,778.7,10,Low,60.0,5,6,5.0
p2943,959.4166666666666,12,High,99.0,9,23,9.0
p2944,540.6326530612245,49,Low,127.5,20,107,21.0
p2945,893.3333333333334,78,High,67.0,11,40,48.0
p2946,998.6,10,High,230.0,4,8,4.0
p2947,835.5454545454545,11,Low,54.0,8,49,8.0
p2949,745.2941176470588,17,Low,88.0,5,11,7.0
p295,913.0,1,High,19.0,1,1,1.0
p2950,3.0,2,Low,119.0,1,6,
p2951,858.4444444444445,9,High,163.0,6,14,6.0
p2952,848.0,1,Low,62.0,1,2,1.0
p2953,955.8888888888889,9,High,77.0,6,7,7.0
p2954,873.6818181818181,22,High,67.5,12,9,13.0
p2956,999.54375,320,High,135.0,55,319,117.0
p2957,669.8333333333334,24,Low,32.0,30,20,34.0
p2959,953.4347826086956,23,High,57.0,8,13,9.0
p296,755.8571428571429,7,Low,58.0,9,7,10.0
p2960,764.75,4,Low,52.5,2,4,2.0
p2962,872.1,20,High,87.0,7,15,7.0
p2963,613.6086956521739,23,Low,141.0,4,11,4.0
p2965,980.6666666666666,18,High,389.0,1,26,3.0
p2968,998.0,1,High,42.0,1,1,1.0
p297,1000.0,1,High,27.0,2,3,2.0
p2970,727.8235294117648,17,Low,51.5,24,26,26.0
p2971,762.75,4,Low,46.5,12,17,12.0
p2972,761.5,2,Low,29.0,5,5,5.0
p2975,823.991304347826,115,Low,48.0,107,87,121.0
p2978,822.3157894736842,57,Low,48.0,38,30,40.0
p298,644.6875,48,Low,40.0,48,38,52.0
p2982,856.5454545454545,22,Low,70.0,20,27,20.0
p2984,962.0,3,High,91.0,1,2,2.0
p299,685.0,2,Low,43.5,2,3,2.0
p2990,698.8,15,Low,75.0,9,19,10.0
p2991,972.9473684210526,19,High,76.0,8,13,13.0
p2992,791.4,65,Low,52.0,46,53,58.0
p2993,715.0,1,Low,18.0,4,3,4.0
p2994,974.7352941176471,34,High,63.0,27,37,29.0
p2996,978.6923076923077,13,High,122.0,11,29,14.0
p2997,969.4727272727273,55,High,129.0,16,30,16.0
p2998,996.9090909090909,11,High,10.5,40,12,45.0
p2999,936.0,1,High,44.0,2,3,2.0
p3,187.96875,64,Low,21.0,79,37,97.0
p30,769.8611111111111,36,Low,84.0,24,40,26.0
p3000,816.6470588235294,17,Low,42.0,9,20,9.0
p3002,602.625,8,Low,54.0,6,9,7.0
p3003,999.4029850746268,67,High,67.0,37,42,40.0
p3005,239.0,1,Low,61.0,3,3,4.0
p3009,862.6153846153846,78,High,71.0,41,72,73.0
p301,794.0,8,Low,28.0,16,5,16.0
p3012,862.25,4,High,23.5,4,4,4.0
p3013,999.12,25,High,181.0,3,20,4.0
p3014,888.225,40,High,87.0,29,38,30.0
p3016,1000.0,10,High,117.5,10,10,11.0
p3017,928.2222222222222,9,High,366.0,4,18,4.0
p3018,698.5,2,Low,156.0,1,5,1.0
p3019,1000.0,2,High,80.0,1,1,1.0
p302,881.0,1,High,74.0,1,3,1.0
p3020,631.0,2,Low,22.0,3,2,3.0
p3022,552.15,20,Low,158.0,13,60,13.0
p3023,772.75,8,Low,63.5,4,3,4.0
p3024,999.6923076923077,26,High,53.0,13,17,
p3025,749.125,8,Low,37.0,14,11,16.0
p3028,854.0714285714286,14,Low,24.5,36,32,39.0
p3029,994.6666666666666,9,High,180.0,1,4,2.0
p303,967.3333333333334,3,High,84.0,3,9,3.0
p3030,664.15,20,Low,73.5,10,24,12.0
p3031,940.6666666666666,36,High,100.0,21,48,32.0
p3032,806.04,25,Low,188.0,7,21,9.0
p3033,666.0,1,Low,100.0,2,2,2.0
p3035,870.25,4,High,128.0,2,6,2.0
p3036,689.3181818181819,22,Low,51.0,19,42,23.0
p3037,682.9090909090909,11,Low,103.0,6,10,6.0
p3038,839.9473684210526,19,Low,81.0,5,22,7.0
p3039,698.0,26,Low,65.0,23,32,32.0
p3040,582.972972972973,37,Low,18.0,25,38,26.0
p3041,1000.0,18,High,89.0,8,12,8.0
p3043,852.952380952381,84,Low,102.0,36,57,37.0
p3044,429.75,8,Low,187.5,4,12,4.0
p3045,713.7647058823529,17,Low,170.0,4,32,5.0
p3046,830.2222222222222,9,Low,81.0,9,19,9.0
p3047,917.0,2,High,41.5,2,3,2.0
p3048,1000.0,1,High,61.0,1,2,1.0
p3049,797.9,10,Low,16.0,8,5,8.0
p305,797.2857142857143,7,Low,62.0,3,3,3.0
p3050,893.4,5,High,135.0,2,3,2.0
p3051,960.0,2,High,29.5,8,7,
p3052,866.0,4,High,34.0,7,4,7.0
p3053,694.3888888888889,36,Low,149.0,7,29,10.0
p3054,815.2222222222222,9,Low,137.0,2,6,2.0
p3055,966.0,12,High,70.5,8,16,8.0
p3056,722.8571428571429,14,Low,78.5,10,11,12.0
p3057,808.8333333333334,6,Low,43.0,3,7,3.0
p3058,907.375,8,High,104.0,5,8,5.0
p3059,895.25,8,High,30.0,8,6,8.0
p3060,1000.0,1,High,64.0,10,20,10.0
p3061,998.0,11,High,68.5,10,13,11.0
p3063,964.0,6,High,40.0,4,6,5.0
p3064,1000.0,3,High,14.0,3,10,4.0
p3065,642.0,2,Low,27.5,2,1,2.0
p3066,716.0,2,Low,70.5,2,3,2.0
p3067,767.0,2,Low,10.0,11,6,11.0
p3068,977.6,5,High,2.0,9,6,14.0
p3069,848.75,4,Low,42.0,10,9,13.0
p307,879.9636363636364,55,High,122.0,21,37,32.0
p3072,988.5,6,High,68.0,7,6,7.0
p3073,907.6666666666666,6,High,76.0,5,6,5.0
p3074,828.7272727272727,11,Low,104.0,7,12,8.0
p3075,549.1428571428571,7,Low,77.5,8,13,8.0
p3076,924.5,2,High,29.0,1,1,2.0
p3077,998.2142857142857,28,High,25.5,28,35,33.0
p308,941.4230769230769,26,High,118.5,8,20,11.0
p3080,998.6571428571428,35,High,31.0,57,37,61.0
p3083,565.0,1,Low,110.0,1,5,1.0
p3084,994.3636363636364,11,High,231.0,3,22,3.0
p3085,841.0769230769231,26,Low,123.0,7,23,11.0
p3086,891.8823529411765,17,High,30.0,29,16,32.0
p3088,971.2686567164179,67,High,47.5,74,62,78.0
p3089,738.2857142857143,28,Low,31.0,36,29,36.0
p309,721.9090909090909,11,Low,46.0,11,11,13.0
p3091,889.0,1,High,8.0,7,1,9.0
p3092,718.7142857142857,7,Low,94.0,5,9,5.0
p3095,920.2,5,High,62.5,8,10,9.0
p3096,726.2957746478874,71,Low,100.0,20,42,23.0
p3097,652.0,3,Low,48.5,8,7,9.0
p3098,812.6,10,Low,80.0,9,14,9.0
p3099,848.5555555555555,9,Low,26.5,16,12,17.0
p310,628.2153846153847,65,Low,61.0,27,37,29.0
p3100,950.75,4,High,195.0,1,23,2.0
p3101,802.1590909090909,44,Low,140.0,13,42,13.0
p3102,579.2727272727273,11,Low,158.0,4,12,5.0
p3103,813.0,1,Low,23.0,1,1,1.0
p3104,756.8,5,Low,78.0,19,31,23.0
p3106,851.6666666666666,3,Low,49.0,1,3,1.0
p3107,832.3333333333334,3,Low,82.0,3,6,4.0
p3109,997.0,2,High,50.0,1,2,1.0
p311,735.8333333333334,12,Low,40.0,15,25,16.0
p3110,908.3061224489796,49,High,137.0,18,38,20.0
p3111,835.5,4,Low,12.0,7,6,8.0
p3112,750.6666666666666,6,Low,80.5,6,13,8.0
p3113,727.0,4,Low,131.0,2,4,2.0
p3114,657.8695652173913,23,Low,112.5,10,23,11.0
p3115,880.5,16,High,42.0,20,36,23.0
p3116,811.5,2,Low,56.0,1,3,1.0
p3117,859.2307692307693,13,High,44.0,9,8,11.0
p3118,701.0,1,Low,18.0,1,1,1.0
p3119,1000.0,146,High,86.0,102,178,106.0
p3120,820.0,2,Low,154.0,1,3,1.0
p3121,971.547619047619,42,High,73.0,31,35,35.0
p3122,796.6,5,Low,185.0,1,4,1.0
p3123,824.4285714285714,7,Low,79.0,6,9,6.0
p3124,837.1428571428571,14,Low,48.5,16,9,17.0
p3125,661.0,1,Low,54.0,1,3,1.0
p3126,970.4444444444445,18,High,70.0,10,38,10.0
p3128,866.9444444444445,18,High,75.0,15,23,21.0
p3129,771.0,15,Low,52.0,12,9,15.0
p3130,697.4,10,Low,52.0,5,13,
p3132,937.64,25,High,110.0,17,39,19.0
p3134,923.4,5,High,78.0,2,6,2.0
p3137,622.9166666666666,12,Low,46.5,4,16,7.0
p3138,941.0,1,High,44.0,1,1,1.0
p3139,771.0,1,Low,31.0,2,1,2.0
p314,867.0,10,High,59.0,13,17,13.0
p3140,934.3333333333334,6,High,62.0,9,20,9.0
p3141,673.1428571428571,7,Low,37.0,10,3,13.0
p3142,803.5,6,Low,47.0,3,6,6.0
p3144,633.0526315789474,38,Low,117.0,14,30,15.0
p3145,947.8,15,High,76.0,5,16,5.0
p3149,795.0,30,Low,31.0,43,30,44.0
p315,965.0,2,High,21.5,2,1,2.0
p3150,722.0,1,Low,33.0,7,4,
p3151,693.6,5,Low,164.0,3,12,4.0
p3152,842.3333333333334,3,Low,20.0,2,2,2.0
p3154,873.0714285714286,14,High,44.0,19,14,20.0
p3155,940.375,16,High,47.5,16,9,18.0
p3157,595.8333333333334,12,Low,45.0,13,14,13.0
p3162,985.0,1,High,98.5,2,22,2.0
p3163,807.4901960784314,51,Low,121.5,18,43,19.0
p3165,757.2727272727273,11,Low,72.0,11,12,12.0
p3166,956.1578947368421,19,High,70.0,14,23,14.0
p3167,838.6666666666666,9,Low,81.0,8,15,10.0
p3168,814.5441176470588,68,Low,64.5,54,125,58.0
p3171,699.6470588235294,51,Low,148.0,20,38,20.0
p3172,1000.0,1,High,33.5,2,2,2.0
p3173,650.9411764705883,34,Low,60.5,10,29,11.0
p3174,991.6075949367089,79,High,156.0,18,40,20.0
p3175,893.2105263157895,19,High,64.0,12,11,13.0
p3176,959.2,5,High,105.0,4,6,5.0
p3179,959.25,4,High,82.0,2,3,2.0
p3180,860.2222222222222,9,High,76.5,6,7,7.0
p3181,769.7931034482758,29,Low,87.0,16,24,19.0
p3182,818.3956043956044,91,Low,26.0,107,56,113.0
p3184,815.0,1,Low,31.0,2,2,2.0
p3185,877.5,2,High,96.0,2,5,2.0
p3186,996.0,4,High,74.0,3,4,3.0
p3187,987.0,9,High,18.0,21,14,21.0
p319,815.76,25,Low,52.0,33,38,34.0
p3190,1000.0,3,High,73.0,2,3,2.0
p3191,879.875,8,High,50.5,10,11,10.0
p3192,932.0,9,High,102.5,2,6,2.0
p3193,979.1538461538462,13,High,281.0,3,13,4.0
p3194,578.6666666666666,6,Low,130.5,2,4,2.0
p3195,835.0,2,Low,74.0,1,2,1.0
p3196,871.5,4,High,34.5,4,2,
p3198,747.4545454545455,11,Low,126.0,3,4,3.0
p3199,960.0,8,High,76.0,7,20,7.0
p32,653.1,10,Low,94.0,5,10,6.0
p320,746.375,8,Low,66.0,10,7,10.0
p3200,826.6896551724138,29,Low,62.0,31,40,41.0
p3201,922.5,4,High,91.0,1,2,1.0
p3204,978.1438848920864,139,High,151.0,14,44,30.0
p3205,721.5,2,Low,23.0,2,3,2.0
p3206,703.0,1,Low,12.0,4,3,5.0
p3207,872.25,4,High,35.0,4,3,4.0
p3208,932.8888888888889,9,High,50.5,10,6,10.0
p3209,655.7727272727273,22,Low,38.0,44,38,47.0
p321,715.0833333333334,12,Low,54.0,12,15,13.0
p3210,996.5,2,High,38.0,2,3,3.0
p3211,998.3461538461538,26,High,77.5,18,29,20.0
p3212,1000.0,1,High,30.5,6,3,6.0
p3214,884.5,8,High,37.0,5,6,9.0
p3215,802.5,2,Low,62.0,1,3,1.0
p3217,645.8,10,Low,101.0,5,16,5.0
p322,972.0,1,High,33.0,3,2,3.0
p3220,886.7205882352941,68,High,109.5,14,38,17.0
p3221,803.75,4,Low,51.5,8,6,8.0
p3222,902.8301886792453,106,High,95.5,24,38,27.0
p3223,859.4285714285714,14,High,64.0,9,14,9.0
p3224,703.1,10,Low,65.0,13,11,14.0
p3225,933.9090909090909,11,High,102.0,6,7,6.0
p3226,755.0,1,Low,22.0,1,1,1.0
p3227,807.3333333333334,3,Low,21.5,4,4,5.0
p3228,901.8235294117648,34,High,109.0,12,31,14.0
p3229,914.6,5,High,78.0,3,6,4.0
p323,751.0,8,Low,66.0,5,46,8.0
p3230,673.5,6,Low,24.0,7,6,7.0
p3231,872.5,2,High,65.0,1,2,1.0
p3233,1000.0,1,High,4.5,2,4,3.0
p3235,920.5,2,High,58.0,1,3,1.0
p3236,997.6666666666666,15,High,162.5,4,31,5.0
p3237,769.4545454545455,11,Low,58.0,5,7,5.0
p3238,957.4,5,High,58.5,6,7,7.0
p3239,773.2857142857143,14,Low,212.0,1,16,2.0
p3240,866.6506024096385,83,High,94.0,19,50,28.0
p3243,931.0,2,High,20.0,2,2,2.0
p3244,913.58,50,High,81.0,27,38,28.0
p3246,954.2,5,High,157.5,16,58,16.0
p3247,683.7234042553191,47,Low,98.0,29,41,32.0
p3248,851.6666666666666,6,Low,100.0,4,15,5.0
p3249,965.8,25,High,46.0,46,29,49.0
p3250,793.5384615384615,52,Low,104.0,10,36,23.0
p3251,998.8333333333334,6,High,104.5,12,25,14.0
p3252,640.9878048780488,82,Low,111.0,23,37,24.0
p3253,795.75,4,Low,380.0,1,2,1.0
p3254,980.9016393442623,61,High,61.5,56,29,56.0
p3255,742.4,20,Low,165.5,4,13,4.0
p3258,762.3333333333334,3,Low,77.0,2,4,2.0
p326,627.7142857142857,28,Low,112.5,16,53,19.0
p3260,997.7619047619048,21,High,74.0,8,566,9.0
p3261,893.2,10,High,161.0,3,20,5.0
p3262,592.0,11,Low,123.0,7,21,7.0
p3263,753.5714285714286,7,Low,47.0,11,13,12.0
p3265,758.0,4,Low,88.5,2,6,2.0
p3267,865.5,20,High,72.0,14,12,23.0
p3268,511.14285714285717,7,Low,69.0,9,25,9.0
p327,745.7777777777778,9,Low,62.0,7,10,7.0
p3270,832.6,5,Low,52.5,4,4,5.0
p3271,831.5833333333334,24,Low,61.0,14,24,15.0
p3273,998.15,20,High,86.5,10,21,10.0
p3274,864.0555555555555,18,High,59.0,17,28,26.0
p3277,752.5882352941177,17,Low,100.0,9,9,10.0
p3279,810.5585585585585,111,Low,208.0,28,50,33.0
p328,923.0,2,High,35.0,1,1,1.0
p3281,866.0,8,High,173.0,4,9,4.0
p3282,567.5,2,Low,63.5,4,3,4.0
p3283,918.3529411764706,17,High,37.0,13,14,16.0
p3284,767.0,3,Low,40.5,2,4,6.0
p3285,801.4310344827586,58,Low,55.0,39,25,41.0
p3286,990.2162162162163,37,High,82.0,14,57,20.0
p3287,883.8,10,High,138.0,9,11,9.0
p3288,963.3064516129032,62,High,104.0,14,46,15.0
p329,836.4,5,Low,54.5,4,4,4.0
p3290,915.6666666666666,3,High,97.0,2,4,2.0
p3292,687.0,1,Low,88.0,1,3,1.0
p3297,821.5,2,Low,103.0,1,60,1.0
p3298,612.0,3,Low,69.0,1,2,1.0
p3299,673.6111111111111,18,Low,51.0,5,16,7.0
p33,897.7142857142857,21,High,55.0,8,22,8.0
p330,801.9444444444445,18,Low,36.0,10,19,10.0
p3301,556.0,4,Low,6.5,2,4,3.0
p3303,1000.0,5,High,84.0,3,4,3.0
p3304,771.25,4,Low,21.5,4,5,7.0
p3305,996.2857142857143,14,High,361.0,2,9,2.0
p3306,967.1034482758621,29,High,46.0,18,21,21.0
p3307,924.25,4,High,20.0,12,9,12.0
p331,807.5,4,Low,16.0,9,6,10.0
p3313,745.3333333333334,6,Low,25.5,10,16,15.0
p3314,890.0,1,High,33.0,1,2,1.0
p3315,811.0,1,Low,42.0,3,0,3.0
p3316,713.9090909090909,11,Low,135.0,5,19,6.0
p3317,492.4909090909091,55,Low,86.5,28,38,29.0
p3320,692.7894736842105,19,Low,109.0,10,23,
p3321,864.75,4,High,75.5,4,7,4.0
p3322,760.6875,16,Low,39.0,15,15,17.0
p3323,994.0,1,High,41.0,1,1,1.0
p3324,962.0,7,High,54.0,7,10,
p3325,1000.0,1,High,12.0,2,1,2.0
p3326,993.3333333333334,3,High,83.0,1,2,2.0
p3329,997.2,25,High,46.0,20,26,21.0
p333,785.0,1,Low,18.5,2,2,3.0
p3331,989.0,1,High,54.0,1,1,1.0
p3332,522.125,24,Low,131.0,3,14,5.0
p3333,688.75,8,Low,63.5,10,11,10.0
p3335,998.5,2,High,41.0,1,2,1.0
p3336,758.2682926829268,41,Low,100.0,19,43,22.0
p3337,999.5714285714286,7,High,103.0,3,18,5.0
p3338,589.0,1,Low,29.0,1,2,1.0
p334,950.8461538461538,13,High,63.0,14,23,14.0
p3340,1000.0,1,High,16.0,1,1,1.0
p3341,998.7931034482758,58,High,149.0,17,42,18.0
p3342,637.0,1,Low,21.0,1,1,2.0
p3343,787.0,1,Low,35.5,4,3,4.0
p3344,867.7358490566038,53,High,50.5,4,28,7.0
p3345,891.625,16,High,94.0,8,20,8.0
p3346,607.952380952381,21,Low,61.0,11,29,17.0
p3348,899.0,9,High,156.0,4,19,4.0
p3349,881.0,17,High,87.0,13,28,16.0
p335,678.2972972972973,111,Low,66.0,92,166,96.0
p3350,792.5454545454545,22,Low,28.0,17,21,18.0
p3351,812.0,2,Low,65.0,3,5,3.0
p3352,996.5,2,High,58.0,1,2,1.0
p3354,668.3333333333334,6,Low,51.5,2,4,2.0
p3355,988.6666666666666,3,High,61.0,3,4,3.0
p3356,772.3333333333334,6,Low,24.0,6,5,6.0
p3357,906.0,1,High,60.0,1,1,1.0
p3359,998.5,4,High,43.0,12,8,12.0
p336,978.9166666666666,12,High,68.5,10,8,12.0
p3360,729.9166666666666,12,Low,54.0,10,6,10.0
p3362,813.0,73,Low,97.5,34,69,41.0
p3363,875.8888888888889,18,High,50.0,13,18,14.0
p3365,831.2727272727273,88,Low,44.0,42,42,47.0
p3366,935.0,7,High,18.5,6,6,7.0
p3369,690.0,1,Low,16.0,2,1,2.0
p337,963.6875,32,High,46.5,34,42,39.0
p3371,607.0694444444445,216,Low,43.5,168,99,245.0
p3372,764.0,3,Low,49.0,1,2,1.0
p3373,805.6,20,Low,82.5,8,10,14.0
p3374,871.0652173913044,46,High,51.0,31,38,32.0
p3376,1000.0,9,High,252.0,3,9,4.0
p3377,998.8181818181819,11,High,69.0,11,7,16.0
p3379,1000.0,1,High,14.0,1,1,1.0
p338,866.5,22,High,98.0,6,14,7.0
p3380,479.9230769230769,13,Low,58.0,7,7,8.0
p3381,729.5,8,Low,66.5,10,19,10.0
p3382,589.8823529411765,17,Low,72.0,9,20,9.0
p3383,979.7777777777778,45,High,49.0,61,86,63.0
p3384,907.16,25,High,42.0,18,33,19.0
p3385,909.3333333333334,3,High,107.0,4,8,4.0
p3386,808.1142857142858,35,Low,42.5,72,38,73.0
p3387,965.4285714285714,7,High,15.0,14,13,15.0
p3388,968.375,8,High,100.0,15,25,15.0
p3389,958.4444444444445,9,High,55.5,6,6,9.0
p339,854.2,5,Low,39.0,5,4,6.0
p3390,878.6666666666666,3,High,39.0,7,8,8.0
p3391,981.08,25,High,88.0,21,44,21.0
p3392,715.5,2,Low,73.0,3,4,3.0
p3393,895.3571428571429,14,High,113.0,5,10,5.0
p3394,857.6071428571429,56,High,61.5,24,37,25.0
p3395,762.1851851851852,27,Low,47.0,18,26,24.0
p3396,715.3658536585366,41,Low,29.0,36,31,38.0
p3397,881.1,20,High,85.0,11,21,12.0
p3399,974.8,5,High,66.0,8,21,9.0
p34,868.6666666666666,6,High,92.0,7,13,10.0
p3402,992.4166666666666,12,High,91.0,9,13,10.0
p3403,973.6,5,High,12.0,3,3,3.0
p3404,664.4285714285714,7,Low,32.0,7,6,7.0
p3406,548.5,2,Low,46.0,2,3,2.0
p3407,569.9354838709677,31,Low,35.0,27,37,29.0
p3408,870.6129032258065,31,High,91.0,11,39,16.0
p3409,981.0,2,High,124.0,2,4,2.0
p341,759.7058823529412,17,Low,87.0,13,30,13.0
p3411,994.6666666666666,3,High,98.0,1,2,1.0
p3412,906.0666666666667,15,High,36.0,7,4,7.0
p3413,703.0,2,Low,37.0,1,1,1.0
p3416,792.0588235294117,17,Low,146.0,5,11,5.0
p3417,971.15,40,High,60.0,15,39,33.0
p3418,1000.0,1,High,170.0,1,4,1.0
p3420,908.0,2,High,41.0,1,1,1.0
p3421,873.5714285714286,14,High,114.0,5,13,5.0
p3422,979.5,10,High,119.0,5,6,6.0
p3423,918.5,8,High,126.5,6,12,7.0
p3425,999.0,1,High,111.0,1,3,1.0
p3426,991.1111111111111,9,High,42.5,14,9,15.0
p3427,560.25,12,Low,112.0,5,12,5.0
p3428,723.5,2,Low,110.0,1,3,3.0
p343,796.3636363636364,11,Low,82.0,6,20,6.0
p3430,862.6666666666666,15,High,49.0,9,8,11.0
p3432,633.2857142857143,7,Low,18.5,8,6,8.0
p3433,859.2222222222222,9,High,36.0,7,8,8.0
p3434,778.5,8,Low,87.0,2,7,5.0
p3435,835.9253731343283,67,Low,75.0,13,44,19.0
p3436,994.0,2,High,27.0,3,1,5.0
p3437,725.7352941176471,34,Low,77.0,17,29,18.0
p3438,687.7777777777778,9,Low,72.5,4,4,4.0
p3439,989.0,1,High,27.0,1,1,1.0
p3441,743.0,2,Low,77.5,2,4,2.0
p3442,1000.0,1,High,125.0,2,7,3.0
p3443,929.7272727272727,11,High,272.0,3,18,4.0
p3444,620.3333333333334,3,Low,24.0,7,0,7.0
p3446,922.375,8,High,150.0,1,4,1.0
p3447,905.0,3,High,50.5,2,4,2.0
p3448,826.1111111111111,9,Low,183.0,4,16,5.0
p3449,973.1875,16,High,97.5,6,10,6.0
p345,718.0,2,Low,22.0,3,4,3.0
p3450,861.0,1,High,77.0,3,5,6.0
p3451,880.625,16,High,127.0,6,12,6.0
p3452,808.4444444444445,9,Low,19.0,9,5,11.0
p3455,786.2631578947369,19,Low,67.0,9,11,14.0
p3456,757.26,50,Low,48.0,45,45,45.0
p3457,800.8333333333334,6,Low,34.0,10,6,13.0
p3458,844.0,1,Low,38.0,3,2,3.0
p3459,862.390625,64,High,47.0,39,38,46.0
p346,938.0,10,High,33.0,13,22,13.0
p3461,849.7368421052631,19,Low,155.0,6,58,6.0
p3462,702.2888888888889,45,Low,54.0,19,65,23.0
p3463,612.5,2,Low,39.0,4,3,4.0
p3464,882.0,2,High,8.0,3,3,3.0
p3465,925.2567567567568,74,High,28.0,90,120,102.0
p3466,765.5,4,Low,9.0,11,4,11.0
p3468,1000.0,1,High,53.0,2,2,2.0
p3469,759.0,1,Low,47.0,1,1,1.0
p347,923.0,6,High,135.0,3,17,3.0
p3472,1000.0,1,High,28.0,1,1,1.0
p3473,753.375,8,Low,147.0,1,4,3.0
p3475,693.6,5,Low,83.5,2,3,2.0
p3477,944.5,10,High,15.0,9,6,10.0
p3480,578.4545454545455,11,Low,56.5,58,41,63.0
p3484,997.0,1,High,16.0,1,1,2.0
p3486,945.56,100,High,116.0,28,42,29.0
p3487,802.0,7,Low,126.0,6,13,8.0
p3488,914.2727272727273,11,High,57.5,10,47,10.0
p3489,849.0,3,Low,130.0,1,3,1.0
p349,717.8771929824561,57,Low,47.5,70,93,78.0
p3490,893.375,24,High,100.0,19,60,24.0
p3491,1000.0,2,High,27.0,3,3,3.0
p3492,973.8461538461538,13,High,85.0,11,18,12.0
p3493,866.1176470588235,17,High,40.5,20,13,22.0
p3494,882.0,1,High,37.0,1,1,1.0
p3495,916.9545454545455,22,High,84.0,11,14,11.0
p3496,758.0,1,Low,10.0,2,1,2.0
p3497,901.0,1,High,16.5,2,1,2.0
p3498,963.0833333333334,12,High,61.5,6,4,8.0
p3499,1000.0,1,High,27.0,4,2,5.0
p35,990.25,8,High,109.5,6,11,7.0
p350,821.1111111111111,9,Low,79.5,6,16,6.0
p3500,840.125,16,Low,82.0,8,15,10.0
p3501,999.3888888888889,54,High,122.0,11,30,15.0
p3502,703.0,1,Low,94.0,1,3,2.0
p3505,925.75,4,High,68.0,5,7,5.0
p3506,770.1052631578947,19,Low,43.0,16,12,18.0
p3508,982.6666666666666,3,High,132.0,1,6,1.0
p3509,901.6666666666666,3,High,143.0,2,6,2.0
p351,691.4545454545455,22,Low,101.5,8,33,9.0
p3510,995.0,1,High,1.0,3,3,3.0
p3511,1000.0,1,High,51.5,2,3,2.0
p3512,625.1285714285714,70,Low,52.0,37,67,41.0
p3513,1000.0,3,High,34.0,3,3,4.0
p3515,890.9375,16,High,99.0,8,17,8.0
p3516,758.5,2,Low,85.0,1,3,2.0
p3517,956.3589743589744,39,High,195.0,11,37,12.0
p3519,815.820895522388,67,Low,158.0,2,35,6.0
p352,577.5,2,Low,21.5,4,3,4.0
p3520,1000.0,10,High,40.0,13,13,13.0
p3521,999.719298245614,57,High,99.0,20,42,27.0
p3523,662.375,40,Low,50.0,41,68,48.0
p3524,963.5945945945946,74,High,167.5,18,37,19.0
p3525,936.8181818181819,11,High,111.5,6,11,6.0
p3526,870.0,1,High,126.0,1,1,1.0
p3527,842.0,21,Low,53.5,16,25,16.0
p3528,985.75,4,High,112.0,3,4,4.0
p3529,824.2352941176471,17,Low,77.0,8,14,9.0
p353,749.0,16,Low,41.0,12,11,14.0
p3530,936.5,10,High,87.5,8,13,8.0
p3531,835.7826086956521,23,Low,53.5,16,23,20.0
p3532,851.375,8,Low,33.0,7,9,8.0
p3535,881.0,2,High,21.0,2,1,3.0
p3536,999.8571428571429,14,High,100.0,7,10,9.0
p3537,823.0,2,Low,124.0,1,3,1.0
p3538,970.4705882352941,17,High,240.0,3,18,3.0
p3539,986.6666666666666,3,High,65.5,4,6,4.0
p354,973.6,5,High,45.5,2,3,2.0
p3540,1000.0,1,High,30.5,2,2,2.0
p3541,700.4318181818181,44,Low,39.0,43,37,60.0
p3542,744.1666666666666,12,Low,96.5,6,14,8.0
p3543,955.4285714285714,7,High,36.0,7,12,7.0
p3544,748.9166666666666,12,Low,49.0,9,12,10.0
p3545,982.0,6,High,39.0,7,13,7.0
p3546,766.0,1,Low,10.0,5,2,8.0
p3547,904.08,25,High,83.0,29,31,30.0
p3548,1000.0,15,High,87.0,7,19,7.0
p3549,991.5,2,High,47.0,1,3,1.0
p3550,710.0,1,Low,28.0,1,1,1.0
p3551,966.4444444444445,9,High,73.5,12,20,12.0
p3552,910.75,4,High,28.5,6,5,8.0
p3553,568.0,3,Low,58.0,2,4,2.0
p3554,966.6875,80,High,52.0,43,40,45.0
p3555,900.4545454545455,11,High,39.0,7,20,7.0
p3556,1000.0,1,High,13.0,1,1,2.0
p3557,977.875,8,High,179.5,4,23,5.0
p3558,947.6875,16,High,77.0,8,17,8.0
p3559,885.0,2,High,21.0,5,4,6.0
p356,867.6808510638298,94,High,33.0,138,207,148.0
p3560,978.75,24,High,68.0,21,43,21.0
p3561,636.2068965517242,29,Low,80.0,18,25,19.0
p3563,751.375,8,Low,38.0,16,17,16.0
p3564,881.3333333333334,24,High,75.0,25,38,25.0
p3566,777.1538461538462,26,Low,129.0,13,30,14.0
p3569,928.566037735849,53,High,74.5,18,39,18.0
p357,941.3333333333334,3,High,53.0,1,1,2.0
p3574,865.1666666666666,6,High,203.0,1,18,2.0
p3575,793.047619047619,42,Low,46.0,27,33,29.0
p3576,994.1929824561404,57,High,72.0,32,25,32.0
p3577,638.2727272727273,11,Low,45.5,10,13,11.0
p3578,678.0,1,Low,57.0,1,2,1.0
p3579,785.0,3,Low,110.0,1,2,1.0
p3580,836.0,2,Low,46.0,1,1,1.0
p3582,894.1818181818181,11,High,38.5,10,10,10.0
p3583,836.2857142857143,21,Low,101.0,11,26,12.0
p3584,832.5384615384615,13,Low,39.5,16,17,17.0
p3585,812.4444444444445,36,Low,75.0,31,38,37.0
p3586,640.3333333333334,3,Low,92.5,2,4,2.0
p3587,961.0,1,High,90.0,1,1,1.0
p3588,807.6666666666666,3,Low,37.0,2,2,2.0
p3589,893.609756097561,41,High,62.0,31,32,34.0
p359,857.7377049180328,61,High,38.0,67,56,
p3590,948.0,18,High,49.0,6,11,8.0
p3591,923.4166666666666,12,High,57.0,15,11,15.0
p3592,733.8333333333334,6,Low,147.0,5,11,5.0
p3593,821.5526315789474,38,Low,43.5,38,34,38.0
p3594,962.0,1,High,34.5,2,2,4.0
p3595,998.0,2,High,14.0,1,23,3.0
p3596,970.7,10,High,91.0,8,17,8.0
p3598,904.0,6,High,51.0,1,4,2.0
p3599,843.0,2,Low,161.0,1,3,1.0
p36,734.6,5,Low,121.0,3,7,3.0
p360,737.0,1,Low,15.0,1,1,1.0
p3600,1000.0,3,High,99.0,1,3,1.0
p3601,844.625,16,Low,46.0,11,22,13.0
p3602,896.0,1,High,19.5,2,0,2.0
p3603,999.8717948717949,78,High,46.0,66,59,69.0
p3604,709.6129032258065,31,Low,61.5,16,24,17.0
p3605,860.6838235294117,136,High,95.0,61,47,61.0
p3606,855.6923076923077,13,Low,62.0,11,20,12.0
p3608,1000.0,1,High,19.0,5,3,6.0
p3610,978.6,5,High,41.5,2,2,2.0
p3611,866.5384615384615,13,High,28.0,11,9,14.0
p3612,799.1666666666666,6,Low,62.0,11,13,11.0
p3613,999.5,14,High,61.0,8,13,10.0
p3614,959.5,4,High,22.0,3,2,3.0
p3617,702.3703703703703,54,Low,117.0,16,38,16.0
p3619,444.6779661016949,59,Low,154.0,25,41,26.0
p362,866.68,25,High,54.0,31,39,35.0
p3620,1000.0,1,High,207.5,2,8,2.0
p3621,942.5,2,High,49.0,3,4,3.0
p3622,997.5384615384615,13,High,54.0,8,15,10.0
p3623,997.625,16,High,160.5,6,13,7.0
p3624,711.0,1,Low,22.0,2,1,2.0
p3625,764.9166666666666,12,Low,79.0,7,18,7.0
p3626,917.3333333333334,12,High,32.0,13,13,13.0
p3627,664.9571428571429,70,Low,117.0,33,49,36.0
p3629,974.6666666666666,3,High,61.5,2,3,2.0
p363,926.4,50,High,165.0,16,40,17.0
p3630,773.0,28,Low,101.5,18,35,22.0
p3631,806.5,2,Low,29.0,7,40,8.0
p3632,996.5,2,High,31.0,1,1,
p3634,910.4285714285714,7,High,40.0,14,12,14.0
p3636,927.4411764705883,34,High,70.0,14,19,18.0
p3637,912.2142857142857,14,High,43.0,5,8,8.0
p3638,996.5,4,High,69.0,6,6,6.0
p3639,948.5365853658536,41,High,145.0,8,35,10.0
p3640,645.9,10,Low,83.0,9,18,10.0
p3641,724.6,10,Low,83.0,7,9,8.0
p3646,943.6739130434783,46,High,85.5,28,38,38.0
p3647,894.8,5,High,83.5,8,15,9.0
p3648,982.75,4,High,26.0,4,3,4.0
p3649,775.6,5,Low,25.0,11,4,11.0
p3653,720.1333333333333,15,Low,57.0,13,23,13.0
p3654,843.25,8,Low,84.0,3,6,3.0
p3655,1000.0,1,High,56.0,1,2,1.0
p3656,999.5,18,High,72.0,9,18,10.0
p3657,787.4285714285714,7,Low,17.5,20,4,23.0
p3658,794.4,10,Low,94.5,6,18,6.0
p3659,724.936507936508,63,Low,92.0,30,40,35.0
p366,932.2894736842105,38,High,85.0,16,38,17.0
p3661,790.0,10,Low,98.0,7,57,7.0
p3663,874.7692307692307,13,High,78.0,7,11,7.0
p3664,796.6666666666666,18,Low,47.0,16,15,17.0
p3666,826.448275862069,58,Low,66.0,34,40,36.0
p3667,778.0,2,Low,25.0,1,1,1.0
p3668,671.3428571428572,35,Low,70.5,36,24,42.0
p3669,785.2894736842105,38,Low,81.0,35,46,48.0
p367,834.0,2,Low,58.5,4,4,4.0
p3670,716.2758620689655,58,Low,66.0,28,48,37.0
p3672,547.0,1,Low,35.0,1,1,1.0
p3673,997.0,2,High,29.0,3,4,3.0
p3674,680.2,5,Low,42.0,13,10,14.0
p3676,793.0,1,Low,40.0,1,1,1.0
p3677,866.4615384615385,13,High,19.5,20,41,21.0
p3679,902.6,5,High,89.0,3,6,3.0
p368,999.1428571428571,7,High,92.0,5,8,7.0
p3680,1000.0,4,High,52.0,7,8,7.0
p3681,604.0,1,Low,36.0,1,1,1.0
p3683,1000.0,1,High,59.0,3,3,3.0
p3684,685.5,2,Low,28.0,1,1,1.0
p3685,991.8888888888889,9,High,58.0,9,21,10.0
p3686,995.0,1,High,41.0,1,1,1.0
p3687,749.9705882352941,34,Low,118.0,14,37,28.0
p3688,915.9166666666666,12,High,64.0,10,11,11.0
p3691,855.6530612244898,49,Low,48.0,35,31,39.0
p3692,761.2857142857143,7,Low,56.0,12,13,13.0
p3693,864.1818181818181,11,High,137.0,5,32,5.0
p3694,928.0,1,High,31.0,1,1,1.0
p3695,969.3846153846154,13,High,119.0,7,11,8.0
p3696,958.5,6,High,148.0,6,11,6.0
p3697,922.0,2,High,79.0,1,2,1.0
p3698,706.6,5,Low,7.0,5,3,6.0
p3699,964.7647058823529,17,High,111.0,5,9,5.0
p37,896.3333333333334,3,High,44.0,2,3,2.0
p3701,862.4492753623189,69,High,181.0,23,52,27.0
p3702,895.4615384615385,26,High,38.0,46,39,50.0
p3703,990.7142857142857,14,High,113.5,4,5,4.0
p3704,819.0689655172414,116,Low,138.0,27,42,28.0
p3706,966.5,2,High,37.0,2,3,2.0
p3707,777.458452722063,349,Low,73.0,162,117,179.0
p3708,923.1666666666666,6,High,20.0,1,9,4.0
p3710,911.3333333333334,3,High,38.0,3,3,3.0
p3713,941.6875,32,High,102.0,21,39,21.0
p3714,580.0,2,Low,26.0,3,2,3.0
p3715,716.5,2,Low,29.0,3,3,3.0
p3716,984.4285714285714,7,High,248.5,2,7,4.0
p3718,977.875,8,High,30.0,5,4,5.0
p372,676.0,10,Low,69.0,9,13,12.0
p3721,846.2857142857143,7,Low,100.0,10,10,10.0
p3722,997.7441860465116,43,High,58.0,36,35,37.0
p3725,453.44444444444446,9,Low,49.0,5,7,5.0
p3726,661.3846153846154,13,Low,22.5,40,25,50.0
p3728,1000.0,1,High,20.0,3,6,3.0
p3729,669.0,1,Low,13.0,1,1,2.0
p373,935.0,1,High,45.0,1,2,1.0
p3731,966.0,8,High,38.0,9,7,10.0
p3732,928.0847457627119,59,High,50.0,48,38,50.0
p3733,787.7,10,Low,212.0,2,7,2.0
p3734,679.0,2,Low,54.0,1,2,1.0
p3736,988.1641791044776,67,High,84.0,45,45,48.0
p3738,706.1724137931035,29,Low,30.5,50,19,53.0
p374,1000.0,1,High,59.0,3,4,3.0
p3741,998.9166666666666,12,High,38.5,8,8,10.0
p3742,980.843137254902,51,High,92.0,27,39,27.0
p3743,952.6923076923077,13,High,92.0,9,42,12.0
p3745,652.3333333333334,12,Low,32.5,12,51,17.0
p3746,875.6315789473684,57,High,146.0,17,25,22.0
p3747,856.5901639344262,61,Low,25.0,47,41,52.0
p3748,832.3703703703703,27,Low,35.5,32,25,35.0
p3749,849.7333333333333,15,Low,78.5,16,10,16.0
p375,847.0,3,Low,139.0,1,4,1.0
p3751,996.7931034482758,29,High,39.5,48,31,49.0
p3752,886.5,2,High,33.5,2,3,2.0
p3755,730.7058823529412,17,Low,112.5,8,17,10.0
p3756,732.6666666666666,3,Low,35.0,3,4,3.0
p3757,910.0322580645161,31,High,40.0,25,26,25.0
p3758,951.8461538461538,13,High,131.0,6,11,6.0
p3759,861.0,3,High,54.0,2,2,3.0
p376,805.8,5,Low,192.0,2,6,2.0
p3760,873.5625,32,High,58.0,24,23,25.0
p3761,985.2,5,High,43.0,1,6,2.0
p3762,882.625,8,High,75.0,11,25,13.0
p3763,674.9090909090909,11,Low,99.0,9,9,11.0
p3764,781.15,20,Low,131.0,15,19,24.0
p3765,927.2380952380952,21,High,74.0,18,32,20.0
p3766,964.2727272727273,11,High,131.0,3,5,6.0
p3767,999.6363636363636,11,High,170.0,2,5,3.0
p3768,701.6666666666666,3,Low,3.0,1,3,3.0
p3769,786.6964285714286,56,Low,122.0,35,41,38.0
p3771,863.6666666666666,15,High,37.0,9,22,11.0
p3772,518.0,1,Low,83.0,1,2,1.0
p3773,481.6666666666667,3,Low,69.0,1,2,1.0
p3774,799.0,1,Low,13.0,1,1,1.0
p3775,819.8235294117648,51,Low,40.5,64,39,73.0
p3776,781.5,2,Low,53.0,3,2,3.0
p3777,880.0851063829788,47,High,80.0,25,30,29.0
p3778,725.531914893617,47,Low,147.0,21,37,26.0
p3779,820.5833333333334,12,Low,55.0,12,20,12.0
p378,825.5,8,Low,52.0,7,7,8.0
p3780,648.0338983050848,59,Low,58.0,36,40,45.0
p3781,984.5,6,High,138.0,5,9,8.0
p3782,933.25,4,High,96.0,1,2,1.0
p3785,992.05,60,High,38.0,66,38,70.0
p3786,684.7391304347826,23,Low,218.5,6,26,7.0
p3787,825.5833333333334,12,Low,66.0,11,9,15.0
p3788,726.8333333333334,12,Low,56.0,7,21,7.0
p3789,698.2857142857143,7,Low,408.0,1,9,1.0
p3790,944.3225806451613,62,High,138.0,21,49,21.0
p3791,978.5,2,High,63.0,1,1,1.0
p3792,619.6,10,Low,55.0,9,14,10.0
p3793,628.0,16,Low,49.0,14,26,14.0
p3794,807.8888888888889,18,Low,85.5,6,6,10.0
p3795,1000.0,1,High,51.0,2,4,2.0
p3797,892.3125,32,High,75.0,13,24,17.0
p3798,705.9322033898305,59,Low,124.0,16,42,19.0
p3799,851.4461538461538,65,Low,42.0,67,59,69.0
p38,708.25,4,Low,202.5,2,6,2.0
p3800,705.0,14,Low,57.0,12,13,13.0
p3801,1000.0,8,High,213.0,1,1,3.0
p3806,700.3333333333334,3,Low,1.0,3,1,3.0
p3807,697.7777777777778,9,Low,82.5,6,12,6.0
p381,967.3333333333334,6,High,74.5,4,6,4.0
p3810,921.3333333333334,18,High,143.0,5,8,5.0
p3811,944.4615384615385,13,High,83.0,9,11,10.0
p3812,542.6666666666666,3,Low,47.5,2,3,2.0
p3813,875.5217391304348,23,High,40.0,15,18,16.0
p3814,783.9318181818181,44,Low,110.0,11,39,12.0
p3815,996.0,3,High,161.0,1,4,1.0
p3816,734.0,1,Low,36.0,2,1,2.0
p3817,888.0,16,High,114.5,8,10,8.0
p3818,667.3333333333334,3,Low,13.0,3,3,3.0
p3819,695.5,2,Low,174.0,15,41,20.0
p382,995.9333333333333,15,High,304.5,4,23,4.0
p3820,850.0,3,Low,65.0,1,3,2.0
p3822,769.0,5,Low,120.0,2,4,2.0
p3823,702.3333333333334,6,Low,66.5,2,4,2.0
p3825,865.125,8,High,248.0,3,19,3.0
p3826,737.0,2,Low,115.0,1,4,1.0
p3827,999.5,4,High,80.0,1,2,4.0
p3828,933.4,10,High,63.0,12,23,12.0
p383,783.0,1,Low,37.0,1,1,1.0
p3830,917.6666666666666,3,High,17.0,4,4,4.0
p3831,997.3846153846154,13,High,63.0,16,21,18.0
p3832,848.9387755102041,49,Low,79.0,29,52,31.0
p3833,760.1794871794872,78,Low,190.0,21,42,21.0
p3835,872.0,22,High,58.0,11,19,12.0
p3836,993.8181818181819,11,High,108.0,6,13,8.0
p3837,904.0,16,High,34.0,11,21,16.0
p3838,994.875,8,High,146.0,2,18,3.0
p3839,997.25,4,High,101.0,4,4,4.0
p3840,661.0,1,Low,41.0,2,3,2.0
p3841,1000.0,1,High,29.0,1,1,2.0
p3842,987.8571428571429,21,High,124.0,5,13,5.0
p3844,855.8333333333334,12,Low,87.0,5,13,8.0
p3846,638.0,1,Low,8.0,1,1,1.0
p3848,776.5555555555555,18,Low,121.0,6,15,6.0
p3849,850.1904761904761,21,Low,48.0,15,21,17.0
p385,972.0,3,High,136.0,7,8,7.0
p3850,773.0,1,Low,30.0,1,3,1.0
p3851,743.05,20,Low,39.0,13,11,19.0
p3852,759.7692307692307,26,Low,49.0,21,57,22.0
p3853,995.0,4,High,47.0,14,38,20.0
p3854,999.0,14,High,95.0,5,6,
p3856,796.2142857142857,14,Low,69.0,10,18,12.0
p3857,894.6666666666666,12,High,12.0,15,10,16.0
p3859,842.6315789473684,38,Low,124.0,7,34,13.0
p386,870.3333333333334,3,High,51.0,1,3,1.0
p3860,498.0,2,Low,105.0,1,2,1.0
p3862,969.0,2,High,228.0,1,4,3.0
p3863,997.7857142857143,14,High,73.0,7,3,8.0
p3864,768.5,18,Low,154.0,5,22,6.0
p3865,937.4285714285714,21,High,102.5,8,11,8.0
p3867,755.1884057971015,69,Low,105.0,63,69,82.0
p3868,998.2666666666667,15,High,183.0,5,17,5.0
p3869,998.4880952380952,84,High,52.5,52,139,55.0
p387,903.6666666666666,3,High,55.0,4,6,5.0
p3870,912.2,5,High,28.0,5,4,5.0
p3871,536.3333333333334,3,Low,113.0,1,3,1.0
p3872,998.1578947368421,19,High,68.0,9,43,9.0
p3873,994.0,1,High,122.0,2,4,2.0
p3874,711.5,10,Low,65.5,10,20,11.0
p3875,761.3333333333334,24,Low,44.0,26,12,29.0
p3876,813.0357142857143,28,Low,85.0,19,37,20.0
p3878,798.7457627118644,59,Low,313.0,2,38,6.0
p3879,852.2727272727273,11,Low,198.0,4,20,5.0
p388,847.2884615384615,52,Low,73.0,19,34,21.0
p3881,833.2,5,Low,35.5,6,5,6.0
p3882,788.8888888888889,9,Low,274.0,2,11,3.0
p3883,993.8709677419355,31,High,61.0,23,21,23.0
p3885,931.3333333333334,3,High,37.0,7,3,7.0
p3887,876.4,5,High,57.5,8,81,9.0
p3888,847.439024390244,41,Low,126.0,21,51,22.0
p3889,1000.0,2,High,70.0,1,38,1.0
p389,627.0,1,Low,30.0,2,2,2.0
p3890,882.1052631578947,19,High,113.0,5,12,5.0
p3891,999.0,6,High,28.0,5,3,6.0
p3893,913.0,11,High,58.0,5,6,6.0
p3895,949.0,5,High,40.0,3,4,4.0
p3896,807.6666666666666,6,Low,80.0,7,18,7.0
p3897,989.4782608695652,23,High,16.5,54,30,58.0
p3898,893.0,1,High,14.0,3,3,4.0
p390,999.75,4,High,32.0,3,2,3.0
p3900,801.3333333333334,3,Low,44.0,2,4,3.0
p3901,889.6274509803922,51,High,43.0,27,38,29.0
p3902,780.5,14,Low,28.0,38,23,41.0
p3903,970.125,16,High,18.0,40,19,45.0
p3905,712.0,1,Low,23.0,2,1,2.0
p3906,956.1764705882352,17,High,275.0,3,11,4.0
p3907,869.0,1,High,9.0,2,1,2.0
p3908,823.1428571428571,7,Low,39.5,4,3,4.0
p3909,842.030303030303,33,Low,119.0,17,38,17.0
p3911,990.5333333333333,15,High,32.5,20,20,20.0
p3913,974.5,6,High,231.0,1,6,1.0
p3914,998.2857142857143,14,High,170.5,6,16,6.0
p3917,873.1666666666666,6,High,112.5,2,4,2.0
p3918,935.4,5,High,38.0,4,4,4.0
p392,873.3333333333334,3,High,88.0,4,6,5.0
p3920,719.125,8,Low,64.0,6,14,6.0
p3921,650.2051282051282,39,Low,77.0,25,42,27.0
p3922,991.5,2,High,52.0,3,4,3.0
p3924,836.6923076923077,13,Low,37.0,13,11,15.0
p3926,920.9375,16,High,60.0,9,14,10.0
p3927,677.9230769230769,26,Low,85.0,18,32,18.0
p3929,669.0555555555555,18,Low,170.0,5,10,5.0
p393,833.8857142857142,35,Low,160.0,7,24,8.0
p3930,656.854054054054,185,Low,217.0,15,42,21.0
p3931,671.25,4,Low,35.0,5,3,5.0
p3933,852.5277777777778,36,Low,34.0,21,25,24.0
p3934,948.25,24,High,103.0,4,8,9.0
p3935,751.6,35,Low,92.5,14,22,19.0
p3936,875.3684210526316,19,High,80.5,10,13,11.0
p3938,868.4285714285714,7,High,134.0,10,35,15.0
p3939,961.4142857142857,70,High,91.5,30,36,39.0
p3940,980.1363636363636,22,High,85.0,7,15,16.0
p3942,941.3478260869565,23,High,32.5,68,41,69.0
p3943,567.7391304347826,23,Low,72.0,9,23,17.0
p3944,644.375,8,Low,50.0,3,5,3.0
p3946,491.5,4,Low,73.5,6,6,6.0
p3947,786.2592592592592,27,Low,37.5,36,39,37.0
p3948,775.7619047619048,21,Low,87.0,14,35,17.0
p3950,692.047619047619,21,Low,85.0,11,15,11.0
p3952,911.6666666666666,3,High,81.0,4,4,4.0
p3953,759.0,1,Low,16.0,1,2,1.0
p3956,977.6666666666666,33,High,113.0,11,25,12.0
p3957,791.9,40,Low,90.5,28,48,30.0
p3958,748.8285714285714,35,Low,274.0,5,41,8.0
p3959,734.5,2,Low,76.0,2,5,2.0
p396,438.3333333333333,6,Low,73.0,3,2,4.0
p3960,825.7272727272727,11,Low,132.0,2,17,5.0
p3962,645.5,8,Low,94.0,3,6,3.0
p3963,999.5714285714286,7,High,72.0,2,4,3.0
p3964,935.25,8,High,111.0,6,13,6.0
p3965,858.3333333333334,3,High,20.0,12,4,13.0
p3966,999.0,10,High,63.0,11,22,14.0
p3967,994.0,1,High,61.0,1,2,1.0
p3969,959.5172413793103,29,High,28.5,38,14,41.0
p397,979.7128712871287,101,High,25.0,85,94,116.0
p3970,1000.0,4,High,65.5,2,4,2.0
p3971,631.0,1,Low,46.0,1,1,1.0
p3974,685.0769230769231,13,Low,67.0,3,15,5.0
p3975,991.125,8,High,42.5,4,6,4.0
p3977,639.1111111111111,9,Low,114.5,2,11,4.0
p3979,807.25,4,Low,43.5,4,6,4.0
p398,801.2142857142857,28,Low,57.0,17,29,18.0
p3980,971.9583333333334,24,High,76.0,25,54,28.0
p3981,803.0,4,Low,34.0,4,3,4.0
p3982,726.3333333333334,3,Low,11.0,5,4,6.0
p3984,632.4166666666666,12,Low,55.0,24,13,24.0
p3986,522.5714285714286,7,Low,84.0,7,10,7.0
p3987,879.5,8,High,56.0,11,9,15.0
p3988,988.578947368421,19,High,49.0,13,15,16.0
p3990,799.5,2,Low,25.0,2,2,2.0
p3991,924.6818181818181,22,High,69.0,9,18,10.0
p3992,1000.0,2,High,30.0,3,3,3.0
p3994,755.8666666666667,15,Low,123.5,4,10,4.0
p3996,999.3333333333334,3,High,29.5,2,3,2.0
p3999,937.1666666666666,6,High,82.0,6,6,7.0
p4,876.2857142857143,7,High,63.0,11,16,12.0
p40,743.5,2,Low,12.0,4,1,4.0
p400,968.9411764705883,17,High,33.0,29,30,32.0
p4000,789.7586206896551,29,Low,204.0,7,25,7.0
p4006,484.0,1,Low,10.0,1,1,2.0
p4007,977.0,107,High,125.0,35,52,35.0
p4008,998.7777777777778,9,High,58.0,6,11,7.0
p4009,998.421052631579,38,High,78.0,7,31,13.0
p401,775.5757575757576,66,Low,69.5,32,39,36.0
p4011,859.0,2,High,56.0,1,2,2.0
p4012,972.6666666666666,3,High,30.5,2,2,2.0
p4013,640.2857142857143,7,Low,85.0,6,16,6.0
p4014,851.7142857142857,7,Low,150.5,6,11,7.0
p4015,863.5,2,High,5.5,10,3,12.0
p4016,990.375,8,High,81.0,7,9,7.0
p4017,829.0,2,Low,105.0,1,2,2.0
p4018,1000.0,1,High,48.0,1,2,1.0
p4019,914.5,2,High,61.0,1,2,1.0
p402,889.0617283950618,81,High,46.0,70,49,97.0
p4020,843.2,5,Low,23.0,4,3,4.0
p4021,538.6666666666666,51,Low,134.5,12,39,12.0
p4022,827.2222222222222,9,Low,88.0,5,18,5.0
p4025,850.65,60,Low,163.0,22,39,26.0
p4026,699.0,1,Low,48.0,2,1,2.0
p4027,992.7777777777778,9,High,39.5,16,33,16.0
p4028,999.8988764044943,89,High,58.0,35,43,37.0
p4029,790.3870967741935,62,Low,43.0,65,52,93.0
p403,794.6363636363636,11,Low,46.0,7,6,7.0
p4030,661.0,1,Low,196.0,2,3,2.0
p4031,749.0,24,Low,116.0,6,23,10.0
p4032,867.5,20,High,40.0,7,13,9.0
p4033,550.2631578947369,19,Low,56.0,36,40,37.0
p4035,757.4,5,Low,28.5,10,6,10.0
p4037,995.8461538461538,13,High,45.0,5,6,6.0
p4039,1000.0,2,High,150.0,1,6,1.0
p4040,933.5454545454545,11,High,36.0,35,32,37.0
p4041,1000.0,2,High,24.0,1,1,1.0
p4042,914.5,2,High,29.5,4,3,4.0
p4043,957.0327868852459,61,High,107.0,21,34,24.0
p4044,1000.0,1,High,7.0,4,13,5.0
p4045,992.3333333333334,21,High,51.0,14,25,15.0
p4047,833.2857142857143,14,Low,33.0,8,6,12.0
p4049,919.0,3,High,96.0,1,2,1.0
p405,973.2857142857143,7,High,69.0,7,7,7.0
p4050,950.78,50,High,60.0,18,29,27.0
p4051,613.2857142857143,14,Low,102.0,7,11,8.0
p4053,759.0,4,Low,41.0,12,12,12.0
p4054,720.0,1,Low,11.0,3,1,3.0
p4055,832.0,6,Low,62.0,2,3,5.0
p4057,854.4117647058823,34,Low,81.0,29,41,31.0
p4058,1000.0,4,High,59.0,6,19,6.0
p4059,693.5588235294117,102,Low,49.0,75,82,82.0
p406,986.5,10,High,75.0,3,19,4.0
p4060,748.96875,32,Low,92.0,5,38,7.0
p4061,839.7826086956521,23,Low,90.0,17,11,20.0
p4062,548.8333333333334,6,Low,55.0,8,11,8.0
p4063,934.2,10,High,70.0,5,32,10.0
p4064,834.6,10,Low,85.0,7,14,7.0
p4065,311.75,4,Low,31.5,4,5,5.0
p4066,1000.0,1,High,8.0,9,3,10.0
p4067,999.2,5,High,224.0,3,9,3.0
p407,999.3333333333334,12,High,28.0,23,12,23.0
p4071,828.25,4,Low,84.0,1,3,1.0
p4073,995.3333333333334,3,High,77.0,3,4,4.0
p4074,626.28,75,Low,60.0,36,36,47.0
p4075,491.0,7,Low,65.0,16,19,16.0
p4077,641.8333333333334,6,Low,65.0,7,11,7.0
p4079,999.8461538461538,13,High,54.0,11,20,12.0
p408,973.0,2,High,72.0,1,2,1.0
p4080,809.1,10,Low,81.0,7,15,7.0
p4081,485.2,10,Low,188.0,4,17,5.0
p4082,987.0769230769231,13,High,91.0,8,21,9.0
p4083,947.0,6,High,67.0,4,11,5.0
p4084,550.6666666666666,12,Low,37.0,13,14,14.0
p4085,723.25,16,Low,83.5,4,14,5.0
p4086,902.0,1,High,23.0,1,1,1.0
p4087,864.0,1,High,35.0,1,1,1.0
p4088,704.3913043478261,23,Low,230.0,5,22,9.0
p4089,935.1666666666666,6,High,89.0,5,10,6.0
p409,1000.0,2,High,84.0,3,4,5.0
p4090,966.2222222222222,9,High,173.5,6,10,6.0
p4091,868.0,2,High,20.5,2,1,2.0
p4092,829.375,56,Low,58.0,24,44,28.0
p4093,490.0,2,Low,55.0,2,5,4.0
p4094,987.64,75,High,146.5,22,44,33.0
p4096,640.25,4,Low,52.0,5,3,5.0
p4097,726.7743362831858,226,Low,110.0,93,175,99.0
p4099,852.0,8,Low,128.5,6,19,6.0
p41,1000.0,1,High,14.0,3,4,3.0
p410,1000.0,5,High,133.0,2,6,2.0
p4101,547.6896551724138,29,Low,73.5,24,31,28.0
p4103,849.125,8,Low,37.0,25,22,27.0
p4104,771.0,1,Low,64.0,2,3,3.0
p4105,813.6,30,Low,333.0,1,19,2.0
p4108,856.6875,16,Low,36.5,14,15,15.0
p411,725.5,10,Low,162.0,4,16,5.0
p4110,764.875,8,Low,22.5,12,6,12.0
p4112,776.4166666666666,24,Low,99.5,14,29,15.0
p4113,999.9024390243902,82,High,133.0,17,41,22.0
p4114,800.6285714285714,70,Low,69.0,42,80,43.0
p4115,894.6666666666666,6,High,48.0,4,7,4.0
p4117,943.5555555555555,9,High,62.0,10,14,11.0
p4119,991.59375,32,High,81.0,15,30,24.0
p412,990.9090909090909,33,High,14.0,1,29,5.0
p4120,999.5666666666667,30,High,134.0,12,29,14.0
p4121,798.3333333333334,6,Low,402.0,1,7,1.0
p4122,989.468085106383,47,High,79.0,35,50,36.0
p4123,898.5263157894736,19,High,68.0,7,18,9.0
p4124,891.074074074074,27,High,341.0,3,14,5.0
p4125,987.0769230769231,52,High,58.5,46,38,48.0
p4126,911.5714285714286,35,High,152.5,16,39,16.0
p4127,945.7777777777778,18,High,171.0,4,25,5.0
p4129,815.75,4,Low,58.0,1,1,1.0
p413,844.5,16,Low,21.5,6,11,19.0
p4130,913.9090909090909,22,High,102.0,5,14,7.0
p4132,852.0,15,Low,158.0,4,11,4.0
p4134,773.0,23,Low,48.5,82,91,98.0
p4135,905.2777777777778,18,High,49.5,8,7,9.0
p4136,999.0,2,High,40.0,1,1,1.0
p4138,995.0,10,High,123.5,6,14,8.0
p414,981.8,5,High,132.0,3,9,4.0
p4141,732.4545454545455,33,Low,178.0,11,45,12.0
p4142,544.5,2,Low,41.0,1,1,1.0
p4143,1000.0,1,High,63.5,2,3,2.0
p4144,740.5555555555555,9,Low,66.0,9,13,10.0
p4145,952.5128205128206,156,High,102.0,69,90,80.0
p4146,818.0,1,Low,15.5,8,3,9.0
p4147,786.5,8,Low,111.0,3,10,4.0
p4148,875.25,28,High,114.0,8,14,8.0
p4149,976.25,8,High,94.5,4,6,4.0
p4150,591.0,1,Low,71.0,1,3,1.0
p4151,942.0,1,High,138.0,1,2,1.0
p4153,839.6666666666666,9,Low,45.0,10,18,15.0
p4154,1000.0,1,High,34.0,3,5,3.0
p4155,806.2,5,Low,40.5,2,3,2.0
p4156,643.2857142857143,28,Low,32.0,51,62,53.0
p4157,924.4,5,High,172.0,1,4,1.0
p4161,946.6851851851852,54,High,62.5,16,63,21.0
p4162,828.9047619047619,21,Low,51.5,20,25,21.0
p4163,836.0,7,Low,24.0,13,3,14.0
p4165,753.0,1,Low,99.0,1,3,1.0
p4167,898.5172413793103,29,High,141.0,5,11,5.0
p4169,690.95,20,Low,47.0,10,11,11.0
p4170,658.5555555555555,18,Low,51.5,8,9,9.0
p4171,885.4130434782609,92,High,144.0,31,53,31.0
p4172,981.8333333333334,18,High,48.0,14,10,14.0
p4173,871.4090909090909,22,High,45.0,3,25,11.0
p4174,999.0,6,High,59.5,2,0,2.0
p4175,747.8181818181819,11,Low,208.0,3,11,3.0
p4176,872.4,20,High,60.5,8,23,9.0
p4177,978.7765957446809,188,High,50.0,190,88,201.0
p4178,798.625,8,Low,84.0,7,25,9.0
p4179,914.7142857142857,7,High,23.0,4,4,4.0
p4180,964.0,2,High,37.5,2,3,2.0
p4181,682.1428571428571,7,Low,145.0,5,29,5.0
p4183,774.85,20,Low,221.0,3,22,5.0
p4184,977.6,5,High,30.0,6,6,6.0
p4185,764.5,8,Low,32.0,15,10,15.0
p4186,995.7777777777778,9,High,24.0,16,18,16.0
p4187,589.75,4,Low,78.0,5,4,5.0
p4188,691.3709677419355,62,Low,95.0,35,46,41.0
p4189,796.5,2,Low,66.0,1,2,1.0
p419,843.5,4,Low,35.5,8,6,8.0
p4190,811.7272727272727,22,Low,25.0,46,25,46.0
p4191,964.0,3,High,57.0,3,4,3.0
p4192,842.0,2,Low,71.0,1,3,1.0
p4194,841.0967741935484,31,Low,46.0,29,32,34.0
p4195,709.0,1,Low,46.0,1,3,1.0
p4197,662.5,2,Low,32.0,4,4,4.0
p4199,999.1428571428571,21,High,38.5,20,22,21.0
p42,999.2,5,High,166.5,2,6,10.0
p420,884.2857142857143,7,High,23.5,6,3,6.0
p4200,844.6470588235294,17,Low,48.0,6,19,10.0
p4201,886.625,8,High,104.0,5,23,6.0
p4202,637.8142857142857,70,Low,65.0,38,45,52.0
p4204,775.0,1,Low,188.0,1,3,2.0
p4205,538.4444444444445,9,Low,49.0,11,9,12.0
p4208,857.5,2,High,57.0,1,1,1.0
p421,701.6666666666666,3,Low,42.0,1,2,1.0
p4210,925.0,1,High,62.0,1,3,2.0
p4212,945.42,50,High,141.5,10,43,16.0
p4213,490.0,4,Low,168.0,1,4,1.0
p4216,841.0,1,Low,29.5,6,3,6.0
p4217,661.0,2,Low,87.0,1,2,1.0
p4218,721.6666666666666,9,Low,58.0,5,7,5.0
p4219,741.4,10,Low,59.0,7,16,7.0
p4220,776.0,3,Low,34.5,2,3,2.0
p4221,839.7894736842105,19,Low,75.0,9,20,10.0
p4223,909.8571428571429,14,High,71.0,7,10,8.0
p4224,725.0,13,Low,129.0,9,11,9.0
p4225,679.5,2,Low,40.0,2,3,2.0
p4226,901.0,2,High,26.0,1,1,1.0
p4227,783.8,5,Low,239.0,1,6,1.0
p4228,956.6666666666666,6,High,77.5,2,5,2.0
p4229,925.3913043478261,23,High,91.0,9,16,10.0
p423,997.875,16,High,69.0,7,16,8.0
p4233,922.068493150685,73,High,209.0,10,51,22.0
p4234,652.6966292134831,89,Low,88.0,44,68,48.0
p4235,731.5,14,Low,58.0,12,18,12.0
p4237,949.2857142857143,21,High,49.5,12,14,13.0
p4239,847.3333333333334,3,Low,48.0,1,2,1.0
p4241,833.0,5,Low,234.0,1,7,1.0
p4242,983.0,3,High,74.0,1,4,1.0
p4243,997.0,2,High,101.0,3,4,3.0
p4247,535.64,75,Low,189.0,23,39,24.0
p4248,965.1578947368421,19,High,70.5,10,16,11.0
p4249,1000.0,1,High,147.0,1,4,1.0
p425,816.375,32,Low,64.0,19,36,21.0
p4250,761.6,95,Low,88.5,36,50,40.0
p4251,986.7777777777778,9,High,81.0,5,14,6.0
p4252,1000.0,5,High,21.0,9,7,10.0
p4254,927.6122448979592,49,High,85.0,25,43,27.0
p4255,995.7142857142857,7,High,78.0,6,13,6.0
p4256,999.5714285714286,7,High,45.0,3,6,4.0
p4258,628.2857142857143,7,Low,190.5,4,15,4.0
p4259,762.4,5,Low,122.0,5,13,5.0
p426,794.5,8,Low,35.0,16,66,16.0
p4260,673.2395833333334,96,Low,119.0,13,53,23.0
p4261,621.8,5,Low,46.0,8,8,11.0
p4263,864.625,8,High,76.0,8,22,8.0
p4266,908.92,25,High,111.0,7,25,9.0
p4268,1000.0,9,High,96.0,2,14,4.0
p4269,757.0,1,Low,15.0,1,1,1.0
p427,996.1666666666666,24,High,61.0,21,29,25.0
p4271,755.5,2,Low,73.5,2,4,2.0
p4274,999.8125,16,High,93.0,6,85,9.0
p4277,647.0,14,Low,81.5,6,16,7.0
p4278,865.16,25,High,59.5,20,27,28.0
p4279,984.6666666666666,9,High,69.0,9,21,9.0
p428,982.6666666666666,6,High,8.0,3,3,3.0
p4282,914.3260869565217,46,High,54.0,34,42,38.0
p4283,850.4285714285714,7,Low,66.0,2,0,2.0
p4285,1000.0,20,High,83.0,9,11,10.0
p4286,726.0833333333334,36,Low,208.0,13,38,14.0
p4287,731.8888888888889,9,Low,48.5,10,18,10.0
p429,999.5833333333334,12,High,157.5,4,15,4.0
p4290,707.0,1,Low,60.0,1,3,1.0
p4291,997.0,1,High,40.0,1,1,1.0
p4294,944.7857142857143,14,High,38.0,16,10,16.0
p4295,994.0,2,High,27.5,2,2,
p4296,552.0,1,Low,16.0,1,1,1.0
p4298,959.25,32,High,156.0,9,41,11.0
p430,883.0,2,High,23.5,4,4,4.0
p4301,984.1666666666666,12,High,110.0,10,15,10.0
p4302,907.0,2,High,24.0,1,1,1.0
p4304,824.125,8,Low,57.0,3,6,5.0
p4305,309.125,8,Low,52.5,8,10,8.0
p4306,989.8285714285714,70,High,90.0,13,57,15.0
p4307,731.85,20,Low,65.0,9,13,9.0
p4308,593.0,1,Low,13.0,7,1,7.0
p4309,974.0,2,High,74.5,2,3,2.0
p431,797.1428571428571,7,Low,35.0,17,17,19.0
p4310,833.5714285714286,49,Low,112.0,14,37,14.0
p4311,999.7857142857143,14,High,286.0,1,18,2.0
p4312,574.4166666666666,12,Low,41.5,10,16,10.0
p4314,888.25,4,High,63.0,5,6,5.0
p4315,499.8095238095238,21,Low,56.5,10,11,12.0
p4316,832.6666666666666,3,Low,29.5,4,11,4.0
p4319,1000.0,1,High,45.0,1,2,1.0
p4320,1000.0,14,High,62.5,4,8,6.0
p4322,873.5294117647059,17,High,66.5,10,19,16.0
p4323,818.2647058823529,68,Low,377.5,6,41,12.0
p4324,719.6923076923077,13,Low,91.0,15,41,31.0
p4325,802.4285714285714,7,Low,153.0,2,7,3.0
p4326,937.6875,80,High,101.0,47,79,49.0
p4327,889.5,10,High,55.0,4,4,4.0
p4329,764.2,5,Low,53.0,5,9,6.0
p4330,945.0,1,High,20.5,2,2,3.0
p4331,962.7142857142857,7,High,33.0,13,9,13.0
p4332,705.8518518518518,54,Low,78.0,9,31,12.0
p4333,947.2,10,High,60.0,9,18,9.0
p4334,853.4,5,Low,50.5,10,8,16.0
p4335,572.7777777777778,9,Low,50.0,9,11,9.0
p4336,923.8333333333334,6,High,53.5,42,23,46.0
p4337,984.5428571428571,70,High,55.5,38,40,41.0
p4339,832.3181818181819,22,Low,73.0,8,9,11.0
p434,931.6666666666666,6,High,43.0,14,11,16.0
p4340,978.2857142857143,7,High,61.0,5,42,5.0
p4342,950.5,2,High,24.0,3,3,3.0
p4343,998.75,8,High,90.0,3,4,3.0
p4344,534.3023255813954,43,Low,80.0,17,30,18.0
p4345,754.8095238095239,63,Low,79.0,29,40,32.0
p4348,1000.0,1,High,25.0,1,2,1.0
p4349,843.4285714285714,14,Low,104.0,8,10,8.0
p435,704.45,20,Low,82.5,10,39,12.0
p4351,828.0,2,Low,28.5,2,1,3.0
p4352,650.2608695652174,23,Low,69.5,22,27,23.0
p4355,782.0571428571428,35,Low,36.5,54,35,56.0
p4356,840.3333333333334,9,Low,60.0,9,14,9.0
p4357,889.5882352941177,17,High,66.0,11,28,12.0
p4358,814.9166666666666,12,Low,71.0,9,4,9.0
p4360,899.6666666666666,3,High,153.5,2,7,2.0
p4363,996.475,40,High,86.5,32,43,32.0
p4364,653.0,2,Low,49.0,4,5,4.0
p4365,882.0,13,High,24.0,17,18,17.0
p4366,937.8,10,High,122.5,6,12,6.0
p4368,827.0,6,Low,35.0,7,8,9.0
p4369,882.3636363636364,11,High,98.5,6,22,7.0
p437,889.8709677419355,31,High,52.0,18,26,18.0
p4370,881.2,15,High,105.0,4,18,5.0
p4371,1000.0,4,High,67.0,5,6,5.0
p4372,830.5,2,Low,50.0,7,8,7.0
p4373,941.6315789473684,19,High,42.5,12,15,12.0
p4374,844.0,1,Low,31.5,2,2,2.0
p4375,731.3333333333334,3,Low,43.0,3,3,3.0
p4376,998.76,25,High,299.0,9,23,11.0
p4377,494.75,4,Low,71.0,6,6,6.0
p4378,983.4285714285714,21,High,27.5,16,10,17.0
p4379,943.0,5,High,58.0,4,6,4.0
p438,993.3,10,High,54.5,10,12,11.0
p4380,771.0,1,Low,32.0,1,1,1.0
p4381,701.3846153846154,13,Low,59.0,7,13,12.0
p4382,966.8823529411765,17,High,43.0,9,11,9.0
p4383,715.0,2,Low,53.0,1,2,1.0
p4385,728.7272727272727,11,Low,22.5,8,5,8.0
p4387,987.75,4,High,55.0,8,7,8.0
p4389,939.3333333333334,3,High,45.0,2,3,2.0
p4391,1000.0,1,High,129.0,1,4,1.0
p4392,910.6666666666666,33,High,93.0,25,45,36.0
p4393,679.5,2,Low,74.0,5,12,6.0
p4394,998.8666666666667,15,High,117.5,4,5,4.0
p4395,658.0,1,Low,26.0,1,1,1.0
p4396,994.0,13,High,73.0,9,17,10.0
p4397,585.0,3,Low,23.5,8,4,8.0
p4398,411.0,1,Low,168.5,4,13,4.0
p4405,903.4545454545455,11,High,61.5,10,11,11.0
p4406,932.6458333333334,48,High,133.0,23,37,28.0
p4407,828.5,2,Low,89.5,2,4,2.0
p4408,997.0,2,High,247.0,1,6,1.0
p4409,757.625,8,Low,66.0,11,13,13.0
p441,877.0,5,High,33.0,1,4,2.0
p4410,848.0,7,Low,393.5,2,14,2.0
p4412,913.1212121212121,33,High,215.0,3,32,4.0
p4413,889.0,1,High,21.0,1,1,
p4414,917.047619047619,21,High,38.0,18,24,20.0
p4415,621.0,1,Low,20.0,2,1,2.0
p4416,854.9166666666666,48,Low,82.0,40,141,40.0
p4417,786.3,20,Low,96.5,12,13,16.0
p4418,872.0,12,High,45.5,14,9,14.0
p4419,777.3617021276596,47,Low,272.0,7,38,9.0
p4420,685.7777777777778,9,Low,56.0,10,16,10.0
p4422,642.0,1,Low,8.0,2,1,2.0
p4424,999.5,20,High,43.0,13,13,14.0
p4425,730.7727272727273,22,Low,64.0,21,36,24.0
p4427,942.875,8,High,98.0,7,20,7.0
p4428,875.9032258064516,62,High,63.0,44,38,47.0
p4429,989.0,1,High,64.0,1,2,1.0
p4430,737.5,2,Low,51.0,1,4,1.0
p4431,860.3846153846154,13,High,344.0,3,9,3.0
p4433,729.8333333333334,6,Low,82.5,2,6,2.0
p4435,768.3611111111111,36,Low,52.0,17,30,21.0
p4436,904.7297297297297,37,High,151.0,16,46,17.0
p4437,1000.0,3,High,41.0,1,1,1.0
p4438,974.1666666666666,6,High,88.0,7,17,8.0
p444,722.0,3,Low,24.5,4,4,4.0
p4440,920.0,1,High,28.5,2,3,2.0
p4442,720.5714285714286,28,Low,77.0,19,34,21.0
p4444,696.5,2,Low,61.5,2,43,2.0
p4445,836.0,1,Low,20.0,7,4,8.0
p4446,989.875,40,High,43.0,13,33,28.0
p4447,990.75,4,High,73.0,2,3,4.0
p4448,698.0,1,Low,16.0,1,1,1.0
p4449,868.0,1,High,100.5,2,5,2.0
p445,904.0,1,High,48.0,1,1,1.0
p4450,981.4,5,High,312.0,1,6,1.0
p4452,984.780487804878,41,High,140.0,9,21,10.0
p4453,785.6666666666666,3,Low,41.0,3,3,3.0
p4454,882.0,13,High,107.5,4,18,5.0
p4456,951.1428571428571,7,High,113.0,5,18,5.0
p4457,997.7826086956521,46,High,115.5,12,30,21.0
p4458,934.8,5,High,26.0,15,10,17.0
p4459,746.7758620689655,58,Low,79.0,23,40,24.0
p446,646.0,3,Low,46.0,2,4,2.0
p4460,834.0,3,Low,37.0,7,10,8.0
p4461,826.0,1,Low,59.0,1,2,1.0
p4462,888.2222222222222,9,High,27.0,21,17,21.0
p4463,972.4285714285714,7,High,37.0,4,5,4.0
p4464,931.1111111111111,9,High,158.0,4,16,4.0
p4465,868.5454545454545,11,High,90.0,3,7,5.0
p4466,893.3095238095239,42,High,60.0,62,39,71.0
p4468,869.5,2,High,52.0,1,1,1.0
p4469,1000.0,1,High,10.0,1,1,1.0
p447,987.0,2,High,117.0,1,4,3.0
p4470,645.8888888888889,18,Low,56.0,17,38,19.0
p4471,745.5909090909091,22,Low,52.0,15,12,20.0
p4472,891.75,4,High,34.0,2,3,2.0
p4473,955.9230769230769,13,High,49.0,13,38,13.0
p4475,781.4883720930233,43,Low,50.0,31,35,34.0
p4477,901.1428571428571,7,High,28.0,3,3,3.0
p4478,810.0,1,Low,28.0,3,4,3.0
p4479,945.0,1,High,68.0,1,3,1.0
p448,817.0,10,Low,51.0,3,10,4.0
p4480,856.0,1,Low,75.0,1,2,1.0
p4481,781.09375,32,Low,35.0,50,25,55.0
p4482,710.2,5,Low,11.0,5,4,5.0
p4483,984.0,3,High,28.0,3,2,3.0
p4484,998.5,2,High,62.0,1,3,1.0
p4485,842.0,2,Low,56.5,2,5,2.0
p4486,997.516129032258,62,High,59.5,30,36,33.0
p4487,677.9583333333334,24,Low,38.0,21,19,22.0
p4488,866.7826086956521,23,High,223.0,5,20,7.0
p4489,693.6842105263158,38,Low,50.0,31,38,33.0
p449,821.5,2,Low,36.0,1,1,1.0
p4490,896.1,10,High,290.0,3,8,3.0
p4491,992.0,1,High,19.0,1,11,1.0
p4492,1000.0,3,High,94.0,2,9,2.0
p4493,995.0,2,High,48.0,1,2,1.0
p4494,933.4651162790698,43,High,174.0,13,39,14.0
p4495,645.1,10,Low,66.0,9,10,9.0
p4496,747.0,1,Low,16.0,1,1,1.0
p4497,691.5714285714286,35,Low,93.0,11,27,14.0
p4498,935.4285714285714,14,High,61.5,10,39,11.0
p4499,695.5,2,Low,25.0,3,1,3.0
p450,999.6153846153846,13,High,151.0,5,18,5.0
p4501,586.5,8,Low,45.0,11,19,11.0
p4502,744.6428571428571,14,Low,28.0,17,18,18.0
p4503,862.8181818181819,11,High,52.5,12,15,12.0
p4506,958.5,2,High,76.5,4,7,4.0
p4508,962.3333333333334,3,High,101.0,7,15,8.0
p4509,791.8852459016393,122,Low,124.0,25,86,33.0
p451,1000.0,2,High,35.0,5,3,6.0
p4510,996.3333333333334,12,High,118.5,6,13,7.0
p4511,489.0,1,Low,40.0,1,1,1.0
p4512,733.0,1,Low,24.0,3,2,4.0
p4514,795.875,24,Low,58.0,19,22,20.0
p4515,997.6666666666666,9,High,47.0,5,2,5.0
p4516,807.0,1,Low,42.0,1,2,1.0
p4517,816.0,9,Low,136.0,7,14,9.0
p4518,903.5238095238095,21,High,89.0,10,17,15.0
p4519,997.5454545454545,11,High,145.5,6,18,7.0
p452,740.8333333333334,24,Low,132.0,15,38,16.0
p4520,919.425,80,High,112.0,26,45,28.0
p4521,723.5,8,Low,79.0,9,18,11.0
p4523,997.0,1,High,40.0,2,3,2.0
p4525,958.2941176470588,17,High,62.0,11,19,13.0
p4526,921.4375,16,High,45.0,15,20,15.0
p4528,816.8,10,Low,42.0,5,12,5.0
p4529,841.3,10,Low,162.0,4,14,4.0
p4530,773.0,1,Low,32.0,1,1,1.0
p4532,975.0,3,High,76.0,3,4,4.0
p4534,710.5,20,Low,53.5,20,30,20.0
p4535,644.7777777777778,9,Low,31.0,1,8,4.0
p4536,838.1868131868132,91,Low,63.5,52,52,67.0
p4537,585.0,2,Low,48.0,1,3,1.0
p4538,605.0,5,Low,58.0,2,2,2.0
p4539,741.0769230769231,13,Low,86.0,7,13,7.0
p454,994.0,1,High,8.0,2,1,2.0
p4540,984.68,25,High,205.5,8,36,13.0
p4541,828.0,14,Low,190.0,2,5,2.0
p4542,999.0,12,High,24.0,11,7,11.0
p4545,747.1025641025641,39,Low,55.0,19,75,20.0
p4546,791.1,10,Low,137.0,1,13,4.0
p4547,706.0,3,Low,57.5,2,4,3.0
p4548,927.7,10,High,64.5,4,5,4.0
p4549,1000.0,3,High,45.0,2,3,2.0
p455,997.0,2,High,46.0,1,3,1.0
p4550,976.85,20,High,49.0,21,29,22.0
p4552,1000.0,1,High,28.0,1,2,1.0
p4555,482.6666666666667,3,Low,41.0,3,4,3.0
p4556,828.6136363636364,44,Low,44.5,30,25,32.0
p4557,707.0,3,Low,52.0,4,4,5.0
p4558,927.4,5,High,12.5,10,4,15.0
p4559,982.7777777777778,18,High,65.5,16,30,17.0
p456,881.7708333333334,48,High,63.0,28,41,32.0
p4561,970.1408450704225,71,High,55.0,43,47,49.0
p4562,778.5945945945946,37,Low,140.5,8,13,8.0
p4563,692.7931034482758,58,Low,64.0,28,38,28.0
p4564,997.0416666666666,24,High,23.0,29,20,30.0
p4566,407.57894736842104,19,Low,222.0,3,25,3.0
p4567,701.4285714285714,7,Low,160.5,4,16,5.0
p4568,633.1333333333333,15,Low,65.0,5,5,7.0
p4569,927.0,2,High,37.0,1,1,1.0
p457,883.6727272727272,55,High,75.0,34,40,36.0
p4570,845.3809523809524,21,Low,38.0,7,11,8.0
p4571,801.0,1,Low,30.0,1,1,1.0
p4572,795.875,8,Low,55.0,11,20,12.0
p4573,884.0,1,High,72.0,1,2,1.0
p4575,990.7368421052631,38,High,44.5,30,37,35.0
p4577,768.0,2,Low,37.0,3,3,3.0
p4578,670.6388888888889,36,Low,96.0,23,38,23.0
p4579,733.0,1,Low,70.0,1,3,1.0
p458,862.7777777777778,18,High,84.5,6,11,7.0
p4580,591.5,2,Low,88.0,1,3,1.0
p4581,990.3846153846154,13,High,148.0,7,11,7.0
p4582,730.5,28,Low,70.0,23,23,23.0
p4584,551.0,2,Low,118.0,1,2,2.0
p4586,988.0,2,High,165.5,2,6,2.0
p4587,1000.0,2,High,46.5,2,4,2.0
p4588,811.0909090909091,22,Low,58.0,11,14,12.0
p459,819.0833333333334,12,Low,76.5,4,16,4.0
p4591,896.0344827586207,87,High,59.0,87,42,98.0
p4592,904.6315789473684,38,High,113.0,6,38,8.0
p4593,835.3333333333334,24,Low,70.0,11,24,11.0
p4594,647.1803278688525,61,Low,287.0,7,40,14.0
p4596,931.4615384615385,13,High,57.0,11,8,11.0
p4597,925.0,1,High,20.5,4,1,5.0
p4598,764.5,10,Low,75.5,10,13,10.0
p4599,958.9166666666666,12,High,52.5,14,9,14.0
p460,999.7272727272727,11,High,62.5,10,18,11.0
p4600,770.3333333333334,3,Low,58.0,2,3,3.0
p4601,999.5384615384615,13,High,102.0,13,26,14.0
p4602,999.5,4,High,183.0,1,5,1.0
p4603,911.5,2,High,26.0,9,3,9.0
p4604,826.1666666666666,42,Low,36.0,201,108,217.0
p4606,996.6470588235294,119,High,53.0,63,38,68.0
p4607,993.8571428571429,14,High,184.5,6,39,6.0
p4608,991.5,4,High,116.0,1,3,1.0
p4609,894.6969696969697,33,High,72.0,23,27,23.0
p461,1000.0,1,High,19.5,2,1,2.0
p4610,839.3333333333334,3,Low,37.5,2,2,2.0
p4611,751.8076923076923,26,Low,47.0,23,32,24.0
p4612,751.0,1,Low,47.0,1,3,1.0
p4613,823.2222222222222,18,Low,206.5,2,9,3.0
p4614,721.0,1,Low,29.0,1,1,1.0
p4615,828.0,6,Low,74.0,9,9,10.0
p4616,735.4545454545455,66,Low,25.0,86,38,90.0
p4617,996.4634146341464,41,High,153.0,18,44,23.0
p4618,764.0,16,Low,47.0,15,29,16.0
p4621,831.0689655172414,29,Low,157.0,8,21,8.0
p4622,621.0,1,Low,64.0,2,3,2.0
p4623,959.2222222222222,18,High,71.0,7,11,8.0
p4624,959.1538461538462,13,High,135.5,4,9,4.0
p4625,633.0,1,Low,15.5,4,3,4.0
p4626,807.25,4,Low,121.0,1,9,2.0
p4627,779.5,2,Low,37.0,1,2,1.0
p4628,740.0,2,Low,77.5,2,3,3.0
p4629,756.4285714285714,21,Low,49.0,13,24,14.0
p463,873.5714285714286,14,High,63.0,11,13,12.0
p4630,738.625,8,Low,62.0,10,15,10.0
p4633,835.4615384615385,13,Low,68.0,7,13,7.0
p4635,955.9565217391304,23,High,333.0,3,16,5.0
p4637,868.3684210526316,19,High,54.5,8,14,11.0
p4638,683.4444444444445,9,Low,197.0,4,18,5.0
p464,969.0,2,High,54.0,2,3,2.0
p4640,853.0,2,Low,42.5,2,2,2.0
p4642,698.1379310344828,58,Low,66.0,37,51,39.0
p4644,832.4166666666666,36,Low,62.0,28,41,33.0
p4645,555.0,2,Low,31.0,105,42,115.0
p4646,931.125,8,High,116.0,5,17,5.0
p4647,763.0,9,Low,55.0,7,19,8.0
p4648,570.5833333333334,36,Low,42.5,40,30,42.0
p4649,989.0,2,High,33.0,7,5,7.0
p4650,718.5454545454545,11,Low,101.5,10,13,10.0
p4651,838.75,4,Low,58.0,2,15,2.0
p4652,1000.0,2,High,41.5,4,41,4.0
p4653,968.4651162790698,43,High,103.0,18,37,20.0
p4654,836.0,1,Low,150.0,3,4,3.0
p4655,779.1666666666666,54,Low,159.0,15,35,15.0
p4656,796.8947368421053,19,Low,36.5,26,30,34.0
p4657,698.0,4,Low,90.0,2,6,2.0
p4659,722.0,1,Low,20.0,1,1,1.0
p4660,983.3,10,High,103.0,5,22,5.0
p4661,1000.0,9,High,87.5,10,22,10.0
p4662,792.0416666666666,24,Low,43.0,19,24,22.0
p4663,561.4,5,Low,126.0,1,4,1.0
p4665,770.7916666666666,24,Low,103.0,7,17,7.0
p4666,889.2142857142857,28,High,44.5,14,29,16.0
p4667,721.0,1,Low,3.0,5,0,5.0
p4668,923.0,4,High,43.0,2,2,2.0
p4669,613.1111111111111,18,Low,132.5,4,22,5.0
p4670,537.4347826086956,23,Low,101.0,7,19,7.0
p4671,928.8571428571429,14,High,56.0,11,12,13.0
p4672,904.6875,16,High,166.5,4,9,5.0
p4673,717.2,10,Low,55.0,21,29,23.0
p4674,824.875,16,Low,146.0,4,19,7.0
p4676,921.4444444444445,9,High,56.5,6,6,6.0
p4677,892.1428571428571,7,High,60.0,9,13,11.0
p4678,773.625,24,Low,68.0,27,38,28.0
p4679,565.4444444444445,9,Low,376.0,1,3,1.0
p468,635.5,2,Low,27.5,2,2,2.0
p4680,797.0,6,Low,111.0,3,70,4.0
p4681,930.5123966942149,121,High,48.0,77,88,115.0
p4682,695.5,2,Low,130.0,1,3,1.0
p4683,842.0,1,Low,39.0,1,1,1.0
p4685,1000.0,11,High,91.0,7,12,10.0
p4687,784.65,20,Low,64.5,8,11,12.0
p4688,607.5,2,Low,61.0,1,2,1.0
p469,860.7692307692307,26,High,57.0,9,19,10.0
p4690,927.5555555555555,9,High,97.0,6,28,6.0
p4691,770.0,9,Low,161.0,6,20,6.0
p4692,848.7058823529412,17,Low,56.0,11,18,11.0
p4693,835.1621621621622,37,Low,32.0,19,21,20.0
p4695,998.6,5,High,35.0,16,17,17.0
p4696,789.3333333333334,6,Low,22.0,9,4,9.0
p4697,807.955223880597,67,Low,33.5,38,41,47.0
p4699,837.7777777777778,9,Low,38.0,13,16,14.0
p470,997.6341463414634,41,High,161.0,7,30,7.0
p4700,1000.0,1,High,29.0,1,40,2.0
p4703,999.5555555555555,18,High,95.0,5,42,6.0
p4705,623.3333333333334,3,Low,169.5,2,7,2.0
p4706,965.4285714285714,7,High,76.5,6,14,6.0
p4707,687.75,4,Low,61.5,2,4,3.0
p4708,730.0751879699249,133,Low,87.0,47,47,54.0
p4709,996.8125,32,High,93.0,17,32,21.0
p471,903.5263157894736,19,High,41.0,13,17,16.0
p4710,906.4782608695652,23,High,25.0,34,19,35.0
p4711,904.8,10,High,23.0,18,8,20.0
p4712,970.6666666666666,3,High,126.5,2,91,3.0
p4714,951.0,4,High,61.0,7,8,7.0
p4715,999.8181818181819,11,High,57.0,8,42,
p4717,743.0,2,Low,109.0,1,5,1.0
p4718,858.7142857142857,7,High,322.0,1,6,1.0
p4719,642.0,2,Low,50.0,3,4,3.0
p472,972.3333333333334,33,High,69.0,18,38,20.0
p4720,918.3333333333334,6,High,49.0,5,7,6.0
p4721,761.4285714285714,7,Low,205.5,2,6,2.0
p4722,829.875,8,Low,30.0,7,22,7.0
p4723,998.8,20,High,48.0,11,17,12.0
p4724,579.0769230769231,13,Low,75.5,8,11,8.0
p4726,953.0384615384615,26,High,208.0,9,38,10.0
p4727,887.7666666666667,30,High,143.0,10,30,12.0
p4729,582.7272727272727,11,Low,53.0,11,6,15.0
p4730,755.2105263157895,38,Low,56.0,30,38,30.0
p4731,752.0,3,Low,18.0,15,5,16.0
p4732,958.5,24,High,39.0,20,29,33.0
p4733,994.6,10,High,48.0,10,16,12.0
p4735,991.0,5,High,101.0,6,26,6.0
p4739,728.8,5,Low,26.0,7,4,7.0
p474,914.75,20,High,102.5,4,25,6.0
p4741,745.7692307692307,13,Low,65.5,6,15,9.0
p4742,873.8571428571429,7,High,196.5,2,6,2.0
p4743,888.25,16,High,45.0,13,13,15.0
p4744,777.0675675675676,74,Low,62.0,41,38,43.0
p4745,999.5384615384615,91,High,80.0,41,44,48.0
p4746,956.8571428571429,7,High,45.0,11,10,11.0
p4748,1000.0,2,High,17.0,3,2,3.0
p4749,1000.0,14,High,43.0,5,7,7.0
p475,914.5384615384615,13,High,287.0,1,15,2.0
p4750,976.0,2,High,54.0,3,2,3.0
p4751,621.3555555555556,45,Low,60.0,49,41,51.0
p4752,778.0,1,Low,25.0,1,1,1.0
p4753,699.0,2,Low,51.0,1,1,1.0
p4754,848.0,5,Low,40.0,10,8,10.0
p4755,734.304347826087,23,Low,140.0,6,16,8.0
p4756,948.0,2,High,58.0,3,4,5.0
p4757,791.5,4,Low,70.0,5,9,5.0
p476,865.6666666666666,24,High,109.0,11,29,11.0
p4760,914.0,3,High,55.0,1,2,2.0
p4762,905.6923076923077,13,High,33.5,8,2,8.0
p4763,665.0,1,Low,26.5,2,3,2.0
p4764,972.5833333333334,12,High,54.0,12,12,16.0
p4765,975.8775510204082,49,High,37.0,23,30,23.0
p4766,700.8,5,Low,20.0,3,3,3.0
p4767,1000.0,8,High,92.0,8,8,8.0
p4768,744.4285714285714,21,Low,24.5,26,17,27.0
p477,830.4,5,Low,23.0,10,7,10.0
p4770,577.0,1,Low,9.0,4,3,4.0
p4771,891.8181818181819,22,High,76.0,17,32,17.0
p4773,791.0,9,Low,112.0,4,11,5.0
p4774,841.25,8,Low,28.5,6,4,6.0
p4775,1000.0,13,High,132.0,7,9,7.0
p4777,909.0,4,High,91.5,8,10,8.0
p4778,958.5769230769231,26,High,263.0,4,24,4.0
p4779,996.0,4,High,38.5,2,3,3.0
p4780,836.1333333333333,15,Low,51.0,13,8,16.0
p4781,841.0,3,Low,78.0,3,5,3.0
p4782,720.75,28,Low,48.0,23,22,23.0
p4783,863.3125,16,High,58.5,8,10,9.0
p4784,709.0425531914893,47,Low,140.0,14,40,22.0
p4786,995.8125,48,High,69.0,23,21,25.0
p4788,976.0,6,High,80.0,6,11,9.0
p4791,606.4511278195489,133,Low,34.5,156,183,189.0
p4792,921.1818181818181,11,High,69.0,11,14,12.0
p4793,662.25,8,Low,83.0,9,21,9.0
p4794,730.0,7,Low,117.5,2,4,2.0
p4795,814.725,80,Low,62.0,50,70,51.0
p4797,830.0,4,Low,58.5,2,4,2.0
p48,951.3469387755102,49,High,29.0,85,40,90.0
p480,945.2,5,High,20.5,4,3,6.0
p4800,999.0526315789474,38,High,31.0,59,35,59.0
p4801,583.6111111111111,18,Low,193.0,7,24,7.0
p4803,867.0,10,High,274.5,2,5,3.0
p4805,626.8611111111111,144,Low,67.0,69,114,74.0
p4809,930.9090909090909,11,High,62.0,4,4,4.0
p481,804.3571428571429,14,Low,99.0,7,12,8.0
p4810,890.1818181818181,11,High,59.0,9,13,9.0
p4811,693.16,25,Low,164.5,10,38,10.0
p4813,832.7407407407408,27,Low,71.0,21,25,22.0
p4814,539.625,8,Low,108.5,6,22,6.0
p4816,753.0714285714286,14,Low,95.0,6,19,6.0
p4817,896.0,1,High,38.5,2,4,2.0
p4818,1000.0,1,High,444.0,1,1,1.0
p4819,587.8571428571429,21,Low,25.0,43,29,44.0
p4820,587.5909090909091,22,Low,279.0,3,13,3.0
p4821,671.4285714285714,7,Low,111.5,8,19,8.0
p4822,737.0,1,Low,37.0,1,1,1.0
p4824,1000.0,17,High,219.0,6,31,6.0
p4826,995.42,50,High,75.5,24,46,25.0
p4827,936.8636363636364,22,High,235.0,11,43,14.0
p4828,998.3703703703703,81,High,155.0,7,38,10.0
p4829,874.1666666666666,12,High,127.0,5,11,5.0
p483,999.1538461538462,13,High,116.5,8,25,8.0
p4830,795.0545454545454,55,Low,64.5,36,52,38.0
p4831,888.375,8,High,47.0,10,9,10.0
p4832,938.7916666666666,48,High,42.0,37,26,39.0
p4833,710.5,2,Low,60.0,5,4,5.0
p4834,994.1818181818181,11,High,46.5,10,17,12.0
p4835,999.52,25,High,97.5,6,19,8.0
p4837,903.4666666666667,60,High,114.0,33,40,44.0
p4838,931.1,10,High,26.0,15,12,18.0
p4839,836.1111111111111,27,Low,37.0,35,37,36.0
p484,787.0,1,Low,53.0,1,1,1.0
p4840,999.5555555555555,9,High,64.0,5,9,8.0
p4841,751.0,24,Low,45.0,20,7,21.0
p4842,639.7924528301887,53,Low,77.5,20,39,21.0
p4845,954.0,6,High,28.0,9,6,10.0
p4846,722.6,10,Low,288.0,4,13,4.0
p4847,662.16,50,Low,61.0,47,60,50.0
p4849,742.5454545454545,11,Low,40.0,7,10,9.0
p485,778.1481481481482,108,Low,103.0,38,43,38.0
p4850,793.0,1,Low,27.0,1,1,1.0
p4851,870.4583333333334,48,High,101.0,25,39,25.0
p4852,907.4137931034483,29,High,61.0,6,10,6.0
p4853,1000.0,2,High,163.0,1,3,1.0
p4854,746.2888888888889,45,Low,82.0,31,37,35.0
p4855,942.3766233766233,77,High,113.0,24,42,26.0
p4856,729.0,1,Low,61.0,1,3,1.0
p4858,1000.0,1,High,50.0,3,3,3.0
p486,781.1666666666666,6,Low,170.0,5,11,8.0
p4860,817.3333333333334,9,Low,86.0,5,10,5.0
p4861,930.9775280898876,89,High,66.0,22,57,37.0
p4862,955.6666666666666,15,High,60.0,6,9,8.0
p4863,979.8536585365854,41,High,75.0,6,78,24.0
p4864,589.0,1,Low,21.5,2,1,2.0
p4865,742.2033898305085,59,Low,45.0,27,42,31.0
p4866,922.0,5,High,31.0,2,2,2.0
p4867,975.75,8,High,196.0,4,19,4.0
p4868,972.7142857142857,7,High,56.0,12,19,
p487,570.4545454545455,22,Low,269.0,5,22,6.0
p4870,973.0,1,High,20.0,1,2,1.0
p4871,987.5555555555555,9,High,189.0,3,20,4.0
p4872,994.25,64,High,52.0,37,37,41.0
p4873,1000.0,5,High,37.0,4,3,4.0
p4874,692.6666666666666,18,Low,102.0,6,14,8.0
p4875,635.0,3,Low,55.5,10,15,10.0
p4876,803.3333333333334,6,Low,56.0,6,7,8.0
p4877,668.25,4,Low,50.0,3,6,3.0
p4878,771.75,8,Low,63.5,10,16,14.0
p4879,819.75,4,Low,45.0,4,5,4.0
p488,779.0,10,Low,24.0,7,4,7.0
p4881,948.5,98,High,100.0,35,69,43.0
p4882,914.5555555555555,18,High,39.0,14,42,15.0
p4883,936.6666666666666,3,High,51.0,9,20,10.0
p4884,1000.0,3,High,62.0,1,2,1.0
p4885,637.25,4,Low,49.0,2,4,2.0
p4887,548.75,8,Low,46.0,8,9,16.0
p4888,779.0,1,Low,56.0,1,2,1.0
p4889,788.1818181818181,11,Low,66.0,5,12,5.0
p489,986.3913043478261,46,High,44.0,17,41,29.0
p4890,939.5862068965517,58,High,54.0,27,37,30.0
p4891,941.1428571428571,35,High,78.0,37,103,40.0
p4893,810.0,1,Low,89.0,4,6,4.0
p4894,861.3492063492064,63,High,56.0,43,48,50.0
p4896,719.6666666666666,27,Low,104.0,11,23,12.0
p4897,999.3846153846154,13,High,55.5,10,24,10.0
p4898,550.2222222222222,9,Low,38.0,9,6,10.0
p4899,833.7222222222222,18,Low,109.5,10,13,10.0
p4900,901.3333333333334,3,High,71.5,10,37,12.0
p4902,856.0,37,Low,30.0,49,35,50.0
p4903,966.7,10,High,79.5,6,5,6.0
p4904,844.68,25,Low,219.0,3,11,4.0
p4905,699.6666666666666,3,Low,26.5,8,6,8.0
p4909,967.0,2,High,94.0,1,2,
p4910,606.4444444444445,9,Low,22.5,20,18,20.0
p4911,876.2222222222222,9,High,208.5,4,11,
p4913,963.8108108108108,111,High,89.0,63,52,74.0
p4914,937.625,8,High,128.0,5,8,6.0
p4915,893.6923076923077,13,High,32.0,19,12,21.0
p4916,839.8888888888889,9,Low,61.0,7,20,8.0
p4917,999.8823529411765,34,High,82.0,11,25,
p4918,942.0,1,High,52.0,1,29,1.0
p492,469.05,20,Low,88.0,7,10,13.0
p4920,743.5454545454545,11,Low,87.0,8,18,10.0
p4922,711.0,1,Low,19.0,1,1,1.0
p4923,452.42857142857144,14,Low,20.0,30,17,33.0
p4924,1000.0,3,High,41.0,2,3,2.0
p4925,873.6666666666666,36,High,49.0,21,34,22.0
p4926,977.1,10,High,44.0,11,18,11.0
p4927,791.0,1,Low,11.0,1,1,1.0
p4928,849.3214285714286,28,Low,130.5,8,21,8.0
p4929,702.0,2,Low,48.0,1,3,1.0
p4930,958.8333333333334,6,High,64.5,2,3,2.0
p4931,897.2340425531914,47,High,130.0,14,30,23.0
p4932,718.3333333333334,3,Low,42.0,17,20,20.0
p4933,968.6,5,High,16.0,4,3,4.0
p4934,687.6666666666666,3,Low,119.0,1,2,1.0
p4935,999.0833333333334,12,High,270.0,1,10,2.0
p4936,787.5555555555555,9,Low,161.5,2,5,4.0
p4937,796.375,8,Low,38.0,13,18,16.0
p4939,857.0909090909091,22,Low,60.0,21,28,22.0
p494,778.75,4,Low,17.5,4,49,8.0
p4940,710.0,5,Low,26.0,14,10,18.0
p4941,876.2647058823529,68,High,85.0,21,38,22.0
p4942,808.8,10,Low,115.0,7,13,7.0
p4943,395.14285714285717,7,Low,137.5,2,61,4.0
p4944,1000.0,1,High,27.0,3,3,3.0
p4945,817.3846153846154,26,Low,39.0,30,21,37.0
p4947,624.1666666666666,6,Low,36.0,3,9,5.0
p4948,738.0,5,Low,64.0,3,3,3.0
p495,952.3703703703703,27,High,71.0,29,34,34.0
p4950,946.9230769230769,13,High,138.0,5,18,6.0
p4951,943.75,44,High,45.0,17,38,26.0
p4952,773.0,4,Low,67.0,1,3,1.0
p4953,967.6666666666666,33,High,110.5,12,41,13.0
p4954,813.0,1,Low,15.0,1,1,1.0
p4956,839.5365853658536,41,Low,93.5,26,41,29.0
p4958,782.0,1,Low,95.0,1,4,2.0
p496,586.4285714285714,7,Low,65.0,5,22,5.0
p4961,736.6923076923077,26,Low,154.0,7,18,7.0
p4963,840.5,4,Low,47.0,3,2,3.0
p4964,909.0571428571428,35,High,21.0,29,24,36.0
p4965,1000.0,1,High,60.0,2,4,3.0
p4966,978.25,8,High,19.5,10,5,11.0
p4967,755.0,1,Low,13.0,1,1,1.0
p4968,687.25,16,Low,41.0,12,17,13.0
p4969,829.4444444444445,9,Low,83.0,7,13,7.0
p497,995.2,5,High,274.5,2,14,3.0
p4972,1000.0,2,High,27.0,1,1,1.0
p4973,881.1052631578947,19,High,74.0,11,13,13.0
p4974,769.9157894736842,95,Low,85.0,32,52,34.0
p4975,704.24,25,Low,71.0,23,27,24.0
p4976,720.8148148148148,27,Low,100.0,7,34,9.0
p4977,1000.0,1,High,37.0,1,1,4.0
p4978,997.36,25,High,72.5,8,16,11.0
p4979,608.4,10,Low,51.0,3,5,4.0
p498,735.0,15,Low,99.0,7,11,7.0
p4980,921.0370370370371,27,High,40.5,16,40,18.0
p4982,584.7,10,Low,61.0,9,11,9.0
p4983,980.0,9,High,68.0,9,12,9.0
p4985,986.4761904761905,42,High,65.0,16,39,17.0
p4987,984.5,28,High,70.5,20,36,22.0
p4988,935.7142857142857,7,High,147.5,6,13,7.0
p4989,800.6666666666666,18,Low,91.0,11,15,14.0
p499,1000.0,1,High,15.0,1,1,2.0
p4990,999.9072164948453,97,High,38.0,63,53,63.0
p4991,848.4,10,Low,57.0,10,17,10.0
p4992,857.5,2,High,30.0,4,2,4.0
p4993,721.9166666666666,36,Low,109.0,15,29,16.0
p4994,737.0,1,Low,66.0,2,4,2.0
p4995,784.5054945054945,91,Low,133.0,17,41,18.0
p4996,618.9230769230769,13,Low,42.0,17,9,19.0
p4997,600.9705882352941,34,Low,34.5,64,42,64.0
p4998,859.4,15,High,30.0,17,15,21.0
p4999,1000.0,1,High,65.0,1,2,1.0
p5,585.0588235294117,17,Low,28.0,8,20,9.0
p50,909.7179487179487,39,High,135.0,12,39,22.0
p500,915.4,5,High,46.0,13,19,15.0
p5000,700.8571428571429,14,Low,114.5,6,19,6.0
p5001,740.3214285714286,56,Low,142.0,7,17,13.0
p5002,959.5,2,High,43.0,2,3,2.0
p5003,1000.0,6,High,60.0,7,6,8.0
p5004,981.3846153846154,26,High,94.5,12,29,12.0
p5005,896.24,25,High,83.0,11,13,12.0
p5006,998.969696969697,33,High,107.5,22,25,25.0
p5008,833.6666666666666,3,Low,116.0,3,7,3.0
p5009,993.7857142857143,14,High,56.0,12,17,14.0
p501,978.3333333333334,3,High,71.0,22,38,28.0
p5010,563.0,2,Low,78.0,2,4,2.0
p5011,999.1875,16,High,106.5,6,10,7.0
p5012,991.5094339622641,53,High,54.0,71,42,79.0
p5013,979.9677419354839,62,High,63.0,33,39,49.0
p5014,525.7222222222222,18,Low,93.0,10,25,10.0
p5015,999.0,25,High,94.5,16,35,16.0
p5016,782.2,5,Low,36.0,6,5,8.0
p5017,590.9166666666666,12,Low,91.0,2,14,3.0
p5018,906.3888888888889,36,High,146.0,23,39,
p5019,813.0,1,Low,67.0,1,3,1.0
p502,1000.0,11,High,58.0,5,6,
p5020,875.5,2,High,40.0,1,2,1.0
p5021,837.9642857142857,28,Low,66.0,9,8,10.0
p5022,652.3333333333334,3,Low,73.0,1,3,2.0
p5023,683.75,4,Low,73.0,3,2,3.0
p5024,1000.0,5,High,80.5,6,4,6.0
p5025,913.8823529411765,17,High,97.5,6,10,
p5026,910.0,1,High,14.0,1,1,1.0
p5028,573.9090909090909,11,Low,55.0,6,10,7.0
p5029,908.5,2,High,42.0,1,1,2.0
p503,992.7142857142857,7,High,46.5,12,19,12.0
p5030,903.5,10,High,15.5,28,12,31.0
p5031,950.0,3,High,28.0,8,4,9.0
p5032,774.4166666666666,12,Low,105.0,6,15,6.0
p5033,521.4444444444445,9,Low,47.0,11,18,16.0
p5035,877.5,10,High,165.0,4,14,5.0
p5036,711.0,1,Low,26.0,2,1,2.0
p5037,909.2,10,High,37.5,4,7,10.0
p5038,998.1397849462365,93,High,94.0,30,41,36.0
p5039,842.5,8,Low,222.0,2,9,2.0
p504,884.6315789473684,19,High,32.0,9,20,19.0
p5040,959.0,2,High,71.0,1,2,1.0
p5041,702.6666666666666,3,Low,64.0,1,2,1.0
p5042,947.9166666666666,12,High,59.5,2,20,11.0
p5043,715.7142857142857,7,Low,46.0,5,3,6.0
p5045,805.0,2,Low,75.0,2,3,2.0
p5047,943.0,10,High,60.0,11,23,19.0
p5049,998.9565217391304,23,High,93.0,13,60,16.0
p5052,589.5,2,Low,58.0,2,40,2.0
p5054,853.2,10,Low,52.0,6,7,6.0
p5055,827.6444444444444,45,Low,44.0,83,48,92.0
p5057,512.0,2,Low,74.0,1,3,1.0
p5058,921.0,21,High,72.5,8,20,
p5059,791.3333333333334,3,Low,38.0,3,4,3.0
p506,778.6666666666666,6,Low,149.0,1,0,1.0
p5062,1000.0,1,High,11.0,5,2,5.0
p5063,965.5,2,High,65.0,1,3,1.0
p5064,748.1076923076923,65,Low,86.0,41,38,41.0
p5066,918.1666666666666,30,High,262.5,4,30,5.0
p5067,772.3809523809524,21,Low,32.0,29,19,36.0
p5068,831.3333333333334,3,Low,61.0,1,2,1.0
p5069,961.4615384615385,13,High,36.0,11,7,11.0
p507,835.2,20,Low,10.0,30,25,34.0
p5070,929.5,12,High,58.0,13,13,16.0
p5071,1000.0,1,High,170.0,1,1,2.0
p5073,835.0,9,Low,98.0,5,12,7.0
p5074,917.7735849056604,53,High,55.5,38,44,56.0
p5076,1000.0,3,High,36.0,1,1,1.0
p5077,827.8333333333334,6,Low,177.0,2,6,2.0
p5078,931.9,10,High,98.0,3,12,4.0
p5079,902.75,8,High,23.0,22,11,22.0
p5081,664.047619047619,63,Low,51.0,27,20,
p5082,946.0,2,High,58.0,1,2,1.0
p5083,715.0833333333334,12,Low,42.0,11,16,11.0
p5085,787.0,2,Low,35.0,1,1,1.0
p5086,731.0,1,Low,44.0,1,2,1.0
p5087,879.0,3,High,48.0,1,1,1.0
p509,615.0,1,Low,62.0,1,2,1.0
p5090,934.0,9,High,35.0,2,23,3.0
p5091,917.6666666666666,3,High,73.0,1,3,1.0
p5092,796.5384615384615,13,Low,78.5,18,35,25.0
p5096,927.0,8,High,122.0,6,13,6.0
p5097,603.4651162790698,43,Low,33.0,33,29,38.0
p5098,997.1428571428571,7,High,156.0,5,22,5.0
p5099,878.3125,16,High,131.0,5,22,5.0
p51,794.046511627907,43,Low,56.0,29,39,32.0
p5100,667.7142857142857,28,Low,72.5,10,12,10.0
p5101,999.9565217391304,46,High,81.5,22,35,24.0
p5102,706.6,10,Low,93.0,15,30,18.0
p5103,793.5,2,Low,44.0,2,3,2.0
p5104,952.6428571428571,14,High,113.0,5,18,8.0
p5105,862.0,1,High,19.0,3,1,3.0
p5106,757.4,5,Low,274.0,2,4,2.0
p5107,951.2857142857143,14,High,214.0,3,30,7.0
p5108,730.6666666666666,6,Low,33.5,14,14,15.0
p511,734.4285714285714,7,Low,38.0,11,15,11.0
p5110,687.4782608695652,23,Low,59.0,10,16,11.0
p5111,864.0,3,High,19.0,3,2,3.0
p5114,976.0,5,High,11.0,3,2,6.0
p5115,881.6,60,High,71.5,38,60,42.0
p5117,764.4,10,Low,41.0,7,4,9.0
p5118,999.0,2,High,50.0,3,4,3.0
p5119,814.1558441558442,77,Low,146.5,8,33,16.0
p512,625.14,50,Low,65.5,22,41,32.0
p5120,598.0,2,Low,60.0,1,37,1.0
p5121,718.0,2,Low,95.0,7,13,7.0
p5123,949.3,10,High,36.5,12,7,13.0
p5126,806.9,10,Low,289.5,2,12,3.0
p5128,758.5,2,Low,29.0,1,1,1.0
p5129,633.0,1,Low,24.0,1,1,1.0
p5130,922.7142857142857,14,High,58.0,9,15,9.0
p5133,994.9333333333333,30,High,64.5,16,21,16.0
p5134,871.5,2,High,148.0,1,3,1.0
p5135,867.7826086956521,23,High,67.0,11,31,12.0
p5136,991.0,4,High,124.0,2,0,2.0
p5138,815.0689655172414,58,Low,66.0,29,40,34.0
p5139,925.265306122449,49,High,75.0,23,38,28.0
p514,586.5384615384615,13,Low,46.5,10,12,12.0
p5141,610.3965517241379,58,Low,74.0,17,47,19.0
p5142,995.5714285714286,42,High,198.0,6,38,9.0
p5145,900.125,8,High,86.5,10,27,10.0
p5149,996.0,14,High,33.0,15,23,17.0
p515,917.304347826087,23,High,140.0,8,14,8.0
p5150,901.5,2,High,79.0,1,1,1.0
p5151,732.875,24,Low,149.0,7,21,7.0
p5154,926.0,1,High,76.0,1,1,1.0
p5158,741.0,1,Low,19.0,5,2,5.0
p5159,637.0,1,Low,24.0,1,1,1.0
p516,741.4166666666666,12,Low,102.5,8,22,9.0
p5161,805.5714285714286,14,Low,80.0,4,11,5.0
p5164,965.3333333333334,6,High,91.5,4,20,5.0
p5166,771.6153846153846,13,Low,204.5,2,6,2.0
p5167,893.7105263157895,38,High,21.0,86,40,90.0
p5168,761.0,1,Low,25.0,1,0,1.0
p517,919.0909090909091,22,High,100.0,8,12,8.0
p5171,812.4098360655738,61,Low,79.0,16,46,17.0
p5172,109.0,1,Low,23.0,2,1,2.0
p5173,1000.0,2,High,15.0,3,2,3.0
p5175,990.1428571428571,7,High,48.0,19,10,22.0
p5176,613.12,50,Low,87.0,29,38,30.0
p5177,792.3636363636364,22,Low,122.0,5,23,9.0
p5178,583.3333333333334,3,Low,84.5,4,4,7.0
p5179,948.16,25,High,45.0,7,21,9.0
p5180,562.1764705882352,17,Low,43.0,11,9,11.0
p5181,709.8333333333334,12,Low,37.0,13,13,14.0
p5182,988.6923076923077,13,High,109.0,7,18,7.0
p5184,875.25,8,High,189.5,4,10,5.0
p5186,675.0,1,Low,27.0,1,2,1.0
p5187,997.5,2,High,77.0,1,4,2.0
p5188,945.3333333333334,12,High,40.5,4,22,6.0
p5189,846.5652173913044,23,Low,30.0,3,20,14.0
p5191,874.6153846153846,13,High,81.0,7,119,12.0
p5192,812.9615384615385,26,Low,76.5,14,49,18.0
p5193,826.3333333333334,27,Low,43.5,30,50,37.0
p5194,706.3333333333334,27,Low,84.0,6,19,6.0
p5195,822.0,1,Low,75.5,2,4,5.0
p5197,906.0,5,High,65.0,3,4,3.0
p5198,748.0,2,Low,25.0,3,4,3.0
p5199,627.4888888888889,45,Low,196.0,16,44,23.0
p52,799.4444444444445,18,Low,18.0,14,6,17.0
p520,987.6666666666666,12,High,60.0,7,11,7.0
p5201,992.3478260869565,230,High,38.5,218,156,221.0
p5203,799.5,18,Low,207.0,4,18,4.0
p5204,985.8,10,High,29.5,6,4,8.0
p5206,963.5833333333334,24,High,53.0,12,31,13.0
p5207,954.0,4,High,64.0,1,2,1.0
p5208,498.0,1,Low,36.0,2,4,2.0
p5209,934.5,2,High,130.0,3,4,3.0
p5212,645.328125,64,Low,96.0,43,36,48.0
p5213,998.2105263157895,76,High,57.0,52,68,52.0
p5214,959.5,10,High,194.0,3,13,4.0
p5217,958.9230769230769,13,High,74.0,7,16,9.0
p5218,897.3333333333334,15,High,95.0,8,20,10.0
p5219,862.0,1,High,27.0,1,1,1.0
p522,801.0,19,Low,38.0,13,72,16.0
p5220,995.3714285714286,35,High,128.0,25,13,27.0
p5221,730.3333333333334,3,Low,148.0,1,6,3.0
p5222,997.5,6,High,125.0,2,6,2.0
p5223,903.3333333333334,15,High,28.5,4,9,7.0
p5224,849.9090909090909,11,Low,78.5,6,13,9.0
p5225,948.3636363636364,11,High,97.0,7,20,7.0
p5226,1000.0,6,High,185.5,4,14,4.0
p5227,1000.0,1,High,5.0,6,7,7.0
p5228,928.5762711864406,118,High,231.5,20,37,22.0
p5229,794.08,25,Low,108.0,9,26,10.0
p523,977.875,8,High,133.0,6,19,7.0
p5230,876.9692307692308,65,High,108.0,18,42,18.0
p5231,769.0,1,Low,53.0,1,2,1.0
p5232,948.3157894736842,19,High,76.5,16,24,19.0
p5234,791.25,24,Low,91.0,8,19,12.0
p5235,713.0,1,Low,27.0,4,1,4.0
p5236,921.4285714285714,14,High,61.0,5,7,5.0
p5237,904.5,2,High,74.0,2,4,2.0
p5239,974.1538461538462,13,High,106.0,6,13,6.0
p524,775.0,3,Low,2.0,4,6,6.0
p5241,944.695652173913,23,High,282.0,3,37,4.0
p5242,892.8181818181819,11,High,101.0,6,10,6.0
p5243,950.2105263157895,19,High,145.0,5,13,5.0
p5244,845.0,1,Low,26.0,1,1,
p5247,721.5,4,Low,53.5,2,3,2.0
p5248,865.304347826087,23,High,91.0,8,9,10.0
p5249,650.3333333333334,3,Low,23.5,4,3,4.0
p525,636.0833333333334,12,Low,172.0,10,13,12.0
p5251,988.9454545454546,55,High,89.0,22,42,24.0
p5252,721.7317073170732,41,Low,85.0,20,34,28.0
p5253,832.3333333333334,3,Low,63.0,1,2,1.0
p5254,674.21,100,Low,67.0,67,59,75.0
p5255,852.5,2,Low,34.0,9,4,10.0
p5258,972.3333333333334,3,High,55.0,1,3,1.0
p5259,870.5,2,High,67.0,1,4,1.0
p526,889.6,20,High,138.0,5,19,5.0
p5261,996.3333333333334,24,High,55.0,14,7,21.0
p5263,809.0,1,Low,149.0,1,4,1.0
p5264,887.7,10,High,35.0,8,11,9.0
p5265,582.2142857142857,14,Low,58.5,8,9,10.0
p5266,795.7857142857143,14,Low,111.0,7,12,8.0
p5268,865.1428571428571,7,High,64.5,2,3,2.0
p5269,745.2916666666666,24,Low,71.0,20,37,31.0
p5270,965.25,8,High,80.0,6,13,6.0
p5272,849.4411764705883,34,Low,83.0,34,40,37.0
p5275,997.0,2,High,27.0,1,1,1.0
p5276,783.4883720930233,43,Low,72.5,20,38,21.0
p5278,779.2407407407408,54,Low,117.0,13,35,16.0
p5279,775.5,2,Low,73.0,5,5,5.0
p528,872.8421052631579,19,High,134.0,5,9,6.0
p5280,633.3181818181819,44,Low,154.0,15,41,18.0
p5281,961.0,2,High,14.0,7,75,7.0
p5282,1000.0,2,High,224.0,5,25,5.0
p5284,995.6086956521739,23,High,100.0,13,26,13.0
p5285,1000.0,1,High,26.0,1,1,1.0
p5286,953.1666666666666,6,High,78.0,4,6,8.0
p5287,1000.0,2,High,50.0,2,3,2.0
p5288,953.2222222222222,9,High,54.0,10,18,11.0
p5289,918.4090909090909,22,High,90.0,7,20,7.0
p529,971.4,5,High,208.0,1,2,1.0
p5292,763.1304347826087,23,Low,95.0,7,13,7.0
p5294,751.6363636363636,11,Low,68.5,8,12,8.0
p5296,928.2272727272727,44,High,80.0,28,42,33.0
p5298,901.9777777777778,45,High,113.5,16,33,17.0
p530,821.1666666666666,60,Low,45.0,30,42,35.0
p5300,668.7857142857143,14,Low,83.5,10,12,10.0
p5301,658.7333333333333,15,Low,95.0,5,38,5.0
p5304,851.3888888888889,108,Low,65.5,38,48,47.0
p5306,774.5454545454545,22,Low,116.0,7,19,9.0
p5307,765.0,1,Low,86.0,1,3,1.0
p531,828.9583333333334,24,Low,56.0,25,21,27.0
p5310,644.0666666666667,15,Low,209.0,3,19,3.0
p5312,579.2,10,Low,114.0,5,13,6.0
p5314,556.0,6,Low,19.0,12,6,12.0
p5315,690.6666666666666,33,Low,91.0,19,29,20.0
p5316,519.2,5,Low,37.0,11,4,14.0
p5317,995.4444444444445,9,High,20.0,15,21,18.0
p5318,784.88,50,Low,30.0,44,37,46.0
p532,979.25,4,High,82.5,2,4,5.0
p5320,942.7021276595744,47,High,219.5,10,35,12.0
p5322,834.0322580645161,62,Low,151.5,24,82,39.0
p5324,929.8,5,High,29.0,3,3,4.0
p5325,816.375,8,Low,97.0,5,23,6.0
p5327,770.0,1,Low,52.0,1,4,2.0
p533,859.5,10,High,167.0,11,23,11.0
p5330,904.5,14,High,57.0,13,20,14.0
p5331,679.625,24,Low,61.5,8,22,11.0
p5332,1000.0,1,High,92.5,2,4,4.0
p5334,983.5,2,High,44.0,5,11,6.0
p5335,761.9230769230769,13,Low,52.5,4,5,5.0
p5336,830.25,4,Low,32.0,5,5,7.0
p5337,988.1764705882352,17,High,19.0,5,29,13.0
p5338,775.0,12,Low,31.0,25,23,26.0
p5339,718.6136363636364,44,Low,100.0,25,43,25.0
p534,708.66,50,Low,35.5,38,38,46.0
p5340,717.0,1,Low,63.0,1,3,1.0
p5341,739.0,1,Low,55.0,1,1,2.0
p5342,694.25,8,Low,67.0,2,4,3.0
p5344,606.0,1,Low,54.0,1,2,2.0
p5345,644.0833333333334,12,Low,130.0,5,15,7.0
p5347,993.3809523809524,21,High,51.0,11,19,13.0
p5348,1000.0,1,High,40.0,3,6,5.0
p535,806.7142857142857,14,Low,166.0,3,8,
p5350,789.1052631578947,38,Low,46.0,32,28,34.0
p5351,812.5714285714286,7,Low,79.0,4,5,5.0
p5352,977.2,5,High,44.0,7,6,8.0
p5353,891.9,40,High,85.5,22,38,30.0
p5355,609.6166666666667,60,Low,210.0,15,40,18.0
p5356,836.0,1,Low,41.0,1,3,2.0
p5357,638.0,1,Low,36.0,1,1,1.0
p536,966.5,8,High,83.0,6,17,6.0
p5360,1000.0,2,High,51.0,1,1,1.0
p5361,666.5384615384615,13,Low,43.0,8,18,8.0
p5362,529.2857142857143,7,Low,38.5,6,15,8.0
p5363,1000.0,12,High,94.5,4,11,9.0
p5365,1000.0,4,High,37.5,4,2,4.0
p5366,593.0,1,Low,27.5,2,2,2.0
p5368,1000.0,12,High,103.0,6,18,6.0
p5369,941.0,8,High,43.0,4,4,4.0
p5370,1000.0,4,High,64.0,7,7,7.0
p5371,615.7222222222222,36,Low,50.0,34,38,37.0
p5373,680.5333333333333,15,Low,248.0,4,7,4.0
p5374,889.95,40,High,41.0,31,28,34.0
p5375,984.5,2,High,29.5,2,2,2.0
p5376,896.6451612903226,31,High,44.5,36,38,36.0
p5377,637.6041666666666,48,Low,33.0,82,47,84.0
p5378,762.4545454545455,11,Low,125.5,6,22,6.0
p5379,885.9375,16,High,88.0,7,97,7.0
p538,1000.0,2,High,55.0,3,3,5.0
p5380,929.4,5,High,77.5,4,4,5.0
p5381,938.0,1,High,99.0,17,37,20.0
p5382,923.6666666666666,3,High,55.0,1,2,1.0
p5383,592.75,4,Low,100.0,2,6,2.0
p5384,640.3333333333334,9,Low,54.0,7,11,10.0
p5385,999.0,2,High,42.0,1,36,1.0
p5386,867.3333333333334,21,High,76.0,8,12,8.0
p5387,939.0,11,High,81.0,8,11,8.0
p5388,904.4444444444445,9,High,35.0,16,7,16.0
p5389,986.6428571428571,56,High,200.5,12,21,12.0
p539,999.1666666666666,18,High,155.0,2,7,3.0
p5390,695.0,1,Low,24.0,1,1,2.0
p5392,776.4444444444445,9,Low,105.5,6,17,7.0
p5393,840.8461538461538,13,Low,175.0,4,7,4.0
p5394,948.1060606060606,66,High,96.0,12,38,14.0
p5395,980.0714285714286,14,High,162.5,6,17,7.0
p5396,783.2222222222222,9,Low,350.0,1,4,2.0
p5397,1000.0,11,High,128.0,5,25,6.0
p54,660.6845238095239,168,Low,44.0,167,274,206.0
p5400,925.5714285714286,7,High,117.0,5,13,6.0
p5402,977.7142857142857,7,High,56.0,11,12,12.0
p5403,793.0,2,Low,62.0,1,2,1.0
p5405,999.2222222222222,9,High,85.0,7,20,7.0
p5407,729.75,4,Low,54.0,1,3,1.0
p5408,972.6666666666666,6,High,109.0,5,8,5.0
p5409,790.2295081967213,61,Low,101.0,14,40,18.0
p541,841.3092783505155,97,Low,85.5,34,40,37.0
p5410,662.4,10,Low,111.0,7,17,8.0
p5411,579.6,10,Low,96.0,15,24,15.0
p5412,999.25,24,High,116.0,8,17,8.0
p5413,987.5,54,High,110.0,15,41,17.0
p5414,587.6666666666666,9,Low,83.5,6,22,6.0
p5415,751.5,2,Low,78.0,7,7,8.0
p5418,685.0,1,Low,21.0,1,1,1.0
p5419,269.75,4,Low,82.0,1,4,1.0
p542,598.4473684210526,38,Low,119.0,11,38,11.0
p5420,686.6666666666666,36,Low,84.0,17,30,22.0
p5421,972.5,2,High,110.5,2,3,2.0
p5422,953.3333333333334,75,High,75.0,13,55,15.0
p5423,562.6,15,Low,179.5,4,16,4.0
p5424,1000.0,3,High,58.0,4,4,4.0
p5425,773.0,3,Low,39.5,2,3,2.0
p5426,840.0,1,Low,130.0,1,2,1.0
p5427,634.8181818181819,11,Low,63.5,4,7,6.0
p5428,833.8571428571429,7,Low,169.5,8,16,8.0
p5429,971.4,5,High,102.0,9,9,10.0
p543,897.3,10,High,162.5,2,5,2.0
p5430,683.0,7,Low,56.0,11,19,11.0
p5431,527.8857142857142,105,Low,178.0,20,41,24.0
p5432,980.2452830188679,53,High,62.0,37,38,41.0
p5433,969.275,40,High,69.5,20,38,23.0
p5434,984.4285714285714,35,High,98.5,20,31,21.0
p5435,734.2222222222222,9,Low,177.0,4,10,6.0
p5436,755.0,1,Low,70.0,1,3,1.0
p5437,889.0,3,High,45.0,1,1,1.0
p5438,896.1333333333333,15,High,21.5,26,16,26.0
p5439,753.0,2,Low,90.0,1,4,1.0
p544,868.6666666666666,9,High,153.0,8,22,10.0
p5440,937.7692307692307,13,High,45.0,22,22,24.0
p5442,677.0,3,Low,83.0,1,0,1.0
p5443,603.75,4,Low,64.0,1,2,1.0
p5444,609.3589743589744,39,Low,23.0,11,31,21.0
p5446,653.0,1,Low,22.0,2,1,3.0
p5447,754.7333333333333,15,Low,86.0,7,15,7.0
p5448,929.95,20,High,69.0,10,9,12.0
p5449,1000.0,1,High,11.0,1,1,1.0
p545,942.5,6,High,41.0,15,9,16.0
p5450,662.6666666666666,3,Low,3.0,3,3,3.0
p5452,882.0,1,High,94.0,1,3,1.0
p5454,1000.0,1,High,43.0,1,2,1.0
p5455,762.3333333333334,21,Low,147.5,8,25,9.0
p5456,1000.0,6,High,104.0,5,6,6.0
p5458,1000.0,1,High,23.0,4,2,4.0
p546,872.6842105263158,19,High,292.0,3,10,
p5460,926.6666666666666,6,High,21.0,5,7,5.0
p5464,884.8333333333334,12,High,112.5,6,19,6.0
p5465,1000.0,1,High,34.5,2,3,2.0
p5467,569.2,5,Low,139.0,4,9,5.0
p5468,790.8333333333334,6,Low,11.0,27,8,27.0
p5469,999.25,4,High,85.5,2,5,2.0
p547,613.8888888888889,9,Low,60.5,12,16,14.0
p5470,853.2380952380952,21,Low,150.0,7,13,8.0
p5471,767.6666666666666,39,Low,84.5,34,36,34.0
p5472,944.9733333333334,75,High,45.5,46,72,47.0
p5473,1000.0,3,High,28.0,3,3,5.0
p5475,989.7142857142857,21,High,27.0,86,56,91.0
p5477,930.0,1,High,61.0,1,2,1.0
p5478,996.0,3,High,124.0,1,2,2.0
p5479,999.6666666666666,3,High,42.0,2,1,4.0
p548,890.3225806451613,62,High,60.0,39,31,42.0
p5480,776.5378787878788,132,Low,38.0,118,170,124.0
p5482,875.2857142857143,14,High,68.0,7,23,10.0
p5483,822.3076923076923,13,Low,41.0,14,7,15.0
p5484,983.5,2,High,29.0,2,3,3.0
p5485,751.75,4,Low,46.5,2,2,3.0
p5486,932.7777777777778,9,High,68.0,9,8,9.0
p5487,936.0,2,High,57.0,1,2,1.0
p5488,984.2222222222222,45,High,154.0,10,38,10.0
p5490,874.0,2,High,47.0,1,2,1.0
p5493,996.0,1,High,102.0,2,4,2.0
p5494,1000.0,1,High,243.0,1,6,1.0
p5495,999.0,24,High,43.5,12,9,15.0
p5496,999.2916666666666,24,High,73.0,15,42,18.0
p5497,804.6,5,Low,30.0,3,5,3.0
p5499,693.5,6,Low,21.0,6,1,6.0
p55,960.0,3,High,84.0,1,3,1.0
p550,806.1428571428571,7,Low,33.5,4,7,4.0
p5500,1000.0,1,High,57.0,1,2,1.0
p5501,998.2222222222222,9,High,57.0,2,4,4.0
p5502,980.0,2,High,46.0,1,2,1.0
p5504,913.6666666666666,3,High,25.0,7,4,7.0
p5505,989.609756097561,41,High,167.0,13,26,17.0
p5506,671.0,2,Low,33.0,1,1,1.0
p5507,991.1052631578947,38,High,47.5,32,29,33.0
p5508,863.8148148148148,27,High,85.0,9,18,18.0
p5509,987.5,2,High,128.0,1,1,1.0
p551,1000.0,8,High,51.5,6,6,6.0
p5511,973.8571428571429,14,High,59.5,12,12,12.0
p5512,901.8571428571429,7,High,53.0,13,18,16.0
p5513,818.7142857142857,7,Low,117.0,5,11,5.0
p5515,966.3333333333334,57,High,53.0,47,64,55.0
p5518,869.8181818181819,22,High,56.0,9,20,10.0
p5519,659.5714285714286,28,Low,61.0,18,38,18.0
p5520,989.2272727272727,44,High,100.0,19,41,20.0
p5521,1000.0,1,High,16.0,5,9,6.0
p5522,906.4,30,High,165.5,10,38,10.0
p5523,827.1666666666666,6,Low,151.0,1,7,2.0
p5525,956.0,1,High,34.0,2,3,4.0
p5526,857.5714285714286,7,High,97.5,2,4,2.0
p5527,815.5555555555555,9,Low,182.5,4,14,4.0
p5528,918.1304347826087,23,High,44.5,24,21,27.0
p5529,891.52,50,High,72.0,32,39,45.0
p5531,997.7058823529412,17,High,51.5,12,15,15.0
p5532,1000.0,12,High,70.0,11,18,12.0
p5533,969.5555555555555,9,High,38.0,15,12,16.0
p5534,850.0,1,Low,114.0,1,4,2.0
p5535,774.2666666666667,15,Low,105.0,7,18,7.0
p5536,984.1444444444444,90,High,108.0,35,39,42.0
p5537,834.0,24,Low,102.0,3,19,12.0
p554,927.3125,16,High,139.0,13,10,14.0
p5542,999.0,2,High,73.0,1,30,1.0
p5543,801.0,6,Low,51.0,6,5,6.0
p5544,783.6,15,Low,211.0,4,17,5.0
p5545,992.716049382716,81,High,33.0,72,44,73.0
p5546,886.5,2,High,26.5,2,1,2.0
p5548,989.0,1,High,51.0,1,2,1.0
p555,916.5,2,High,182.5,2,4,2.0
p5550,789.2,5,Low,69.5,30,44,30.0
p5551,889.4166666666666,24,High,78.5,6,22,7.0
p5552,894.1111111111111,9,High,251.5,4,31,4.0
p5554,626.0,1,Low,18.0,1,1,1.0
p5555,978.1666666666666,6,High,67.0,9,10,10.0
p5556,869.5,24,High,171.0,4,6,4.0
p5557,751.0,3,Low,132.0,2,6,2.0
p5558,474.0810810810811,37,Low,78.0,17,24,17.0
p5559,654.0,2,Low,20.0,1,1,1.0
p556,971.0,2,High,126.5,2,4,2.0
p5560,551.7777777777778,9,Low,72.5,8,7,9.0
p5561,1000.0,1,High,15.0,1,1,1.0
p5562,642.3636363636364,11,Low,62.5,10,20,14.0
p5564,614.6363636363636,11,Low,199.0,5,22,5.0
p5566,864.0,5,High,88.0,4,3,4.0
p5567,1000.0,2,High,80.5,2,5,2.0
p5568,891.0,3,High,119.0,3,3,3.0
p5569,799.0,1,Low,41.0,3,4,3.0
p557,999.84,25,High,25.0,11,12,14.0
p5570,845.1818181818181,11,Low,41.0,11,10,13.0
p5571,693.3333333333334,3,Low,72.0,2,4,2.0
p5573,977.0,1,High,15.0,1,1,1.0
p5575,825.8,10,Low,83.0,8,19,8.0
p5577,686.3142857142857,35,Low,66.0,21,30,21.0
p5578,899.9333333333333,15,High,176.0,7,24,7.0
p5579,999.8666666666667,15,High,160.0,4,9,6.0
p558,980.5384615384615,13,High,113.0,13,26,13.0
p5580,830.0,1,Low,60.0,2,3,2.0
p5581,815.6666666666666,3,Low,88.0,9,7,11.0
p5582,753.72,25,Low,48.0,23,29,23.0
p5584,841.5892857142857,56,Low,112.0,20,40,21.0
p5585,548.1428571428571,7,Low,70.0,5,20,6.0
p5586,1000.0,1,High,48.5,2,4,2.0
p5587,844.625,8,Low,46.0,11,15,11.0
p5589,851.0,1,Low,17.0,3,22,3.0
p559,884.6666666666666,9,High,136.0,6,58,7.0
p5590,754.5555555555555,9,Low,24.0,11,9,12.0
p5591,893.0,3,High,59.0,4,6,6.0
p5592,174.0,4,Low,265.0,3,13,3.0
p5593,999.8823529411765,51,High,27.0,142,46,147.0
p5594,738.4285714285714,7,Low,34.0,5,5,5.0
p5595,1000.0,1,High,21.0,2,21,3.0
p5596,676.0,2,Low,22.0,1,1,1.0
p5597,927.0833333333334,12,High,84.5,10,17,10.0
p5598,602.5,18,Low,227.0,1,17,2.0
p56,886.25,20,High,105.0,12,35,12.0
p5600,997.8571428571429,14,High,225.0,3,19,3.0
p5601,1000.0,21,High,75.0,15,39,16.0
p5603,998.8333333333334,6,High,30.0,6,7,7.0
p5604,947.3157894736842,19,High,62.0,9,21,11.0
p5605,663.125,8,Low,72.5,10,14,10.0
p5606,995.0,3,High,105.5,2,4,2.0
p5607,981.1538461538462,13,High,84.0,8,7,8.0
p5609,978.3636363636364,11,High,197.0,4,19,4.0
p561,762.0,1,Low,32.5,2,1,2.0
p5610,1000.0,2,High,78.0,2,4,2.0
p5611,817.7777777777778,27,Low,399.0,3,19,3.0
p5613,814.4583333333334,24,Low,142.0,7,12,7.0
p5614,848.3333333333334,15,Low,52.0,29,31,31.0
p5616,874.9166666666666,12,High,59.5,10,40,11.0
p5617,794.0,2,Low,26.0,3,3,3.0
p5618,999.0,1,High,80.0,1,3,1.0
p562,721.0,2,Low,126.0,3,6,3.0
p5620,884.5,8,High,44.0,5,6,5.0
p5621,877.1666666666666,6,High,146.0,1,4,1.0
p5622,809.0,1,Low,39.0,1,1,1.0
p5624,723.0,7,Low,79.5,4,7,4.0
p5625,654.625,8,Low,35.0,8,9,9.0
p5626,840.3333333333334,9,Low,424.0,3,15,3.0
p5627,833.5238095238095,42,Low,81.0,21,53,23.0
p5628,949.0,1,High,54.0,3,4,3.0
p5629,999.8823529411765,17,High,128.0,7,10,8.0
p563,954.4545454545455,11,High,71.0,6,9,6.0
p5631,913.3333333333334,9,High,79.0,9,12,9.0
p5632,768.0,5,Low,57.5,2,4,2.0
p5633,999.6,10,High,325.0,3,13,3.0
p5634,1000.0,2,High,25.5,2,2,2.0
p5635,901.0,13,High,44.0,9,20,9.0
p5636,894.4102564102565,39,High,42.0,42,39,47.0
p5637,994.5,2,High,20.0,2,1,4.0
p5638,863.3333333333334,3,High,15.0,5,4,5.0
p5639,867.3,20,High,46.0,15,13,15.0
p564,654.9,30,Low,141.0,9,20,11.0
p5640,595.0,3,Low,89.5,2,1,3.0
p5641,710.6666666666666,3,Low,54.0,3,6,3.0
p5643,787.0,1,Low,70.5,2,4,2.0
p5644,796.5588235294117,34,Low,49.5,38,33,39.0
p5645,742.6666666666666,3,Low,54.0,1,2,1.0
p5646,897.0909090909091,22,High,69.0,11,27,11.0
p5647,926.2608695652174,23,High,40.0,32,26,34.0
p5648,818.6153846153846,13,Low,94.0,5,12,7.0
p5649,863.25,12,High,43.0,15,7,19.0
p5650,999.3333333333334,12,High,115.5,6,13,6.0
p5651,1000.0,2,High,87.0,4,8,4.0
p5652,621.3333333333334,3,Low,248.0,1,4,1.0
p5653,812.25,8,Low,122.0,5,15,5.0
p5654,724.8181818181819,11,Low,49.0,11,19,12.0
p5655,847.1860465116279,43,Low,124.0,27,125,31.0
p5656,999.6315789473684,19,High,104.0,5,18,5.0
p5657,952.25,4,High,15.0,16,9,17.0
p566,860.5,2,High,21.0,7,3,7.0
p5660,798.0,1,Low,27.0,1,1,1.0
p5661,662.9090909090909,11,Low,51.0,11,14,12.0
p5662,647.5187165775401,187,Low,119.0,70,113,84.0
p5663,955.1666666666666,18,High,140.5,6,22,9.0
p5664,957.0,1,High,25.0,1,1,1.0
p5665,820.6349206349206,63,Low,134.0,19,41,20.0
p5668,868.5,2,High,35.0,1,1,1.0
p5669,887.5,2,High,56.5,2,4,2.0
p567,836.0,1,Low,63.0,1,3,1.0
p5671,927.7362637362637,91,High,97.0,37,54,
p5672,919.8,5,High,33.0,5,4,5.0
p5675,984.0,1,High,68.0,1,3,1.0
p5677,1000.0,2,High,63.5,2,4,2.0
p5679,764.7666666666667,30,Low,54.0,19,23,19.0
p568,626.551724137931,29,Low,65.5,34,46,36.0
p5680,883.8333333333334,12,High,79.5,8,18,8.0
p5682,751.1111111111111,9,Low,42.0,11,20,11.0
p5683,990.0,4,High,66.0,5,3,7.0
p5684,867.829268292683,41,High,31.5,44,32,46.0
p5685,626.0,1,Low,48.0,5,5,8.0
p5686,950.0,2,High,27.0,4,2,5.0
p5687,1000.0,2,High,93.5,2,4,
p5688,767.0,1,Low,25.5,2,2,2.0
p5689,937.0,21,High,154.0,5,13,5.0
p569,996.7272727272727,11,High,31.0,16,13,18.0
p5691,999.0,2,High,67.0,1,2,3.0
p5692,922.25,8,High,190.0,2,8,3.0
p5693,684.0,2,Low,26.0,6,39,7.0
p5694,820.0,2,Low,43.0,2,5,3.0
p5697,893.0178571428571,56,High,59.0,68,32,74.0
p570,946.5,2,High,36.0,2,3,2.0
p5700,794.7941176470588,34,Low,75.0,15,19,16.0
p5701,746.8571428571429,14,Low,85.0,7,13,7.0
p5702,821.0,1,Low,131.0,1,4,1.0
p5703,992.7142857142857,14,High,34.5,16,13,20.0
p5704,902.0,1,High,142.0,1,1,1.0
p5706,571.5,6,Low,47.0,10,9,10.0
p5707,999.5625,16,High,19.5,14,9,16.0
p5708,822.6363636363636,11,Low,29.0,17,20,17.0
p5709,855.7142857142857,35,Low,202.0,6,23,7.0
p5712,688.5833333333334,12,Low,64.5,8,8,8.0
p5713,948.3333333333334,18,High,298.0,5,16,6.0
p5715,753.0,53,Low,157.0,18,49,20.0
p5716,989.6666666666666,3,High,65.0,1,1,2.0
p5717,831.7368421052631,19,Low,79.0,12,25,13.0
p5719,524.3333333333334,12,Low,44.0,13,17,13.0
p572,728.5,10,Low,204.5,4,8,4.0
p5720,800.75,4,Low,47.0,4,2,4.0
p5721,862.2941176470588,17,High,86.0,7,16,9.0
p5723,952.2448979591836,49,High,37.5,74,43,77.0
p5724,859.92,25,High,59.0,11,22,12.0
p5727,748.5,90,Low,62.0,31,90,36.0
p5728,890.7272727272727,11,High,77.0,7,10,7.0
p5729,946.5,2,High,14.0,5,2,7.0
p573,999.8367346938776,49,High,77.0,11,31,12.0
p5731,729.0,4,Low,23.0,11,4,11.0
p5732,920.042735042735,117,High,78.0,42,38,48.0
p5734,743.9850746268656,67,Low,74.0,31,24,31.0
p5736,1000.0,1,High,32.0,2,1,2.0
p5737,696.1315789473684,38,Low,76.0,16,26,17.0
p5738,706.5,34,Low,29.0,27,51,32.0
p5739,822.0,2,Low,36.5,4,4,4.0
p574,676.3333333333334,3,Low,73.0,1,2,1.0
p5740,853.060606060606,33,Low,79.0,23,37,24.0
p5742,872.3103448275862,29,High,86.5,16,26,16.0
p5743,859.9444444444445,18,High,124.0,13,30,14.0
p5744,285.0,1,Low,31.0,1,1,1.0
p5745,600.0833333333334,36,Low,35.5,12,19,14.0
p5747,783.2903225806451,31,Low,214.0,9,38,12.0
p5748,914.6,10,High,182.0,4,18,4.0
p5749,634.0,11,Low,78.0,9,11,9.0
p575,838.4615384615385,13,Low,48.0,10,19,10.0
p5751,940.2765957446809,47,High,35.0,66,39,66.0
p5752,729.25,4,Low,174.0,3,4,4.0
p5754,732.6,10,Low,141.0,6,12,
p5755,656.0,1,Low,36.0,1,1,1.0
p5756,908.3333333333334,9,High,33.0,16,24,17.0
p5757,921.6,5,High,97.5,8,7,10.0
p5759,886.5,2,High,124.0,1,2,1.0
p576,954.4905660377359,53,High,226.0,10,41,13.0
p5760,826.5,6,Low,83.5,2,6,2.0
p5761,934.0,2,High,13.0,5,2,9.0
p5762,669.7317073170732,82,Low,75.5,12,34,19.0
p5763,979.72,25,High,48.0,13,15,14.0
p5764,943.2,5,High,121.0,1,4,1.0
p5767,707.6891891891892,74,Low,73.0,33,64,37.0
p577,742.25,12,Low,245.0,3,14,3.0
p5770,964.3333333333334,3,High,39.0,5,5,6.0
p5771,774.9090909090909,11,Low,105.0,2,5,2.0
p5772,896.3076923076923,13,High,96.0,11,12,12.0
p5773,837.0,9,Low,164.5,4,16,4.0
p5774,817.7142857142857,7,Low,77.5,10,12,13.0
p5775,407.3333333333333,3,Low,53.0,1,1,1.0
p5778,915.6923076923077,13,High,38.5,18,11,19.0
p5779,738.8666666666667,15,Low,96.0,6,17,9.0
p578,898.7692307692307,13,High,66.0,5,16,8.0
p5780,707.1818181818181,22,Low,46.5,6,18,12.0
p5781,718.1666666666666,6,Low,243.0,3,16,3.0
p5782,817.6666666666666,3,Low,90.0,3,3,3.0
p5783,922.5714285714286,14,High,50.0,11,15,11.0
p5785,812.4848484848485,33,Low,109.0,9,42,13.0
p5786,933.3333333333334,9,High,103.0,7,16,7.0
p5787,700.0,1,Low,26.0,2,3,2.0
p5788,978.5,2,High,41.0,2,3,3.0
p5790,985.15,20,High,63.0,12,11,14.0
p5791,965.4615384615385,13,High,137.0,7,17,7.0
p5795,957.8461538461538,13,High,106.0,6,22,7.0
p5796,909.6666666666666,3,High,31.0,3,3,3.0
p5797,924.125,8,High,52.5,8,10,9.0
p5799,887.4,5,High,26.0,9,8,11.0
p58,994.3076923076923,26,High,140.0,7,20,8.0
p580,657.1973684210526,76,Low,202.0,15,50,20.0
p5800,718.46,50,Low,153.5,16,23,17.0
p5801,745.0,9,Low,70.0,3,8,4.0
p5802,888.1111111111111,9,High,207.5,2,15,6.0
p5803,587.0,1,Low,42.0,1,1,1.0
p5804,966.2857142857143,7,High,58.5,4,15,6.0
p5805,574.0,2,Low,67.0,1,2,1.0
p5807,688.25,4,Low,41.0,13,22,13.0
p5808,924.4545454545455,11,High,70.0,11,10,14.0
p5809,731.6,10,Low,177.0,2,7,3.0
p5810,924.0909090909091,11,High,100.0,7,18,7.0
p5811,877.5,8,High,16.0,13,11,20.0
p5813,773.6666666666666,3,Low,43.5,2,4,2.0
p5814,818.0,3,Low,43.0,2,3,2.0
p5815,831.6,5,Low,11.0,19,6,21.0
p5816,963.1111111111111,9,High,70.0,6,14,6.0
p5817,926.1428571428571,7,High,42.0,4,4,6.0
p5818,870.75,12,High,130.0,5,20,6.0
p5819,591.2142857142857,14,Low,121.5,20,38,24.0
p582,714.84375,32,Low,223.5,10,32,17.0
p5820,842.8965517241379,29,Low,127.5,12,23,16.0
p5821,999.34375,32,High,65.5,10,18,10.0
p5822,895.4821428571429,56,High,55.0,21,39,31.0
p5823,705.7142857142857,7,Low,39.0,12,9,12.0
p5824,713.1811594202899,138,Low,48.0,144,84,151.0
p5825,966.64,50,High,137.5,10,40,13.0
p5826,849.75,28,Low,96.0,5,20,6.0
p5827,900.375,8,High,36.5,12,10,13.0
p5828,837.6666666666666,12,Low,122.0,3,9,
p5829,996.0,2,High,103.0,1,5,1.0
p5831,797.0,11,Low,124.0,4,21,5.0
p5832,523.0,1,Low,93.0,1,1,1.0
p5833,896.4333333333333,30,High,143.5,8,30,8.0
p5834,851.875,8,Low,84.0,3,4,3.0
p5837,719.4,5,Low,123.0,1,1,1.0
p5838,830.5,6,Low,68.0,2,4,2.0
p5839,715.2857142857143,7,Low,24.0,9,6,11.0
p584,740.0,2,Low,56.5,2,4,2.0
p5840,759.875,56,Low,104.0,27,35,27.0
p5841,777.5714285714286,7,Low,20.0,13,9,13.0
p5842,842.8333333333334,12,Low,103.0,8,10,8.0
p5844,971.7222222222222,18,High,74.0,7,15,8.0
p5846,723.204081632653,49,Low,40.0,39,38,41.0
p5847,809.1428571428571,14,Low,66.0,15,24,15.0
p5849,809.3802816901408,71,Low,146.0,16,40,17.0
p5850,989.7692307692307,13,High,40.0,13,19,13.0
p5851,787.1,10,Low,44.0,14,12,14.0
p5852,635.75,8,Low,25.0,5,4,5.0
p5853,982.5555555555555,9,High,190.0,4,13,4.0
p5854,783.6206896551724,29,Low,54.0,11,40,17.0
p5855,749.0,3,Low,50.0,3,4,3.0
p5856,876.0958904109589,73,High,51.0,67,41,78.0
p5857,787.75,8,Low,211.0,3,9,4.0
p5858,952.5,2,High,80.0,3,8,5.0
p5860,999.3636363636364,22,High,188.0,5,23,10.0
p5861,723.1666666666666,6,Low,69.0,3,9,4.0
p5862,999.5774647887324,71,High,95.0,23,42,28.0
p5864,981.1428571428571,7,High,212.0,4,12,4.0
p5865,801.5151515151515,33,Low,94.0,12,25,13.0
p5866,721.8695652173913,46,Low,51.0,30,38,35.0
p5867,999.3636363636364,11,High,55.5,8,60,8.0
p5868,1000.0,1,High,48.0,1,2,1.0
p5869,680.0,8,Low,47.0,10,14,10.0
p587,760.2857142857143,14,Low,69.5,8,20,8.0
p5870,778.7142857142857,7,Low,26.0,11,13,11.0
p5871,702.1025641025641,39,Low,80.0,22,39,22.0
p5872,623.8333333333334,72,Low,52.0,54,57,54.0
p5874,890.1111111111111,9,High,70.0,12,18,16.0
p5875,710.4117647058823,17,Low,43.5,14,6,14.0
p5877,588.0,3,Low,22.0,6,3,6.0
p5878,815.0,2,Low,52.0,1,2,2.0
p5879,800.3225806451613,31,Low,47.0,18,25,18.0
p588,758.6,5,Low,62.0,3,4,4.0
p5880,781.8125,16,Low,45.0,16,9,17.0
p5881,927.7391304347826,23,High,47.0,11,19,13.0
p5882,839.0,7,Low,107.5,4,10,5.0
p5884,656.8571428571429,14,Low,66.0,11,48,20.0
p5886,991.4761904761905,21,High,118.5,14,38,17.0
p5887,814.5833333333334,12,Low,68.0,7,9,7.0
p5888,915.6,10,High,37.0,14,11,14.0
p5889,744.5588235294117,34,Low,39.0,37,39,39.0
p589,997.0,2,High,10.0,3,2,3.0
p5890,828.8148148148148,27,Low,72.0,16,31,20.0
p5891,597.3529411764706,34,Low,56.0,16,20,20.0
p5892,999.3333333333334,3,High,171.0,1,3,1.0
p5893,925.1111111111111,72,High,78.5,26,37,27.0
p5895,692.4924242424242,132,Low,111.0,17,110,26.0
p5896,945.9545454545455,22,High,162.5,4,13,6.0
p5898,732.0,5,Low,78.0,5,3,5.0
p5899,838.5,48,Low,25.0,69,42,90.0
p59,728.0,1,Low,121.0,1,4,1.0
p5900,979.8181818181819,22,High,42.0,21,14,21.0
p5901,876.1666666666666,6,High,55.0,15,11,15.0
p5902,988.8461538461538,13,High,52.0,8,10,9.0
p5903,947.8,5,High,28.0,5,6,6.0
p5904,722.8,10,Low,53.0,6,2,6.0
p5905,942.3333333333334,6,High,38.0,3,4,3.0
p5906,881.25,8,High,123.0,5,8,7.0
p5907,920.3396226415094,53,High,66.0,37,25,38.0
p5908,785.16,25,Low,150.0,9,38,9.0
p5909,850.0,4,Low,36.0,9,6,12.0
p5910,866.375,16,High,50.5,14,14,14.0
p5911,997.1428571428571,7,High,7.0,15,7,23.0
p5912,670.5294117647059,17,Low,197.5,4,10,4.0
p5913,704.2,15,Low,84.0,7,16,9.0
p5914,833.0,1,Low,88.5,2,4,2.0
p5915,646.1875,16,Low,179.0,5,8,6.0
p5917,823.7272727272727,11,Low,125.0,5,11,5.0
p5918,766.8,5,Low,81.5,4,5,7.0
p5920,998.0,1,High,96.5,2,7,2.0
p5921,703.2903225806451,31,Low,37.0,29,35,29.0
p5922,758.0,1,Low,32.0,1,1,1.0
p5923,956.0,2,High,95.0,2,6,2.0
p5924,996.0,8,High,35.0,4,4,4.0
p5926,728.8717948717949,39,Low,31.5,46,34,47.0
p5927,944.4375,16,High,103.0,8,11,8.0
p5929,654.6,5,Low,174.5,4,14,4.0
p593,914.5,2,High,28.0,1,2,1.0
p5931,751.3333333333334,6,Low,56.0,4,4,6.0
p5932,996.75,20,High,109.0,3,11,26.0
p5933,814.625,8,Low,183.0,4,16,5.0
p5934,746.8181818181819,11,Low,93.0,9,20,10.0
p5935,995.875,8,High,349.5,2,18,3.0
p5936,727.6666666666666,6,Low,114.5,2,5,2.0
p5937,746.2222222222222,9,Low,57.0,4,12,7.0
p5938,995.9019607843137,51,High,234.0,9,35,11.0
p5939,786.9032258064516,31,Low,90.0,14,39,15.0
p594,942.9705882352941,34,High,23.5,52,31,58.0
p5940,720.7142857142857,7,Low,77.0,9,12,12.0
p5941,939.2307692307693,13,High,36.0,13,19,14.0
p5942,867.8571428571429,7,High,56.0,3,7,9.0
p5943,749.5,10,Low,123.0,6,10,6.0
p5944,1000.0,1,High,48.0,1,47,1.0
p5945,1000.0,2,High,15.0,3,1,3.0
p5946,998.8333333333334,6,High,97.0,4,9,7.0
p5947,998.75,8,High,31.0,27,21,29.0
p5948,883.7333333333333,30,High,147.5,20,34,24.0
p5949,947.5370370370371,54,High,129.0,18,38,
p595,792.671052631579,76,Low,57.0,24,27,25.0
p5950,634.88,25,Low,67.0,24,30,26.0
p5951,739.8333333333334,6,Low,83.0,1,3,1.0
p5952,995.469696969697,66,High,97.5,18,48,
p5953,982.05,20,High,28.0,9,38,13.0
p5954,625.5714285714286,7,Low,32.0,4,3,5.0
p5955,879.0666666666667,15,High,98.0,9,10,9.0
p5956,955.4307692307692,65,High,87.5,48,70,53.0
p5957,569.0,4,Low,114.5,2,6,2.0
p596,936.8571428571429,7,High,50.5,6,5,6.0
p5960,1000.0,2,High,30.0,1,1,1.0
p5961,715.8333333333334,24,Low,97.0,17,30,18.0
p5962,676.0909090909091,11,Low,125.5,8,15,10.0
p5963,804.15,20,Low,119.0,7,19,8.0
p5964,1000.0,1,High,62.0,1,2,1.0
p5965,902.7272727272727,44,High,71.0,26,39,35.0
p5968,936.7234042553191,47,High,60.0,30,41,31.0
p597,988.0,1,High,75.0,1,1,1.0
p5971,986.875,8,High,28.0,13,19,13.0
p5972,868.2058823529412,68,High,70.0,58,88,65.0
p5973,803.4,10,Low,32.0,6,10,8.0
p5974,911.0,3,High,207.0,1,5,1.0
p5975,894.6511627906976,43,High,68.0,31,42,32.0
p5976,824.75,4,Low,27.0,3,4,3.0
p5978,982.5342465753424,73,High,188.5,24,54,26.0
p5979,930.3636363636364,11,High,41.0,15,12,16.0
p5981,660.0,2,Low,23.0,5,3,5.0
p5982,600.6666666666666,3,Low,46.0,3,4,4.0
p5983,742.0,1,Low,61.0,1,2,1.0
p5984,743.7142857142857,7,Low,190.5,2,9,2.0
p5985,737.0,1,Low,38.0,1,2,1.0
p5986,818.75,8,Low,37.5,6,9,11.0
p5987,958.6,60,High,187.0,8,38,12.0
p5988,810.8461538461538,26,Low,98.0,10,14,11.0
p5989,861.0,2,High,49.0,4,7,4.0
p599,842.0,1,Low,38.0,1,1,1.0
p5990,875.75,4,High,173.0,1,4,1.0
p5991,998.0,2,High,14.5,4,3,4.0
p5992,893.1666666666666,6,High,52.0,9,19,9.0
p5993,330.3953488372093,43,Low,80.0,20,35,21.0
p5994,900.0,1,High,4.0,3,1,13.0
p5996,761.520618556701,194,Low,133.0,68,61,83.0
p5997,529.2,10,Low,121.5,6,12,6.0
p5998,994.0,1,High,67.5,2,3,2.0
p6,773.2439024390244,41,Low,38.5,42,26,47.0
p60,946.21875,64,High,166.0,17,36,21.0
p600,967.9230769230769,13,High,55.0,10,8,10.0
p6001,977.0,1,High,148.0,1,3,1.0
p6002,930.5555555555555,9,High,51.5,12,16,12.0
p6005,898.125,16,High,86.0,9,10,9.0
p6006,969.3095238095239,42,High,140.0,16,45,16.0
p6008,701.0,2,Low,26.0,1,1,1.0
p6009,1000.0,1,High,55.5,2,5,2.0
p601,910.5,2,High,62.0,1,1,1.0
p6010,874.0,1,High,7.0,3,3,3.0
p6011,898.0,1,High,129.0,2,3,2.0
p6013,801.5,14,Low,106.0,7,11,9.0
p6014,873.75,4,High,21.0,4,5,5.0
p6015,713.2957746478874,71,Low,44.5,80,75,85.0
p6016,928.0,3,High,32.5,2,2,4.0
p6017,792.3333333333334,6,Low,384.0,1,7,1.0
p6019,830.9090909090909,11,Low,81.0,9,10,9.0
p6020,683.6923076923077,13,Low,81.5,18,13,20.0
p6021,449.6595744680851,47,Low,102.0,9,24,10.0
p6023,486.3,10,Low,127.0,3,4,3.0
p6024,628.7954545454545,44,Low,56.5,38,54,41.0
p6027,986.047619047619,21,High,105.0,8,20,10.0
p6028,741.6363636363636,22,Low,69.0,47,40,48.0
p6029,975.0,4,High,97.5,2,4,
p603,714.25,8,Low,79.0,7,22,9.0
p6030,690.625,8,Low,48.0,12,8,13.0
p6032,967.0,3,High,45.0,7,6,10.0
p6033,795.5,2,Low,82.0,1,3,1.0
p6034,712.75,8,Low,138.5,6,12,7.0
p6035,748.5333333333333,15,Low,158.5,8,15,10.0
p6036,880.0,9,High,78.0,5,12,8.0
p6038,953.0,1,High,62.0,1,0,2.0
p6039,685.3333333333334,3,Low,42.5,2,3,3.0
p604,738.0,1,Low,25.0,1,1,1.0
p6040,731.0,2,Low,14.0,5,2,5.0
p6041,710.6428571428571,14,Low,27.0,5,10,6.0
p6042,891.5,2,High,45.5,2,2,2.0
p6043,852.0,1,Low,50.0,1,3,4.0
p6044,603.5,2,Low,39.0,5,4,5.0
p6045,904.8235294117648,17,High,167.0,5,12,5.0
p6047,996.25,8,High,69.0,9,10,11.0
p605,881.6381578947369,152,High,71.0,128,146,135.0
p6052,980.8993288590603,149,High,76.0,87,119,88.0
p6053,973.0,1,High,61.0,2,2,2.0
p6054,879.304347826087,46,High,34.5,62,33,67.0
p6055,831.8333333333334,18,Low,22.0,47,24,49.0
p6056,994.0526315789474,19,High,61.0,12,21,12.0
p6057,811.0,2,Low,34.0,5,3,6.0
p6058,882.6428571428571,14,High,109.0,7,23,7.0
p6059,736.5333333333333,75,Low,47.0,37,35,41.0
p606,592.375,8,Low,133.0,7,13,7.0
p6060,828.2222222222222,9,Low,112.0,5,15,5.0
p6062,986.5,30,High,127.0,19,38,20.0
p6064,1000.0,2,High,36.0,1,2,3.0
p6065,892.0,1,High,186.0,5,10,5.0
p6067,863.2857142857143,14,High,79.0,3,8,4.0
p6069,1000.0,3,High,25.0,1,2,1.0
p6071,864.6666666666666,3,High,43.0,2,4,2.0
p6072,728.2857142857143,14,Low,28.0,17,20,18.0
p6073,998.9,10,High,108.5,6,13,6.0
p6074,832.2857142857143,7,Low,81.0,16,52,16.0
p6075,836.2191780821918,73,Low,58.5,18,87,27.0
p6076,999.5205479452055,73,High,116.0,26,39,27.0
p6077,638.1428571428571,14,Low,113.0,5,18,7.0
p6078,912.7241379310345,29,High,131.5,12,38,15.0
p6079,734.0,1,Low,29.0,2,2,2.0
p608,847.0,3,Low,59.5,2,3,2.0
p6080,782.030303030303,33,Low,130.5,22,42,24.0
p6081,625.0833333333334,12,Low,66.0,9,12,11.0
p6082,846.5,20,Low,52.0,7,15,7.0
p6084,981.5652173913044,23,High,84.5,6,12,6.0
p6085,854.625,16,Low,272.0,3,14,3.0
p6086,997.0,1,High,27.0,3,1,4.0
p6087,944.2857142857143,7,High,80.0,4,6,6.0
p6088,619.5,8,Low,60.0,13,7,13.0
p6089,892.3333333333334,27,High,43.0,4,23,15.0
p609,855.8255813953489,86,Low,134.5,28,38,31.0
p6091,974.4782608695652,23,High,60.0,17,24,23.0
p6092,812.6058394160584,137,Low,41.0,94,57,102.0
p6093,997.0,1,High,59.0,1,2,1.0
p6094,580.0,2,Low,20.5,2,1,2.0
p6095,981.2857142857143,7,High,148.0,4,9,7.0
p6096,582.0,1,Low,54.5,4,4,4.0
p6097,591.0,6,Low,100.0,7,12,7.0
p6098,668.0,1,Low,13.0,2,1,2.0
p6099,995.75,8,High,111.0,6,9,6.0
p61,992.0,1,High,28.0,3,4,3.0
p610,761.5,6,Low,123.0,2,9,4.0
p6100,965.6666666666666,9,High,88.0,11,18,12.0
p6101,876.7333333333333,15,High,106.5,14,16,15.0
p6102,840.5,40,Low,72.0,18,48,21.0
p6103,885.0,1,High,47.0,1,1,1.0
p6104,856.7777777777778,27,Low,93.0,9,17,10.0
p6105,787.0,1,Low,14.0,1,1,1.0
p6107,703.8522727272727,88,Low,105.5,72,45,81.0
p6108,860.5,4,High,55.0,4,4,5.0
p6109,949.6666666666666,3,High,52.0,1,2,2.0
p611,932.7948717948718,39,High,86.0,39,49,41.0
p6111,935.7142857142857,21,High,77.0,3,13,4.0
p6112,965.4285714285714,42,High,127.0,11,38,16.0
p6113,737.9333333333333,30,Low,76.0,10,24,13.0
p6115,835.4821428571429,56,Low,70.5,24,48,32.0
p6116,698.6981132075472,53,Low,69.0,41,63,52.0
p6117,593.0,1,Low,35.0,1,1,2.0
p6118,770.0,1,Low,34.0,2,2,2.0
p6119,947.0,2,High,153.0,9,38,14.0
p612,806.0,1,Low,56.0,1,2,1.0
p6121,969.0,2,High,22.0,1,3,3.0
p6122,744.2142857142857,14,Low,22.5,26,21,27.0
p6123,1000.0,3,High,132.0,1,3,1.0
p6126,933.0,1,High,48.5,2,2,2.0
p6127,805.4166666666666,12,Low,166.0,6,17,6.0
p6128,994.0,4,High,81.5,4,8,4.0
p613,751.9,10,Low,148.5,2,6,2.0
p6130,688.5555555555555,63,Low,114.0,21,38,26.0
p6131,730.0,5,Low,86.0,2,3,3.0
p6133,723.4166666666666,60,Low,88.0,28,38,31.0
p6134,915.5,2,High,46.5,2,2,2.0
p6135,993.1666666666666,6,High,50.0,11,10,12.0
p6136,903.5833333333334,12,High,90.0,7,13,9.0
p6137,533.7333333333333,15,Low,62.0,9,11,9.0
p6139,962.3333333333334,15,High,94.0,7,17,7.0
p614,999.5737704918033,61,High,136.0,13,48,31.0
p6140,944.421052631579,38,High,36.0,48,35,52.0
p6141,746.0,1,Low,52.0,2,3,2.0
p6142,973.75,12,High,59.0,12,13,12.0
p6143,778.2619047619048,42,Low,78.0,20,40,23.0
p6144,846.1176470588235,17,Low,92.0,5,19,5.0
p6145,485.27272727272725,11,Low,36.0,139,123,149.0
p6148,1000.0,2,High,14.0,1,1,1.0
p6149,999.7777777777778,27,High,43.0,25,20,27.0
p615,1000.0,1,High,34.5,2,1,2.0
p6150,880.6666666666666,6,High,83.0,5,8,5.0
p6151,962.3684210526316,19,High,61.0,11,23,11.0
p6153,532.0588235294117,34,Low,81.0,27,38,29.0
p6154,935.3333333333334,9,High,172.0,5,21,5.0
p6156,993.0,2,High,118.0,2,6,2.0
p6157,819.0,8,Low,114.0,3,9,5.0
p6159,918.2,5,High,52.0,3,2,
p616,1000.0,1,High,120.0,1,2,1.0
p6160,1000.0,1,High,139.0,7,20,10.0
p6161,744.0,1,Low,36.0,1,1,2.0
p6162,879.0,3,High,20.0,4,3,4.0
p6163,561.5555555555555,9,Low,54.0,9,11,9.0
p6164,948.8,5,High,33.5,6,3,6.0
p6165,684.2,25,Low,51.0,23,26,26.0
p6166,609.0,1,Low,9.0,1,1,2.0
p6168,845.5,10,Low,95.0,7,20,10.0
p6171,609.9642857142857,28,Low,121.5,6,22,8.0
p6172,961.1481481481482,27,High,67.0,5,24,7.0
p6177,999.0,2,High,49.0,3,6,3.0
p6179,951.4285714285714,7,High,72.0,11,10,13.0
p618,969.6296296296297,27,High,53.5,32,34,35.0
p6180,802.0,15,Low,103.5,6,19,6.0
p6181,984.0,1,High,31.0,1,0,1.0
p6182,972.8333333333334,6,High,155.5,2,5,3.0
p6183,713.7183098591549,71,Low,43.0,52,55,57.0
p6184,716.8,5,Low,33.5,6,3,
p6185,948.2631578947369,19,High,60.0,15,22,16.0
p6186,761.1212121212121,33,Low,58.0,44,31,47.0
p6188,720.1111111111111,45,Low,181.0,30,99,31.0
p6191,810.5185185185185,27,Low,50.0,33,38,35.0
p6192,823.0,1,Low,14.0,1,1,1.0
p6193,1000.0,1,High,63.0,1,1,2.0
p6194,825.9574468085107,47,Low,122.0,11,60,17.0
p6196,454.0,3,Low,20.0,2,1,2.0
p6197,771.9090909090909,11,Low,16.0,22,97,41.0
p6198,795.6666666666666,3,Low,22.0,6,4,6.0
p6199,761.1818181818181,33,Low,112.0,16,33,22.0
p62,735.3333333333334,3,Low,76.5,2,5,2.0
p620,987.1818181818181,33,High,68.5,24,30,25.0
p6200,503.0,3,Low,31.0,27,30,33.0
p6201,829.5,12,Low,355.0,3,18,3.0
p6202,612.4666666666667,15,Low,106.0,9,12,10.0
p6205,986.7,20,High,264.0,6,32,6.0
p6208,963.8823529411765,17,High,84.0,16,22,16.0
p621,974.5,8,High,199.5,4,20,4.0
p6210,462.25,36,Low,102.0,10,28,12.0
p6212,947.5,28,High,96.0,13,37,15.0
p6213,749.1,10,Low,57.0,7,7,10.0
p6214,993.2307692307693,52,High,171.5,20,38,21.0
p6215,732.0,14,Low,47.0,15,23,15.0
p6216,809.0,2,Low,52.0,1,2,1.0
p6217,819.5,2,Low,38.5,8,2,9.0
p6218,702.0,2,Low,300.5,4,29,10.0
p6219,595.4285714285714,14,Low,53.0,9,7,10.0
p622,787.6666666666666,3,Low,10.0,4,3,7.0
p6220,813.0,1,Low,22.0,9,4,9.0
p6221,978.0,3,High,85.0,3,8,3.0
p6222,757.5,2,Low,172.0,1,3,1.0
p6223,907.6666666666666,3,High,48.0,1,3,1.0
p6225,961.75,36,High,53.0,27,30,30.0
p6226,969.8666666666667,15,High,59.5,6,14,7.0
p6227,973.4,15,High,116.0,5,16,6.0
p6228,610.0,17,Low,172.0,3,18,3.0
p6229,886.46875,32,High,119.0,5,34,7.0
p6233,878.6,35,High,64.0,31,40,33.0
p6234,817.1320754716982,53,Low,76.0,29,40,33.0
p6235,1000.0,18,High,87.5,6,13,7.0
p6237,655.5370370370371,54,Low,95.0,37,41,40.0
p624,934.375,8,High,89.0,7,20,7.0
p6240,958.375,8,High,156.0,5,20,5.0
p6241,881.5263157894736,19,High,210.0,6,23,8.0
p6242,959.28125,32,High,215.0,5,61,7.0
p6243,901.5,2,High,41.0,2,3,2.0
p6244,672.1052631578947,19,Low,58.0,10,13,14.0
p6245,884.8955223880597,67,High,68.0,28,41,31.0
p6246,993.375,8,High,52.0,11,15,11.0
p6247,931.25,4,High,279.0,3,8,5.0
p6248,907.2857142857143,7,High,80.5,2,5,3.0
p6249,943.9024390243902,82,High,299.0,7,37,10.0
p625,791.5,20,Low,103.0,5,6,6.0
p6250,565.0,1,Low,47.0,3,1,3.0
p6252,857.2222222222222,9,Low,128.0,7,14,7.0
p6253,998.5714285714286,7,High,206.5,2,10,4.0
p6254,748.875,8,Low,51.0,13,13,14.0
p6255,980.0,2,High,222.0,3,16,3.0
p6256,865.0153846153846,65,High,38.0,35,39,37.0
p6257,692.0,1,Low,36.5,2,2,3.0
p6258,1000.0,3,High,110.0,1,2,3.0
p6259,913.8571428571429,21,High,213.0,5,22,6.0
p626,795.6666666666666,15,Low,96.0,12,22,13.0
p6260,1000.0,12,High,5.0,1,21,5.0
p6261,846.75,12,Low,128.0,7,14,7.0
p6262,878.5555555555555,9,High,84.0,7,10,7.0
p6263,922.3030303030303,33,High,61.5,16,25,16.0
p6264,715.6,5,Low,44.0,3,4,3.0
p6266,982.483870967742,31,High,85.0,10,25,14.0
p6267,1000.0,2,High,168.0,4,31,8.0
p6268,836.25,12,Low,86.0,9,19,10.0
p6270,722.0,5,Low,69.0,3,5,3.0
p6271,831.1923076923077,26,Low,41.0,19,20,19.0
p6272,752.2222222222222,9,Low,136.0,5,10,6.0
p6273,900.4,5,High,52.0,5,4,5.0
p6274,994.0,2,High,82.0,1,1,1.0
p6275,683.625,16,Low,37.0,18,18,21.0
p6276,780.395061728395,81,Low,56.5,34,58,38.0
p6277,537.0674157303371,89,Low,135.5,22,44,23.0
p6278,778.6,5,Low,15.0,1,5,2.0
p628,779.3181818181819,22,Low,61.0,9,23,11.0
p6281,974.6153846153846,91,High,44.5,90,48,111.0
p6282,839.7647058823529,17,Low,117.0,5,11,5.0
p6283,838.0,1,Low,86.0,1,34,2.0
p6284,682.0,3,Low,41.0,2,3,3.0
p6285,674.2,5,Low,68.0,2,4,3.0
p6286,996.0,2,High,81.0,2,3,2.0
p6287,515.5384615384615,13,Low,55.0,13,25,13.0
p6288,1000.0,1,High,26.5,4,3,4.0
p629,936.6774193548387,31,High,49.0,10,24,12.0
p6290,881.8461538461538,13,High,58.0,3,9,6.0
p6294,998.5,52,High,277.0,11,38,13.0
p6295,753.3333333333334,3,Low,95.5,2,4,2.0
p6297,713.75,24,Low,27.0,18,17,18.0
p6298,927.8888888888889,18,High,63.0,20,37,20.0
p6299,695.7142857142857,7,Low,46.0,10,13,13.0
p6300,883.0,1,High,12.0,1,1,1.0
p6301,923.7142857142857,14,High,116.0,8,18,9.0
p6302,1000.0,1,High,42.0,1,1,3.0
p6303,731.5416666666666,24,Low,286.0,9,38,10.0
p6304,749.2,5,Low,3.0,6,3,6.0
p6305,914.0,5,High,62.0,1,2,1.0
p6306,930.2556390977444,133,High,62.5,124,87,126.0
p6307,884.8382352941177,68,High,56.5,10,38,19.0
p6308,861.1818181818181,11,High,82.0,9,12,9.0
p6309,945.8421052631579,19,High,170.5,2,8,3.0
p631,903.3333333333334,63,High,155.0,18,47,21.0
p6310,920.3333333333334,3,High,26.0,3,2,3.0
p6311,940.75,8,High,54.5,8,8,9.0
p6312,692.6666666666666,3,Low,31.5,6,6,6.0
p6313,998.0,3,High,29.0,5,6,5.0
p6314,796.5,2,Low,28.5,12,6,12.0
p6315,609.0,1,Low,53.0,1,1,1.0
p6316,686.75,8,Low,43.0,5,23,5.0
p6317,809.2,15,Low,59.5,8,17,8.0
p6318,998.3333333333334,15,High,44.0,31,13,35.0
p6319,648.1666666666666,30,Low,97.0,26,24,27.0
p632,820.7619047619048,21,Low,194.0,10,23,11.0
p6320,868.7142857142857,14,High,176.5,4,22,5.0
p6323,860.7674418604652,43,High,118.0,23,41,23.0
p6324,849.9090909090909,11,Low,62.0,13,36,18.0
p6325,983.7027027027027,37,High,158.0,7,29,8.0
p6326,952.0,3,High,44.0,13,8,13.0
p6327,986.1333333333333,15,High,97.0,7,17,8.0
p6329,742.952380952381,21,Low,31.5,10,17,11.0
p633,392.6666666666667,3,Low,68.0,2,4,2.0
p6333,661.2333333333333,30,Low,37.0,23,53,26.0
p6334,990.25,8,High,169.5,4,14,4.0
p6335,715.0,1,Low,14.0,3,1,3.0
p6336,887.625,8,High,53.0,2,10,4.0
p6337,743.1666666666666,18,Low,59.0,12,16,13.0
p6338,819.0,1,Low,47.0,1,1,1.0
p634,871.0,2,High,9.0,3,1,4.0
p6341,718.6,5,Low,82.0,9,8,9.0
p6342,802.5,4,Low,40.5,4,3,5.0
p6343,755.6470588235294,17,Low,192.5,2,8,4.0
p6345,801.5,12,Low,92.5,12,15,12.0
p6347,802.25,4,Low,55.0,2,3,3.0
p6348,1000.0,1,High,38.0,2,3,2.0
p6349,1000.0,6,High,171.5,4,15,5.0
p6350,999.3714285714286,35,High,79.0,19,37,20.0
p6352,771.0,2,Low,108.0,1,2,1.0
p6355,755.9565217391304,23,Low,81.0,9,7,9.0
p6357,949.7857142857143,14,High,96.0,6,17,6.0
p6358,908.75,12,High,69.0,9,13,9.0
p6359,628.0,1,Low,45.0,3,3,4.0
p6361,946.2258064516129,31,High,58.0,11,20,12.0
p6362,935.0,3,High,42.5,2,3,3.0
p6363,996.2093023255813,43,High,100.0,14,31,14.0
p6365,904.6666666666666,3,High,45.0,3,3,3.0
p6366,759.0263157894736,38,Low,42.0,39,47,43.0
p6369,678.7727272727273,44,Low,98.5,20,37,20.0
p6370,874.7368421052631,19,High,63.5,8,18,15.0
p6371,998.5544554455446,101,High,88.0,57,42,61.0
p6373,926.2857142857143,21,High,64.0,10,22,15.0
p6374,904.5,2,High,65.0,3,3,3.0
p6375,602.7777777777778,9,Low,127.5,2,11,3.0
p6376,997.5714285714286,7,High,67.5,6,8,6.0
p6378,1000.0,16,High,124.0,4,6,4.0
p6379,994.6470588235294,34,High,79.0,21,33,25.0
p638,1000.0,2,High,121.0,1,1,2.0
p6380,899.0,6,High,133.0,5,15,6.0
p6382,742.7,20,Low,53.5,14,23,15.0
p6383,878.25,12,High,155.0,2,11,5.0
p6384,823.1428571428571,7,Low,126.5,2,14,3.0
p6385,718.5,2,Low,15.0,3,1,3.0
p6387,927.2,10,High,51.0,13,12,21.0
p6388,776.4,5,Low,96.5,2,4,2.0
p639,949.0,1,High,69.0,1,1,1.0
p6391,893.5,14,High,52.0,13,11,20.0
p6393,853.0588235294117,34,Low,86.0,21,38,22.0
p6394,832.0,1,Low,54.0,2,4,2.0
p6395,757.421052631579,19,Low,117.0,3,14,6.0
p6396,834.3333333333334,12,Low,39.0,13,10,15.0
p6398,979.275,40,High,59.0,29,39,31.0
p6399,875.9333333333333,15,High,54.0,13,19,14.0
p64,894.5,2,High,62.5,32,39,35.0
p640,566.0,2,Low,34.0,3,2,5.0
p6400,956.8888888888889,18,High,53.5,8,20,9.0
p6401,716.5,2,Low,7.0,3,3,5.0
p6402,941.8,5,High,56.0,2,4,2.0
p6404,868.6,10,High,49.0,6,7,7.0
p6407,962.5714285714286,7,High,84.0,7,21,7.0
p6408,999.875,16,High,33.5,14,14,15.0
p6409,885.4166666666666,36,High,92.0,17,32,17.0
p6412,635.0,1,Low,16.0,1,1,1.0
p6413,880.0,1,High,33.0,5,6,8.0
p6414,575.25,4,Low,78.0,19,47,36.0
p6415,887.0,20,High,80.5,18,38,22.0
p6416,1000.0,1,High,12.5,2,1,7.0
p6417,839.3,10,Low,109.0,7,9,9.0
p6418,746.5,6,Low,41.5,6,6,7.0
p6419,1000.0,1,High,7.0,1,1,1.0
p6420,787.4166666666666,12,Low,64.5,8,12,8.0
p6421,811.0,4,Low,55.0,4,37,4.0
p6422,928.7142857142857,7,High,82.0,3,6,3.0
p6423,860.5,2,High,76.0,3,4,3.0
p6424,963.0,8,High,47.0,11,16,12.0
p6425,951.4772727272727,44,High,94.0,35,54,38.0
p6426,760.6666666666666,6,Low,71.0,2,4,2.0
p6427,562.195652173913,46,Low,54.0,65,66,68.0
p6429,737.4,5,Low,177.0,3,12,3.0
p643,957.2307692307693,13,High,28.5,18,19,20.0
p6430,720.0,5,Low,110.0,2,3,3.0
p6431,751.3,10,Low,61.0,5,9,5.0
p6432,948.0,2,High,93.5,2,4,3.0
p6433,982.0181818181818,55,High,21.0,85,65,106.0
p6434,999.0666666666667,15,High,280.0,5,20,7.0
p6435,930.975,40,High,187.0,5,27,8.0
p6436,633.2,10,Low,67.0,9,12,9.0
p6437,945.1818181818181,11,High,74.5,8,10,8.0
p6438,624.9411764705883,17,Low,99.5,6,13,9.0
p6439,869.0,2,High,36.0,1,1,2.0
p644,845.7894736842105,19,Low,183.0,4,11,6.0
p6440,709.7142857142857,84,Low,44.0,61,86,67.0
p6441,682.5,12,Low,35.0,14,12,15.0
p6443,660.1272727272727,55,Low,97.0,15,33,15.0
p6445,984.12,25,High,98.0,15,26,19.0
p6446,931.5,12,High,55.0,7,18,12.0
p6447,967.4615384615385,13,High,60.0,7,10,7.0
p645,984.75,8,High,107.5,6,11,6.0
p6450,744.125,16,Low,50.0,8,12,8.0
p6451,997.0,1,High,19.0,3,1,3.0
p6452,998.1111111111111,18,High,131.0,8,20,9.0
p6453,752.5625,16,Low,28.5,16,12,18.0
p6454,930.5263157894736,19,High,51.0,10,18,10.0
p6456,983.3333333333334,9,High,221.0,3,11,3.0
p6457,993.6428571428571,28,High,60.0,22,37,25.0
p6459,764.4,30,Low,138.5,14,41,15.0
p646,912.6538461538462,26,High,211.0,9,35,9.0
p6460,944.5,60,High,125.0,19,56,22.0
p6463,581.0,2,Low,12.0,11,7,11.0
p6465,928.3333333333334,30,High,142.0,4,23,5.0
p6466,702.5168539325842,89,Low,120.0,19,37,
p6467,941.8181818181819,22,High,32.5,16,20,19.0
p6469,672.0,3,Low,26.5,2,1,2.0
p647,788.9375,16,Low,82.5,6,44,6.0
p6470,843.6,30,Low,55.0,13,10,18.0
p6471,978.85,40,High,100.0,13,26,15.0
p6473,865.820895522388,67,High,76.0,37,46,38.0
p6474,943.0,2,High,18.0,1,1,1.0
p6475,633.0,1,Low,48.0,1,2,1.0
p6476,950.0,102,High,128.5,12,40,17.0
p6478,926.4782608695652,23,High,23.0,27,15,29.0
p6480,712.8666666666667,15,Low,21.0,8,24,
p6481,449.6,60,Low,114.5,20,44,22.0
p6482,786.7317073170732,41,Low,37.0,51,45,55.0
p6483,999.8387096774194,31,High,85.0,22,41,25.0
p6484,839.1168831168832,77,Low,85.0,17,45,21.0
p6486,657.5652173913044,23,Low,143.0,9,17,12.0
p6487,979.0449438202247,89,High,93.0,25,60,31.0
p6488,902.5909090909091,22,High,43.5,12,19,12.0
p6489,959.8863636363636,44,High,55.5,26,34,27.0
p649,808.2,40,Low,285.0,6,22,9.0
p6492,952.75,8,High,108.0,4,9,5.0
p6493,878.1481481481482,27,High,155.5,10,41,12.0
p6494,599.0,2,Low,33.0,1,1,1.0
p6495,789.9166666666666,12,Low,46.0,7,13,7.0
p6498,456.77777777777777,9,Low,42.5,8,5,8.0
p6499,764.0,2,Low,44.5,2,2,2.0
p65,1000.0,1,High,18.5,2,1,2.0
p650,665.78125,32,Low,35.0,48,41,52.0
p6501,779.6521739130435,23,Low,40.0,32,23,32.0
p6502,951.1818181818181,11,High,47.0,3,11,4.0
p6503,757.0625,32,Low,69.5,20,32,21.0
p6505,653.4827586206897,58,Low,50.0,33,38,36.0
p6506,467.96875,32,Low,64.0,10,22,11.0
p6507,800.875,8,Low,59.5,14,13,19.0
p6508,777.6,5,Low,66.0,2,2,2.0
p6509,674.7333333333333,15,Low,50.0,11,18,11.0
p6510,709.4505494505495,91,Low,38.0,88,98,94.0
p6511,810.5,6,Low,89.0,9,23,11.0
p6512,767.75,12,Low,95.0,11,21,13.0
p6513,917.2,10,High,39.0,11,12,11.0
p6514,852.921052631579,38,Low,32.0,24,22,25.0
p6515,953.1219512195122,41,High,49.0,24,36,31.0
p6516,1000.0,1,High,32.0,4,26,4.0
p6517,814.9,10,Low,207.5,2,10,2.0
p6518,696.5294117647059,34,Low,99.0,23,26,35.0
p6519,909.0,2,High,62.0,1,3,1.0
p652,929.875,24,High,45.0,34,22,37.0
p6520,886.0,16,High,68.0,11,18,11.0
p6521,694.78125,32,Low,62.5,30,44,32.0
p6522,733.65625,32,Low,44.0,41,38,43.0
p6523,1000.0,1,High,72.0,1,3,1.0
p6525,1000.0,1,High,13.0,1,1,1.0
p6526,914.0,1,High,4.0,5,3,6.0
p6528,970.875,16,High,42.0,14,23,14.0
p6529,991.5,6,High,110.5,4,7,4.0
p653,744.0833333333334,12,Low,42.0,9,14,9.0
p6531,998.0,2,High,89.0,9,8,12.0
p6532,990.5,24,High,64.5,10,8,14.0
p6533,995.0,1,High,9.0,3,1,3.0
p6534,862.3333333333334,24,High,2.0,5,13,10.0
p6535,925.4166666666666,12,High,116.5,2,8,3.0
p654,1000.0,6,High,163.0,5,18,5.0
p6540,575.4761904761905,21,Low,76.5,8,14,8.0
p6541,844.0,1,Low,24.0,2,2,3.0
p6542,938.7857142857143,14,High,37.0,12,18,17.0
p6543,1000.0,3,High,31.0,5,4,6.0
p6544,932.6153846153846,13,High,46.0,14,19,15.0
p6545,1000.0,1,High,115.0,1,3,2.0
p6546,740.2,10,Low,80.0,9,15,10.0
p6547,992.5714285714286,7,High,8.0,19,21,23.0
p6548,765.3,10,Low,68.0,11,11,11.0
p6549,954.5,2,High,14.0,4,4,4.0
p6550,991.3333333333334,6,High,152.0,1,4,1.0
p6552,716.0,2,Low,86.0,1,3,1.0
p6556,900.0,3,High,31.0,5,4,5.0
p6558,1000.0,2,High,224.0,1,2,1.0
p6559,571.2,5,Low,91.0,1,4,1.0
p656,807.4615384615385,13,Low,27.5,18,9,21.0
p6560,640.925925925926,27,Low,64.5,10,22,11.0
p6562,774.5,2,Low,16.0,3,5,6.0
p6564,991.3928571428571,56,High,135.5,20,26,26.0
p6565,975.5,8,High,207.5,4,22,4.0
p6567,911.0,3,High,98.5,2,4,3.0
p6568,995.8,10,High,67.0,4,13,6.0
p6569,886.8333333333334,6,High,121.0,7,11,8.0
p657,999.9375,32,High,226.0,12,29,12.0
p6570,981.375,8,High,63.0,9,15,11.0
p6571,605.0,2,Low,29.0,1,1,1.0
p6572,810.3333333333334,6,Low,87.0,8,11,9.0
p6574,859.5,2,High,80.0,2,4,4.0
p6575,973.0,3,High,66.0,3,6,3.0
p6577,527.6428571428571,42,Low,143.0,14,35,18.0
p6579,993.0,1,High,12.0,2,2,3.0
p658,516.5,2,Low,87.0,1,3,1.0
p6581,464.09090909090907,11,Low,42.5,2,9,9.0
p6583,993.0,2,High,73.0,2,56,2.0
p6584,835.0,3,Low,33.0,1,1,2.0
p6586,952.0,1,High,24.0,1,1,1.0
p6587,883.5,2,High,70.0,3,4,3.0
p6588,1000.0,26,High,78.5,16,36,19.0
p6591,805.0,27,Low,56.0,17,24,18.0
p6594,997.0,1,High,50.0,5,5,5.0
p6595,929.7037037037037,27,High,46.0,17,13,18.0
p6596,904.2857142857143,56,High,187.0,13,56,14.0
p6597,864.2058823529412,34,High,29.0,27,21,27.0
p6598,763.5,6,Low,41.5,8,12,12.0
p6599,912.0,3,High,125.0,1,2,1.0
p66,957.8333333333334,6,High,205.0,3,10,5.0
p660,890.1111111111111,9,High,77.5,6,17,7.0
p6600,1000.0,1,High,72.0,1,3,1.0
p6601,1000.0,4,High,75.0,3,3,3.0
p6602,793.7333333333333,15,Low,71.0,12,16,13.0
p6604,996.2,5,High,7.0,4,4,4.0
p6605,866.0,2,High,38.0,1,4,2.0
p6606,751.0,2,Low,39.0,2,2,2.0
p661,815.0,13,Low,111.0,7,12,7.0
p6610,972.7142857142857,7,High,53.5,14,6,14.0
p6611,999.8461538461538,26,High,36.0,15,10,19.0
p6612,719.8333333333334,12,Low,65.0,15,22,19.0
p6616,765.2352941176471,17,Low,53.0,17,22,18.0
p6618,895.7272727272727,11,High,226.5,4,10,5.0
p6619,1000.0,8,High,6.0,14,45,17.0
p662,946.8461538461538,13,High,75.5,12,10,15.0
p6620,988.6666666666666,9,High,215.0,1,6,1.0
p6622,533.0,11,Low,49.0,39,22,45.0
p6623,747.3333333333334,3,Low,43.0,3,4,4.0
p6624,713.0,14,Low,54.0,11,11,13.0
p6625,849.3333333333334,12,Low,65.0,5,9,5.0
p6626,877.0,1,High,70.5,2,4,2.0
p6627,640.5,4,Low,38.0,6,6,6.0
p663,754.4814814814815,27,Low,122.0,17,38,18.0
p6630,999.0714285714286,14,High,160.0,13,21,13.0
p6631,749.1428571428571,21,Low,212.0,5,42,7.0
p6633,953.1194029850747,67,High,64.0,31,36,33.0
p6634,989.0,1,High,49.0,1,2,2.0
p6635,736.3962264150944,53,Low,57.0,40,38,42.0
p6636,870.0,1,High,67.0,1,3,1.0
p6637,849.7222222222222,18,Low,370.5,2,16,2.0
p6638,796.0,1,Low,23.0,1,1,1.0
p6639,546.6938775510204,49,Low,124.0,20,45,21.0
p664,973.25,8,High,60.5,10,19,11.0
p6640,913.1,10,High,96.0,9,22,10.0
p6641,993.0,2,High,32.0,5,20,5.0
p6643,1000.0,2,High,105.5,2,31,2.0
p6644,845.6862745098039,51,Low,105.0,33,30,33.0
p6646,781.2,5,Low,67.5,4,5,4.0
p6648,774.0,19,Low,77.0,14,24,14.0
p665,901.5714285714286,7,High,44.0,9,7,9.0
p6650,765.0,3,Low,11.0,4,4,4.0
p6652,938.3666666666667,30,High,325.0,5,29,8.0
p6653,999.6666666666666,9,High,55.0,11,16,11.0
p6654,852.0,1,Low,59.0,1,2,1.0
p6655,835.1315789473684,38,Low,101.0,15,30,17.0
p6656,1000.0,2,High,20.5,4,5,4.0
p6658,815.0,3,Low,59.0,1,2,1.0
p6660,999.2037037037037,54,High,163.5,18,41,20.0
p6661,840.5714285714286,7,Low,188.0,1,3,1.0
p6662,975.5,6,High,193.0,1,4,1.0
p6663,678.0,1,Low,15.0,1,1,1.0
p6664,894.8461538461538,13,High,64.0,9,10,9.0
p6666,936.3333333333334,9,High,109.0,6,18,6.0
p6669,865.679012345679,81,High,176.0,15,52,17.0
p667,952.5,4,High,30.0,5,4,6.0
p6670,984.0697674418604,43,High,93.0,29,39,30.0
p6671,863.92,25,High,82.0,16,39,17.0
p6672,772.6666666666666,18,Low,100.0,6,7,7.0
p6673,858.1818181818181,11,High,83.0,8,13,8.0
p6674,1000.0,27,High,181.5,12,39,12.0
p6675,986.1232876712329,73,High,59.5,28,41,28.0
p6677,774.0,2,Low,103.5,2,0,2.0
p6680,967.6363636363636,11,High,115.5,6,15,8.0
p6681,816.5652173913044,46,Low,164.5,8,33,15.0
p6682,824.0,11,Low,29.0,13,11,14.0
p6684,620.7,10,Low,185.0,2,7,2.0
p6686,784.25,4,Low,32.0,4,3,4.0
p6687,997.0,6,High,112.5,6,14,7.0
p6688,783.0,7,Low,57.0,5,4,5.0
p6689,788.1896551724138,116,Low,97.0,48,69,48.0
p669,994.5172413793103,29,High,57.0,21,29,22.0
p6690,919.8181818181819,11,High,47.0,24,39,25.0
p6691,1000.0,2,High,86.0,2,2,2.0
p6692,899.2272727272727,22,High,68.0,4,20,12.0
p6693,834.7142857142857,14,Low,152.0,4,12,4.0
p6697,823.9791666666666,48,Low,69.0,89,71,
p6698,991.6,10,High,75.5,8,19,9.0
p6699,748.8571428571429,7,Low,160.5,4,27,4.0
p67,999.9152542372881,59,High,37.0,37,23,37.0
p6700,997.0,1,High,45.0,2,3,
p6701,645.5,2,Low,46.0,1,1,1.0
p6702,945.4193548387096,31,High,59.0,19,18,20.0
p6703,949.4893617021277,47,High,171.0,15,26,15.0
p6704,532.0,1,Low,61.0,1,1,1.0
p6706,500.55555555555554,9,Low,60.0,9,9,9.0
p6708,949.4,5,High,12.5,6,6,7.0
p6709,905.8,20,High,122.5,6,23,8.0
p671,945.0,2,High,16.5,8,6,8.0
p6711,756.5,26,Low,51.0,33,32,37.0
p6712,718.5,24,Low,41.5,12,20,15.0
p6713,760.0588235294117,17,Low,47.5,22,34,23.0
p6714,604.5,2,Low,47.0,1,3,1.0
p6715,969.0,1,High,27.0,3,3,4.0
p6716,999.8870967741935,62,High,60.5,38,39,44.0
p6718,971.0943396226415,106,High,93.0,19,31,28.0
p6719,869.8181818181819,22,High,36.0,21,41,24.0
p6720,714.188524590164,122,Low,63.5,30,42,39.0
p6722,999.0,4,High,60.0,6,7,6.0
p6724,985.0,1,High,92.0,1,3,1.0
p6725,999.9230769230769,26,High,86.0,17,30,19.0
p6726,654.85,20,Low,66.0,7,14,8.0
p6727,914.0,1,High,30.5,2,3,2.0
p6728,555.0,1,Low,33.0,2,3,2.0
p6729,1000.0,23,High,211.0,5,7,8.0
p6732,996.4848484848485,33,High,76.5,10,18,12.0
p6733,669.6153846153846,13,Low,261.0,3,20,3.0
p6734,1000.0,1,High,12.0,1,5,8.0
p6737,810.6666666666666,3,Low,74.5,2,3,2.0
p6738,998.75,8,High,80.0,6,7,6.0
p6739,926.0,1,High,80.0,8,7,13.0
p6740,987.6521739130435,69,High,100.0,29,38,31.0
p6741,840.0,7,Low,200.0,4,11,4.0
p6742,798.5555555555555,9,Low,39.0,11,6,11.0
p6743,800.75,12,Low,144.0,5,17,5.0
p6744,684.6666666666666,3,Low,244.0,1,1,3.0
p6745,1000.0,2,High,59.0,1,2,1.0
p6747,972.875,40,High,105.5,18,45,29.0
p6748,905.0,2,High,36.0,3,3,3.0
p6749,877.1666666666666,6,High,212.0,4,11,4.0
p675,720.0,1,Low,35.0,1,2,1.0
p6752,823.3157894736842,19,Low,62.0,18,22,18.0
p6753,1000.0,1,High,20.0,3,38,3.0
p6754,747.0,1,Low,11.5,2,1,2.0
p6755,940.7333333333333,15,High,357.0,3,33,4.0
p6757,999.25,16,High,70.0,6,8,19.0
p6758,736.8235294117648,17,Low,81.0,13,14,14.0
p6759,943.25,4,High,82.0,3,9,3.0
p676,713.4285714285714,7,Low,246.0,2,14,3.0
p6760,789.8888888888889,18,Low,89.0,11,29,12.0
p6761,806.8627450980392,51,Low,53.0,46,34,48.0
p6762,885.9027777777778,72,High,71.5,26,52,31.0
p6766,961.3018867924528,53,High,150.5,16,38,16.0
p6767,941.8461538461538,26,High,74.0,20,31,23.0
p677,1000.0,1,High,24.0,1,0,1.0
p6771,570.0,4,Low,160.0,1,4,1.0
p6772,833.6666666666666,12,Low,163.0,5,24,5.0
p6773,796.8,10,Low,26.0,8,10,14.0
p6774,987.6923076923077,26,High,158.0,10,52,13.0
p6775,997.1,10,High,44.0,8,10,8.0
p6776,824.84375,32,Low,116.0,19,39,22.0
p678,709.6363636363636,22,Low,75.5,8,8,10.0
p6781,738.0,9,Low,39.0,6,3,7.0
p6782,996.4375,16,High,68.0,9,20,11.0
p6784,855.5,2,Low,93.0,1,2,1.0
p6785,834.0,1,Low,36.0,1,1,2.0
p6786,860.6666666666666,6,High,74.5,2,7,5.0
p6787,747.5,2,Low,99.0,1,1,1.0
p6788,696.8837209302326,43,Low,101.5,16,42,18.0
p6789,966.4,25,High,133.0,6,7,6.0
p6790,781.1428571428571,7,Low,63.5,2,3,3.0
p6792,684.2222222222222,36,Low,26.5,44,75,47.0
p6793,999.0,3,High,23.0,3,3,4.0
p6794,964.4926470588235,136,High,73.0,61,68,65.0
p6795,875.2857142857143,49,High,99.5,30,45,31.0
p6796,761.0,1,Low,45.0,1,1,1.0
p6797,983.0,14,High,18.0,35,6,36.0
p6798,611.5217391304348,23,Low,76.0,7,20,13.0
p6799,768.9166666666666,12,Low,68.0,7,14,7.0
p68,806.7857142857143,14,Low,46.0,9,10,9.0
p680,752.6,5,Low,70.5,2,7,3.0
p6800,982.5454545454545,22,High,12.0,1,14,5.0
p6801,957.1818181818181,11,High,147.0,4,10,5.0
p6802,998.0,1,High,98.0,1,3,1.0
p6805,783.5,2,Low,84.0,1,2,1.0
p6806,989.7,30,High,127.5,6,10,6.0
p6808,802.0,6,Low,50.0,9,11,9.0
p681,726.7142857142857,7,Low,126.0,5,7,5.0
p6810,638.8695652173913,23,Low,20.5,26,18,26.0
p6812,760.5652173913044,23,Low,51.5,10,10,18.0
p6814,704.0,3,Low,55.0,1,1,1.0
p6815,1000.0,1,High,33.0,1,3,1.0
p6816,703.1764705882352,17,Low,106.0,17,14,20.0
p6817,917.1,10,High,29.0,6,7,7.0
p6819,747.0615384615385,65,Low,54.5,60,28,66.0
p682,871.3333333333334,3,High,20.5,2,1,2.0
p6823,999.5333333333333,15,High,107.0,11,30,11.0
p6824,804.875,8,Low,66.0,2,5,2.0
p6826,821.6923076923077,13,Low,28.5,2,11,4.0
p6829,1000.0,4,High,44.0,2,3,3.0
p6830,710.0,1,Low,18.0,2,1,2.0
p6831,890.5,2,High,35.0,2,4,4.0
p6833,631.0,1,Low,52.0,1,1,1.0
p6834,927.7142857142857,7,High,47.0,5,8,5.0
p6835,761.0,2,Low,49.5,4,4,9.0
p6836,864.0,5,High,26.0,3,0,3.0
p684,999.4666666666667,15,High,64.0,6,21,7.0
p6840,631.0,5,Low,49.0,6,3,6.0
p6841,603.1904761904761,21,Low,223.5,6,19,6.0
p6842,811.55,20,Low,68.0,13,33,15.0
p6843,999.6666666666666,12,High,34.0,5,13,15.0
p6844,825.5,8,Low,45.5,14,22,15.0
p6849,992.0,1,High,43.0,1,1,1.0
p685,755.0,1,Low,41.0,2,5,3.0
p6850,813.3333333333334,15,Low,34.0,15,10,
p6851,817.6666666666666,9,Low,68.0,7,11,8.0
p6852,475.0,1,Low,80.0,1,3,1.0
p6855,817.6111111111111,18,Low,46.0,11,61,12.0
p6857,724.9736842105264,38,Low,109.0,23,39,24.0
p6858,868.7333333333333,15,High,43.0,17,18,17.0
p6859,802.25,8,Low,73.5,10,22,10.0
p686,1000.0,3,High,151.0,1,3,1.0
p6860,921.4444444444445,9,High,70.5,6,17,8.0
p6862,893.625,16,High,81.5,14,13,15.0
p6864,1000.0,4,High,89.0,7,19,7.0
p6866,933.2,15,High,55.0,7,73,7.0
p6869,961.6875,16,High,100.0,6,17,6.0
p687,981.5,4,High,82.0,4,6,4.0
p6871,994.0,2,High,99.0,1,3,1.0
p6872,614.046511627907,43,Low,101.5,26,52,27.0
p6873,676.0,39,Low,92.0,13,38,17.0
p6874,704.0,13,Low,24.0,22,18,23.0
p6876,992.0,6,High,81.0,5,20,5.0
p6877,993.0,1,High,40.5,2,3,2.0
p6878,673.0,2,Low,91.0,3,14,6.0
p688,827.5,4,Low,36.5,2,6,3.0
p6881,655.5,2,Low,26.0,3,2,3.0
p6882,831.6470588235294,17,Low,70.0,15,23,23.0
p6883,664.3333333333334,15,Low,72.0,10,10,11.0
p6884,814.5,2,Low,70.0,2,4,2.0
p6885,925.1111111111111,9,High,238.0,3,18,3.0
p6886,940.3030303030303,33,High,67.0,15,22,15.0
p6887,919.5238095238095,21,High,108.0,7,15,9.0
p6888,866.7142857142857,7,High,80.5,6,10,8.0
p6889,610.8461538461538,26,Low,51.0,14,24,14.0
p689,756.8571428571429,7,Low,29.0,5,6,6.0
p6891,944.4634146341464,41,High,194.0,14,40,15.0
p6893,816.2441860465116,86,Low,44.0,53,40,58.0
p6894,799.2631578947369,19,Low,67.5,22,31,26.0
p6895,712.3333333333334,6,Low,47.0,7,10,10.0
p6896,936.4736842105264,38,High,33.5,56,54,56.0
p69,993.0,6,High,33.0,5,4,6.0
p690,921.5,4,High,197.0,1,2,1.0
p6900,819.2,5,Low,147.0,2,6,3.0
p6901,576.3725490196078,51,Low,223.0,13,49,15.0
p6903,919.5,4,High,34.5,2,3,2.0
p6904,654.3230769230769,65,Low,55.0,39,32,42.0
p6906,524.5,2,Low,14.0,7,5,8.0
p6907,990.0769230769231,91,High,55.0,26,38,32.0
p6908,648.3333333333334,3,Low,40.0,3,3,5.0
p6910,907.8163265306123,49,High,94.0,25,40,27.0
p6911,807.9,10,Low,36.0,20,25,20.0
p6913,787.8571428571429,7,Low,30.0,6,5,6.0
p6914,857.6,5,High,75.0,3,4,3.0
p6915,982.0,1,High,47.0,1,2,1.0
p6916,847.5,4,Low,66.0,3,5,4.0
p6917,765.421052631579,19,Low,1.5,2,14,9.0
p6918,715.2,15,Low,79.0,10,18,12.0
p6919,838.6666666666666,3,Low,47.0,2,3,2.0
p692,687.3571428571429,28,Low,34.0,21,29,33.0
p6921,850.0,1,Low,142.5,2,4,2.0
p6922,687.0,2,Low,38.0,1,0,1.0
p6923,1000.0,29,High,376.0,5,36,8.0
p6927,752.15,20,Low,199.0,7,28,8.0
p6928,987.7818181818182,55,High,42.0,53,50,56.0
p6929,588.525,40,Low,117.0,15,37,16.0
p6930,698.0,1,Low,49.0,1,41,1.0
p6931,987.7272727272727,11,High,151.0,3,18,4.0
p6932,843.1111111111111,54,Low,90.0,30,38,32.0
p6933,945.3846153846154,13,High,151.0,5,24,5.0
p6934,924.2307692307693,13,High,56.0,6,7,6.0
p6935,693.9285714285714,14,Low,82.0,7,14,8.0
p6936,790.3636363636364,11,Low,244.0,3,23,3.0
p6938,824.6666666666666,3,Low,102.0,1,1,1.0
p694,981.5454545454545,11,High,90.5,6,10,7.0
p6940,790.0,3,Low,8.0,3,4,4.0
p6941,735.448275862069,29,Low,118.5,12,19,14.0
p6942,959.4285714285714,7,High,74.0,5,11,6.0
p6943,723.5263157894736,19,Low,58.5,8,14,10.0
p6944,769.6666666666666,3,Low,59.0,3,4,3.0
p6945,880.0,13,High,38.0,14,21,15.0
p6946,748.65,20,Low,50.5,20,24,23.0
p6950,954.5,10,High,69.0,8,5,8.0
p6951,552.9454545454546,55,Low,65.0,32,40,33.0
p6952,821.1590909090909,44,Low,80.5,16,50,18.0
p6953,957.0,2,High,184.0,1,4,1.0
p6954,733.0,14,Low,54.0,9,7,11.0
p6956,788.7333333333333,60,Low,28.0,67,46,70.0
p6957,1000.0,2,High,9.0,7,4,8.0
p6959,769.2,5,Low,61.0,3,8,4.0
p6960,997.0,1,High,14.0,3,40,3.0
p6961,780.1818181818181,11,Low,84.5,2,4,3.0
p6963,592.0,1,Low,30.0,7,6,7.0
p6964,663.1818181818181,33,Low,169.0,13,35,13.0
p6966,628.0,2,Low,88.0,1,2,1.0
p6968,550.0175438596491,57,Low,84.0,4,56,18.0
p6969,964.0,1,High,41.0,2,12,4.0
p697,954.0,2,High,66.0,11,10,12.0
p6971,955.3333333333334,9,High,125.5,6,11,6.0
p6972,786.375,8,Low,96.0,7,14,7.0
p6973,916.7903225806451,62,High,107.0,22,43,24.0
p6974,720.0,4,Low,436.0,1,10,2.0
p6975,880.0,3,High,36.0,2,2,2.0
p698,995.3333333333334,3,High,48.0,2,3,2.0
p6981,729.8571428571429,14,Low,144.0,5,22,5.0
p6982,827.5,2,Low,44.0,8,6,8.0
p6984,995.6166666666667,60,High,94.0,24,54,27.0
p6987,1000.0,1,High,63.0,1,4,1.0
p6988,569.1904761904761,21,Low,96.5,8,15,9.0
p6989,1000.0,1,High,12.0,2,1,2.0
p699,406.55555555555554,9,Low,163.0,3,40,5.0
p6990,608.925,40,Low,162.0,4,26,8.0
p6991,864.6299212598425,127,High,199.0,9,56,27.0
p6992,904.0,2,High,85.5,2,4,4.0
p6993,914.5,12,High,94.0,10,22,12.0
p6994,774.2941176470588,34,Low,107.0,18,39,20.0
p6995,715.0,1,Low,36.0,2,2,2.0
p6998,798.5,2,Low,106.0,1,4,1.0
p7,919.074074074074,27,High,41.0,15,16,21.0
p70,985.0,18,High,80.5,10,15,10.0
p700,996.4285714285714,7,High,60.0,4,7,4.0
p7000,855.8333333333334,12,Low,85.0,7,13,7.0
p7001,761.0,1,Low,21.0,2,2,2.0
p7002,678.6666666666666,3,Low,39.0,3,4,3.0
p7004,1000.0,2,High,69.0,2,3,4.0
p7005,953.75,4,High,10.5,4,4,5.0
p7006,963.6666666666666,39,High,278.0,9,50,15.0
p7007,645.0,7,Low,59.0,4,31,4.0
p7008,999.6,10,High,110.0,2,5,2.0
p7009,1000.0,1,High,57.0,1,2,3.0
p7010,731.3333333333334,3,Low,74.5,2,3,2.0
p7012,688.5,2,Low,22.0,3,4,5.0
p7015,931.0,7,High,29.5,12,13,12.0
p7016,821.8363636363637,55,Low,86.0,21,52,22.0
p7017,704.4,10,Low,88.0,7,22,9.0
p7018,667.1666666666666,12,Low,68.0,11,6,12.0
p702,801.0,2,Low,30.5,4,2,6.0
p7023,817.0,6,Low,132.0,1,2,1.0
p7024,771.3333333333334,3,Low,19.5,6,4,6.0
p7025,962.5588235294117,34,High,56.5,18,21,25.0
p7027,557.0,6,Low,46.0,3,8,3.0
p7028,718.75,4,Low,58.5,4,6,4.0
p7029,889.3,10,High,70.0,14,10,15.0
p703,755.0,2,Low,51.5,2,5,2.0
p7030,638.7142857142857,14,Low,81.5,12,12,12.0
p7031,798.8181818181819,22,Low,130.5,8,17,14.0
p7032,760.6666666666666,3,Low,37.0,17,17,17.0
p7033,927.5,2,High,132.0,1,2,1.0
p7034,886.5,10,High,26.0,8,8,8.0
p7035,828.8333333333334,12,Low,34.0,12,4,15.0
p7036,606.7,10,Low,110.0,6,13,6.0
p7038,700.1818181818181,11,Low,33.0,13,18,14.0
p7039,692.6521739130435,23,Low,249.0,1,20,4.0
p704,876.6666666666666,6,High,450.0,1,6,1.0
p7041,792.123076923077,65,Low,41.0,46,49,50.0
p7042,974.8717948717949,39,High,48.0,11,24,16.0
p7043,779.0,1,Low,38.0,1,1,1.0
p7044,748.6,10,Low,131.0,4,10,5.0
p7045,836.8333333333334,6,Low,65.0,7,18,7.0
p7046,328.3333333333333,3,Low,102.0,2,4,3.0
p7047,927.5,4,High,46.5,10,8,10.0
p7048,782.0,11,Low,72.0,7,7,8.0
p7049,890.5,2,High,34.0,3,2,3.0
p705,992.1515151515151,33,High,97.0,30,65,35.0
p7050,760.7272727272727,11,Low,219.5,2,13,3.0
p7051,490.5,4,Low,29.0,4,5,5.0
p7053,626.4,5,Low,48.0,7,6,7.0
p7054,783.6,10,Low,121.0,5,7,6.0
p7055,765.0,2,Low,52.0,2,1,2.0
p7056,901.5454545454545,11,High,42.0,11,13,13.0
p7058,965.4230769230769,26,High,64.0,11,12,13.0
p706,851.5,2,Low,34.0,3,3,3.0
p7060,804.0,2,Low,53.5,2,4,3.0
p7062,803.8,45,Low,64.0,21,37,21.0
p7063,929.8333333333334,6,High,17.5,4,4,4.0
p7064,758.28125,32,Low,145.5,16,39,18.0
p7066,662.8333333333334,6,Low,77.0,4,7,6.0
p7068,970.0,1,High,41.0,1,0,2.0
p707,665.1597222222222,144,Low,158.0,47,145,52.0
p7070,886.7272727272727,44,High,33.0,53,41,64.0
p7071,834.0,3,Low,65.5,2,4,2.0
p7073,998.0,1,High,153.0,1,2,1.0
p7074,1000.0,1,High,25.0,1,1,1.0
p7075,551.8571428571429,7,Low,96.0,4,9,4.0
p7076,714.0,3,Low,54.0,1,1,1.0
p7079,862.6666666666666,12,High,149.0,6,15,6.0
p7080,671.4791666666666,48,Low,83.0,11,38,13.0
p7082,996.8333333333334,6,High,60.5,8,62,8.0
p7083,802.3548387096774,31,Low,39.5,26,26,27.0
p7084,792.1333333333333,15,Low,272.5,4,18,4.0
p7085,725.9230769230769,13,Low,89.0,5,13,8.0
p7086,815.6744186046511,43,Low,27.5,108,58,117.0
p7087,852.9166666666666,12,Low,148.0,6,7,6.0
p7088,955.3333333333334,3,High,90.0,4,6,4.0
p7089,858.9473684210526,19,High,79.0,7,6,9.0
p7090,866.52,50,High,52.0,30,38,32.0
p7091,942.3636363636364,11,High,71.0,7,18,7.0
p7092,878.7931034482758,29,High,66.0,19,40,22.0
p7094,785.3934426229508,61,Low,91.5,26,42,28.0
p7095,1000.0,1,High,171.0,1,4,1.0
p7096,977.5,14,High,51.0,11,14,12.0
p7097,996.6239316239316,117,High,105.0,25,48,28.0
p7098,711.0,1,Low,19.0,2,1,2.0
p71,586.0,1,Low,73.0,1,1,1.0
p7100,840.625,8,Low,56.5,6,9,8.0
p7101,757.0,20,Low,261.5,4,27,6.0
p7102,561.9047619047619,21,Low,76.0,5,22,15.0
p7103,702.551724137931,29,Low,88.5,26,39,28.0
p7104,1000.0,2,High,113.0,2,5,3.0
p7105,832.1666666666666,6,Low,14.0,5,6,6.0
p7106,819.6,10,Low,98.0,5,16,8.0
p7108,962.3333333333334,9,High,44.0,9,8,13.0
p7109,943.9090909090909,11,High,66.0,12,23,12.0
p711,657.5,2,Low,15.0,11,6,13.0
p7110,887.5,28,High,127.0,9,15,9.0
p7111,882.5,2,High,29.0,1,1,1.0
p7112,644.0,5,Low,245.0,3,11,3.0
p7114,809.0,5,Low,59.5,4,4,6.0
p7115,645.0,1,Low,19.0,1,1,1.0
p7116,998.0,1,High,77.0,1,4,2.0
p7117,968.7692307692307,13,High,25.0,28,18,30.0
p7118,719.8125,32,Low,100.0,8,22,9.0
p7119,815.44,25,Low,54.0,11,21,13.0
p712,884.6190476190476,21,High,166.5,4,19,5.0
p7120,1000.0,2,High,60.5,2,2,2.0
p7121,822.4705882352941,17,Low,54.0,21,45,21.0
p7122,952.9047619047619,21,High,128.0,5,17,5.0
p7124,860.3333333333334,9,High,32.5,12,14,12.0
p7125,582.0,1,Low,14.0,2,1,2.0
p7126,1000.0,1,High,7.0,2,1,3.0
p7127,772.625,8,Low,67.5,8,16,10.0
p713,862.25,12,High,106.0,12,12,12.0
p7131,961.3333333333334,6,High,107.5,2,4,2.0
p7132,870.7142857142857,14,High,108.5,6,11,7.0
p7133,975.3214285714286,28,High,135.0,13,46,16.0
p7134,832.1875,16,Low,39.0,8,13,9.0
p7135,823.2222222222222,9,Low,259.5,2,7,2.0
p7136,709.1428571428571,7,Low,42.0,7,6,8.0
p7137,625.0,6,Low,74.5,12,13,13.0
p7139,620.8333333333334,6,Low,74.0,3,4,3.0
p714,967.96,25,High,54.0,36,8,38.0
p7141,975.0555555555555,18,High,105.0,5,13,6.0
p7142,746.695652173913,23,Low,117.5,6,19,6.0
p7143,780.4871794871794,78,Low,97.0,29,39,31.0
p7144,910.3636363636364,132,High,90.5,60,61,70.0
p7145,998.0,5,High,51.0,6,7,6.0
p7146,966.6739130434783,46,High,207.0,3,39,5.0
p7147,673.0857142857143,35,Low,207.0,17,31,19.0
p7148,519.4166666666666,24,Low,56.5,16,40,27.0
p7149,993.5,2,High,40.0,3,2,3.0
p7150,875.8571428571429,21,High,36.0,17,11,18.0
p7151,716.9047619047619,21,Low,71.0,17,21,18.0
p7152,703.0,8,Low,30.0,12,18,13.0
p7154,949.03,100,High,81.0,39,72,43.0
p7157,998.875,8,High,105.0,3,6,3.0
p7158,680.6190476190476,21,Low,52.5,8,20,11.0
p7159,707.875,16,Low,151.0,6,14,6.0
p716,944.2222222222222,27,High,130.5,6,25,7.0
p7160,666.8571428571429,28,Low,42.0,25,39,30.0
p7161,705.1071428571429,28,Low,93.0,11,31,13.0
p7162,895.7631578947369,38,High,29.0,44,23,49.0
p7163,710.1666666666666,6,Low,57.0,11,11,11.0
p7165,675.8,55,Low,53.0,42,38,44.0
p7166,865.7142857142857,14,High,75.0,11,18,15.0
p7167,974.6153846153846,13,High,56.0,3,12,4.0
p7168,995.5833333333334,12,High,408.0,3,10,8.0
p7169,575.1666666666666,12,Low,146.0,5,21,8.0
p717,773.0,5,Low,282.0,1,3,1.0
p7170,659.5,26,Low,114.5,20,41,20.0
p7172,748.2857142857143,7,Low,130.0,9,15,12.0
p7173,998.0,1,High,58.0,1,2,1.0
p7177,991.5,4,High,54.0,9,6,9.0
p7178,796.1428571428571,7,Low,18.0,3,4,12.0
p718,506.0,1,Low,26.0,1,1,1.0
p7180,858.0,1,High,55.0,2,2,2.0
p7181,747.5454545454545,11,Low,113.0,6,14,6.0
p7182,865.0,2,High,49.5,4,3,4.0
p7183,982.9166666666666,12,High,161.0,5,12,5.0
p7186,1000.0,2,High,21.5,4,3,4.0
p7188,724.3333333333334,3,Low,23.0,3,3,3.0
p719,773.1111111111111,9,Low,75.0,7,6,7.0
p7190,779.5555555555555,18,Low,36.5,30,45,33.0
p7191,960.0,1,High,9.0,5,2,6.0
p7192,959.75,4,High,44.5,6,17,6.0
p7195,801.3636363636364,11,Low,9.0,5,14,11.0
p7196,873.8,10,High,34.0,11,9,16.0
p7197,987.875,16,High,105.5,14,27,18.0
p72,727.0,1,Low,83.0,1,2,1.0
p720,608.5,4,Low,68.0,2,4,2.0
p7200,683.7439024390244,82,Low,477.0,1,29,5.0
p7203,836.4,10,Low,79.0,9,13,10.0
p7205,930.8955223880597,67,High,167.5,14,35,19.0
p7206,768.2857142857143,7,Low,44.0,3,4,3.0
p7209,892.0,22,High,33.0,10,5,12.0
p7210,816.4545454545455,11,Low,39.0,15,17,15.0
p7211,939.5454545454545,11,High,73.0,9,17,9.0
p7215,845.28,75,Low,51.0,32,84,41.0
p7216,862.0,1,High,54.0,1,3,1.0
p7217,970.1,10,High,83.0,9,19,9.0
p7218,678.7857142857143,14,Low,33.5,14,11,17.0
p7219,870.6666666666666,6,High,13.0,7,7,9.0
p7220,919.5,2,High,19.0,6,9,7.0
p7221,919.1,10,High,79.5,6,11,6.0
p7225,899.9152542372881,59,High,35.0,60,40,75.0
p7227,976.0,1,High,24.5,2,1,2.0
p7228,683.5,2,Low,38.0,2,3,3.0
p7229,694.3846153846154,26,Low,112.0,9,11,9.0
p7231,775.6071428571429,28,Low,72.0,17,27,17.0
p7232,899.6,10,High,98.0,7,9,7.0
p7233,997.7142857142857,7,High,112.0,5,9,8.0
p7234,638.7272727272727,11,Low,47.5,12,18,12.0
p7235,945.505376344086,93,High,135.0,43,82,45.0
p7236,996.0833333333334,24,High,85.0,13,24,13.0
p7237,896.5,2,High,9.0,3,1,3.0
p724,961.4722222222222,36,High,113.0,13,36,16.0
p7240,838.875,8,Low,82.0,8,21,8.0
p7241,878.2131147540983,61,High,74.0,32,40,35.0
p7243,687.2352941176471,17,Low,82.0,9,18,11.0
p7244,978.4347826086956,115,High,60.0,55,71,76.0
p7245,993.0,1,High,163.5,4,21,5.0
p7248,607.2741935483871,62,Low,98.0,22,44,23.0
p7249,963.7586206896551,29,High,60.0,31,22,36.0
p725,658.5,2,Low,45.5,6,4,9.0
p7250,888.0,1,High,56.0,1,2,1.0
p7252,739.7096774193549,31,Low,70.5,30,41,33.0
p7254,751.0,19,Low,66.0,11,22,11.0
p7255,1000.0,2,High,103.5,2,5,3.0
p7256,901.75,4,High,19.0,6,3,9.0
p7258,905.0,25,High,62.0,10,23,13.0
p7259,665.0,26,Low,72.0,21,41,21.0
p726,712.5652173913044,23,Low,84.0,22,40,25.0
p7260,922.6666666666666,6,High,166.0,2,5,2.0
p7262,757.8333333333334,6,Low,114.0,2,4,2.0
p7263,966.4285714285714,7,High,48.0,3,3,3.0
p7264,792.6818181818181,22,Low,53.5,10,18,12.0
p7265,1000.0,1,High,47.0,3,4,3.0
p7266,925.75,8,High,110.0,5,7,5.0
p7268,998.0,2,High,92.0,1,2,1.0
p7269,1000.0,1,High,196.0,1,1,2.0
p727,972.7222222222222,18,High,58.5,12,11,14.0
p7270,742.0,1,Low,16.0,1,1,1.0
p7271,896.4074074074074,27,High,39.0,21,33,29.0
p7272,947.84375,32,High,56.0,28,36,31.0
p7274,995.5,4,High,28.0,4,51,7.0
p7275,999.7777777777778,9,High,125.0,2,6,4.0
p7276,982.0,4,High,59.0,2,4,3.0
p7277,932.5714285714286,7,High,93.5,2,4,2.0
p7279,564.5135135135135,37,Low,157.5,16,22,25.0
p7280,849.6666666666666,9,Low,227.0,1,2,1.0
p7281,941.6785714285714,56,High,74.0,24,31,24.0
p7283,747.0,2,Low,30.0,2,3,2.0
p7285,805.8,5,Low,37.0,8,6,8.0
p7286,968.4375,32,High,54.0,25,51,28.0
p7287,1000.0,1,High,90.0,1,2,1.0
p7288,928.344262295082,61,High,68.0,35,42,39.0
p7289,1000.0,2,High,26.5,10,5,11.0
p729,872.2,35,High,89.5,24,32,24.0
p7290,596.2380952380952,21,Low,104.0,6,13,8.0
p7291,960.8,5,High,65.0,7,13,7.0
p7293,962.2307692307693,13,High,85.0,10,18,10.0
p7294,981.3333333333334,12,High,43.0,14,18,16.0
p7298,889.0,2,High,32.5,2,1,3.0
p73,823.0,6,Low,58.0,9,13,9.0
p7301,714.375,8,Low,106.0,5,16,5.0
p7302,997.0,2,High,1.0,1,1,4.0
p7303,844.5,6,Low,83.0,4,6,4.0
p7304,890.8571428571429,7,High,69.5,10,14,10.0
p7305,795.0,1,Low,59.5,2,4,2.0
p7306,894.8461538461538,26,High,64.0,13,26,20.0
p7307,974.9666666666667,60,High,55.5,32,42,38.0
p7308,717.6875,16,Low,67.0,9,18,9.0
p7309,948.8461538461538,13,High,37.5,14,12,15.0
p731,881.8333333333334,12,High,63.0,11,16,12.0
p7310,980.3333333333334,24,High,81.0,11,20,12.0
p7311,728.625,48,Low,108.0,17,40,19.0
p7312,998.4,10,High,106.0,3,6,3.0
p7313,679.5555555555555,9,Low,34.0,15,20,18.0
p7314,1000.0,1,High,63.0,2,4,2.0
p7315,809.8888888888889,18,Low,166.0,23,37,28.0
p7317,542.4520547945206,73,Low,40.0,76,50,83.0
p7318,928.5333333333333,15,High,99.0,3,6,3.0
p7319,997.25,4,High,105.0,5,19,7.0
p732,849.6666666666666,3,Low,54.0,1,2,1.0
p7323,992.0909090909091,11,High,68.5,6,8,6.0
p7324,986.0,1,High,72.0,1,3,1.0
p7326,799.5333333333333,30,Low,112.0,7,19,
p7327,665.1851851851852,27,Low,137.5,6,34,16.0
p7328,883.0,2,High,48.5,2,2,2.0
p7329,848.5833333333334,12,Low,56.0,11,6,13.0
p733,785.7037037037037,54,Low,113.0,30,55,36.0
p7331,995.3846153846154,13,High,40.0,13,12,13.0
p7332,793.0,1,Low,14.0,5,4,7.0
p7334,929.6153846153846,26,High,26.0,28,13,31.0
p7337,683.4931506849315,73,Low,113.0,25,52,25.0
p7338,718.0,2,Low,30.0,2,3,2.0
p734,711.6831683168317,101,Low,53.0,97,129,113.0
p7342,998.3333333333334,3,High,82.0,1,3,1.0
p7345,599.54,50,Low,52.5,48,33,52.0
p7348,846.5454545454545,11,Low,82.5,8,16,8.0
p7349,790.7857142857143,14,Low,82.0,5,2,5.0
p735,1000.0,1,High,52.0,2,2,2.0
p7353,954.1724137931035,29,High,62.5,12,37,18.0
p7354,973.5,8,High,98.0,2,3,3.0
p7356,686.0508474576271,59,Low,185.0,11,38,11.0
p7357,959.0,38,High,64.0,25,37,27.0
p7359,1000.0,3,High,40.0,7,9,7.0
p736,804.5,10,Low,117.0,7,7,7.0
p7360,705.2435897435897,78,Low,223.5,8,42,17.0
p7361,836.0,2,Low,82.0,1,3,3.0
p7362,995.8571428571429,14,High,78.0,7,13,8.0
p7363,899.2222222222222,9,High,75.0,9,11,9.0
p7364,864.0,87,High,124.0,29,67,33.0
p7365,1000.0,2,High,59.0,1,3,2.0
p7366,802.86,50,Low,54.0,31,132,40.0
p737,999.2666666666667,15,High,110.0,7,11,9.0
p7370,643.0,1,Low,60.0,1,3,1.0
p7371,944.5384615384615,26,High,35.0,14,45,17.0
p7372,698.0,3,Low,70.0,1,2,1.0
p7373,926.3636363636364,22,High,96.5,12,21,12.0
p7374,912.5714285714286,7,High,18.0,21,6,22.0
p7375,964.0,1,High,62.0,1,2,1.0
p7376,797.8,10,Low,91.0,7,12,8.0
p7377,995.8658536585366,82,High,65.0,50,45,50.0
p7378,802.063829787234,47,Low,76.0,37,51,39.0
p738,1000.0,1,High,103.0,1,4,1.0
p7380,800.75,12,Low,46.0,11,18,13.0
p7381,804.5333333333333,15,Low,65.0,9,19,9.0
p7383,839.4375,16,Low,33.0,9,6,12.0
p7384,855.3636363636364,11,Low,38.5,4,5,4.0
p7386,1000.0,16,High,72.0,10,23,12.0
p7388,568.5,2,Low,50.0,1,1,2.0
p739,904.8947368421053,19,High,64.5,26,38,27.0
p7390,809.5217391304348,46,Low,77.0,31,44,32.0
p7391,842.1052631578947,19,Low,205.0,4,21,6.0
p7392,805.6,10,Low,68.0,7,6,7.0
p7393,865.0,2,High,57.0,1,2,2.0
p7394,958.5,12,High,162.5,4,17,5.0
p7395,794.0,25,Low,176.5,4,18,5.0
p7396,862.2537313432836,67,High,77.5,44,36,46.0
p7399,532.0,2,Low,41.0,1,1,1.0
p74,980.5714285714286,7,High,142.5,2,6,2.0
p740,1000.0,1,High,3.0,6,4,6.0
p7400,716.4137931034483,29,Low,65.0,15,17,16.0
p7401,967.7631578947369,38,High,146.0,8,38,12.0
p7402,922.5,8,High,33.0,13,11,19.0
p7403,980.4,5,High,52.5,2,4,3.0
p7404,1000.0,7,High,188.0,1,3,1.0
p7405,993.4852941176471,68,High,55.5,74,51,88.0
p7406,870.0,24,High,58.0,7,10,16.0
p7407,679.1666666666666,6,Low,98.0,3,6,3.0
p7409,841.8064516129032,62,Low,60.0,46,49,47.0
p741,831.8305084745763,59,Low,81.0,23,30,23.0
p7410,1000.0,4,High,64.5,2,4,2.0
p7414,818.2222222222222,9,Low,76.0,3,14,4.0
p7416,802.0,12,Low,61.5,10,13,10.0
p7417,1000.0,6,High,50.0,3,4,4.0
p7418,1000.0,1,High,71.0,1,2,1.0
p7419,916.5555555555555,9,High,104.0,7,12,7.0
p742,814.4,50,Low,266.0,7,37,13.0
p7420,995.5,6,High,100.0,3,6,4.0
p7422,660.3571428571429,14,Low,131.0,6,13,7.0
p7423,825.5,4,Low,75.0,2,3,2.0
p7424,1000.0,1,High,2.0,3,2,5.0
p7425,801.0625,16,Low,49.0,13,14,15.0
p7426,698.2142857142857,14,Low,106.0,6,12,6.0
p7427,838.0,1,Low,20.0,2,1,2.0
p7428,974.0,7,High,98.0,1,11,4.0
p743,716.8070175438596,57,Low,99.0,27,45,28.0
p7430,731.0,2,Low,43.0,3,29,3.0
p7432,762.3333333333334,6,Low,152.0,1,3,1.0
p7433,810.75,4,Low,22.5,4,3,5.0
p7435,987.5,2,High,87.0,1,2,1.0
p7437,978.8823529411765,34,High,34.0,32,28,36.0
p7439,903.0,5,High,63.0,3,7,3.0
p7440,838.375,8,Low,147.0,6,42,6.0
p7442,872.5,4,High,106.0,1,2,2.0
p7443,635.0,2,Low,152.0,1,3,1.0
p7444,999.3333333333334,3,High,51.0,3,4,3.0
p7445,643.0555555555555,18,Low,162.0,5,16,5.0
p7446,990.2105263157895,19,High,50.0,11,13,15.0
p7447,828.5714285714286,7,Low,27.0,7,5,9.0
p7450,960.3333333333334,3,High,34.5,6,7,6.0
p7451,903.8888888888889,18,High,55.0,13,33,23.0
p7453,976.5,10,High,40.0,9,5,10.0
p7454,365.3809523809524,21,Low,82.0,17,17,21.0
p7456,756.939393939394,33,Low,84.5,14,21,15.0
p7458,950.2941176470588,17,High,47.0,66,58,73.0
p7459,825.0,2,Low,102.5,2,6,2.0
p746,783.0,1,Low,12.5,4,3,4.0
p7460,986.0,1,High,18.0,3,3,4.0
p7461,707.375,24,Low,64.0,15,28,15.0
p7462,822.0,12,Low,102.0,5,18,5.0
p7463,874.6666666666666,24,High,204.0,4,15,5.0
p7464,827.8695652173913,23,Low,139.5,8,29,9.0
p7465,963.5555555555555,9,High,118.0,7,23,8.0
p7466,721.6666666666666,3,Low,13.0,5,3,5.0
p7467,986.0,1,High,30.0,1,2,2.0
p7469,695.6666666666666,3,Low,40.5,2,3,2.0
p747,518.0,1,Low,47.0,1,1,1.0
p7470,718.5111111111111,45,Low,104.5,20,31,24.0
p7471,728.6666666666666,3,Low,21.0,4,1,4.0
p7472,803.8461538461538,13,Low,59.0,11,21,14.0
p7473,945.6,5,High,69.0,3,4,3.0
p7474,594.2142857142857,14,Low,85.0,1,22,2.0
p7475,937.15,20,High,62.0,25,31,27.0
p7476,965.5652173913044,23,High,53.0,11,25,19.0
p7477,770.0,1,Low,9.0,1,1,2.0
p7479,802.0,5,Low,121.0,2,6,3.0
p748,905.945205479452,73,High,154.0,13,44,16.0
p7480,967.0,3,High,62.0,11,18,12.0
p7481,616.0,2,Low,18.0,5,2,7.0
p7482,725.6666666666666,3,Low,38.0,5,6,6.0
p7483,836.1578947368421,19,Low,37.0,18,11,19.0
p7484,819.5128205128206,39,Low,187.5,12,39,16.0
p7485,732.0,4,Low,6.0,3,2,5.0
p7486,940.2857142857143,7,High,57.0,4,7,4.0
p7488,716.8888888888889,9,Low,58.0,13,16,16.0
p7489,813.75,8,Low,103.0,3,7,3.0
p749,1000.0,1,High,29.0,1,1,1.0
p7491,892.4736842105264,19,High,47.5,18,27,20.0
p7495,959.625,16,High,62.0,16,17,16.0
p7496,716.0714285714286,14,Low,124.0,6,16,6.0
p7497,810.0666666666667,60,Low,41.5,38,38,39.0
p7498,949.4285714285714,21,High,277.0,3,16,3.0
p75,971.4727272727273,55,High,64.5,48,42,50.0
p750,694.4615384615385,13,Low,140.0,3,4,3.0
p7504,894.2153846153847,65,High,27.5,40,34,46.0
p7505,888.6,5,High,81.0,4,3,4.0
p7506,783.074074074074,27,Low,35.0,42,30,43.0
p7507,985.08,100,High,194.0,10,52,14.0
p7509,771.5882352941177,17,Low,25.0,14,12,14.0
p751,1000.0,3,High,87.0,3,38,4.0
p7511,904.3333333333334,3,High,82.0,1,3,1.0
p7513,762.4,10,Low,64.0,5,1,5.0
p7515,913.0,7,High,203.0,4,20,4.0
p7516,780.25,8,Low,134.5,2,11,3.0
p7517,995.84,25,High,190.0,15,25,21.0
p7518,937.8627450980392,51,High,98.0,17,34,17.0
p7519,761.2857142857143,7,Low,64.0,3,4,3.0
p7520,969.1,20,High,53.0,10,19,14.0
p7521,668.6666666666666,6,Low,21.0,3,3,3.0
p7522,562.5333333333333,45,Low,74.0,33,39,38.0
p7523,744.3448275862069,29,Low,132.0,18,37,19.0
p7524,659.9444444444445,18,Low,104.5,22,40,26.0
p7525,992.5,2,High,24.0,3,3,4.0
p7526,844.24,25,Low,28.0,61,38,63.0
p7527,518.5714285714286,7,Low,26.5,12,4,13.0
p7528,957.0909090909091,11,High,44.5,28,13,33.0
p7529,806.4074074074074,27,Low,99.5,4,25,23.0
p753,591.0,1,Low,54.0,6,6,6.0
p7530,748.1136363636364,44,Low,76.5,22,39,35.0
p7531,698.1785714285714,28,Low,53.0,27,39,27.0
p7532,961.4347826086956,23,High,73.0,11,12,11.0
p7533,803.0,1,Low,10.0,1,1,1.0
p7534,837.0,1,Low,65.0,1,1,1.0
p7538,648.4117647058823,17,Low,50.5,26,23,28.0
p7539,896.0,11,High,48.0,10,17,10.0
p7541,866.75,4,High,124.0,2,5,4.0
p7544,709.0,12,Low,31.5,16,13,18.0
p7545,861.0,1,High,35.0,1,1,1.0
p7546,922.1578947368421,19,High,85.0,7,16,7.0
p7547,706.6666666666666,6,Low,74.0,9,21,9.0
p7548,720.7567567567568,37,Low,60.5,20,16,23.0
p7549,998.7916666666666,24,High,250.0,3,18,4.0
p7550,1000.0,1,High,79.0,1,2,1.0
p7551,622.8571428571429,14,Low,41.0,17,18,22.0
p7553,985.0,4,High,75.5,2,3,2.0
p7555,1000.0,2,High,101.0,1,4,1.0
p7556,954.3333333333334,3,High,33.5,4,3,4.0
p7557,995.1666666666666,12,High,153.0,3,8,3.0
p7559,834.9642857142857,28,Low,146.0,9,24,10.0
p756,944.1818181818181,11,High,72.0,7,22,7.0
p7561,993.0,1,High,14.0,1,1,1.0
p7563,740.375,8,Low,109.5,6,11,6.0
p7566,859.5714285714286,14,High,70.5,8,18,10.0
p7567,403.94736842105266,19,Low,60.5,8,18,10.0
p7568,776.2222222222222,9,Low,43.0,5,4,6.0
p757,945.6666666666666,3,High,173.0,1,16,4.0
p7570,793.5,2,Low,75.0,1,3,1.0
p7571,1000.0,3,High,49.0,1,2,1.0
p7572,937.0,2,High,66.0,1,3,1.0
p7573,725.2,15,Low,108.0,8,21,8.0
p7575,431.25,36,Low,105.5,32,39,34.0
p7576,726.5294117647059,17,Low,205.0,5,21,5.0
p7579,843.4,5,Low,81.5,4,6,4.0
p7580,915.85,40,High,150.0,21,50,23.0
p7582,613.0,1,Low,9.5,4,1,4.0
p7584,828.7435897435897,39,Low,112.0,16,30,17.0
p7585,654.2692307692307,26,Low,77.0,19,37,23.0
p7587,776.3333333333334,9,Low,221.5,4,21,5.0
p7588,689.4202898550725,69,Low,47.5,50,49,55.0
p7590,889.8,5,High,264.0,1,4,1.0
p7591,977.0,2,High,79.0,2,2,3.0
p7593,943.7692307692307,13,High,36.5,12,11,15.0
p7594,974.0,1,High,43.5,2,4,2.0
p7595,600.2307692307693,13,Low,59.0,13,10,22.0
p7596,693.5,2,Low,90.0,1,4,1.0
p7598,738.7,10,Low,157.0,3,7,4.0
p7599,730.4736842105264,19,Low,69.0,3,13,11.0
p760,999.4,5,High,59.0,5,6,10.0
p7600,700.360655737705,61,Low,25.0,114,40,129.0
p7602,909.5555555555555,9,High,28.0,19,21,20.0
p7603,577.0,4,Low,51.0,4,6,5.0
p7604,933.0526315789474,38,High,48.5,34,23,35.0
p7605,684.25,24,Low,48.0,21,8,21.0
p7606,1000.0,8,High,74.0,7,19,16.0
p7607,848.0,1,Low,67.0,4,8,4.0
p7608,950.32,25,High,66.0,28,29,29.0
p7609,688.2372881355932,59,Low,70.0,32,47,34.0
p761,998.0,4,High,45.0,5,4,5.0
p7610,955.8913043478261,46,High,43.0,20,39,25.0
p7611,995.75,4,High,75.0,1,2,1.0
p7612,969.4545454545455,11,High,65.0,7,8,9.0
p7613,824.5,4,Low,58.5,2,6,3.0
p7614,630.0,2,Low,55.0,1,3,1.0
p7615,623.2727272727273,11,Low,130.0,3,7,4.0
p7616,831.5,4,Low,70.0,4,5,4.0
p7617,956.5625,16,High,42.0,13,15,15.0
p7618,547.4285714285714,14,Low,203.0,4,20,4.0
p7619,717.2444444444444,45,Low,60.0,17,37,19.0
p7621,993.7647058823529,17,High,69.5,12,25,12.0
p7622,963.3181818181819,22,High,176.0,6,13,7.0
p7623,988.775,40,High,221.5,16,38,16.0
p7624,887.8333333333334,12,High,55.5,12,14,12.0
p7625,685.08,25,Low,58.0,13,25,13.0
p7626,1000.0,1,High,29.0,1,1,
p7627,787.5833333333334,12,Low,42.0,12,16,12.0
p7628,561.0,1,Low,59.0,1,4,1.0
p7629,938.8888888888889,9,High,9.0,1,13,4.0
p763,1000.0,2,High,48.0,1,2,1.0
p7630,854.1818181818181,11,Low,86.5,8,12,9.0
p7631,976.0,1,High,38.5,2,2,3.0
p7632,1000.0,12,High,55.0,7,21,10.0
p7633,804.9130434782609,23,Low,94.0,19,38,20.0
p7634,816.1904761904761,21,Low,307.0,7,23,9.0
p7635,781.2,5,Low,102.0,2,5,2.0
p7636,832.5,2,Low,69.0,1,4,1.0
p7637,998.2916666666666,24,High,112.0,5,15,6.0
p7638,1000.0,3,High,88.0,3,5,3.0
p764,854.0,3,Low,29.0,1,1,1.0
p7640,901.6,5,High,50.0,9,6,9.0
p7641,986.1111111111111,27,High,239.0,7,30,9.0
p7642,920.0,1,High,95.0,1,3,1.0
p7643,789.1739130434783,46,Low,105.0,19,39,23.0
p7644,998.0,1,High,20.0,1,1,1.0
p7645,766.4444444444445,72,Low,61.5,42,50,43.0
p7646,564.859375,64,Low,94.0,31,71,32.0
p7647,836.0909090909091,11,Low,63.0,18,27,18.0
p7648,923.0,14,High,120.0,9,24,10.0
p765,931.3333333333334,3,High,52.0,3,3,3.0
p7651,662.0,1,Low,10.5,4,3,5.0
p7652,830.4444444444445,9,Low,101.5,8,10,9.0
p7653,995.3658536585366,41,High,24.0,54,33,58.0
p7654,920.7272727272727,11,High,36.0,11,17,11.0
p7658,997.6666666666666,42,High,80.0,29,36,33.0
p7660,999.2222222222222,9,High,327.0,3,20,3.0
p7661,787.8571428571429,7,Low,48.5,10,18,11.0
p7663,700.6666666666666,12,Low,36.5,4,6,5.0
p7664,903.4285714285714,7,High,143.0,5,13,5.0
p7665,737.4375,16,Low,56.0,14,22,16.0
p7666,894.75,4,High,47.0,3,4,3.0
p7667,754.5,6,Low,79.0,4,5,4.0
p7668,772.0,6,Low,32.0,3,3,3.0
p767,917.8333333333334,18,High,59.0,9,14,10.0
p7670,769.7826086956521,46,Low,115.0,23,40,25.0
p7671,747.0,1,Low,89.0,1,4,1.0
p7672,1.0,1,Low,27.0,1,1,1.0
p7673,999.3333333333334,6,High,93.5,10,15,10.0
p7674,998.8888888888889,18,High,79.0,6,15,12.0
p7675,673.1071428571429,28,Low,179.5,4,23,5.0
p7676,916.6521739130435,23,High,51.0,11,43,12.0
p7677,889.0,42,High,65.5,32,38,33.0
p7679,794.375,8,Low,198.0,2,53,3.0
p7680,986.0,1,High,21.5,4,3,5.0
p7682,899.7857142857143,28,High,86.0,11,18,16.0
p7683,980.25,4,High,181.0,1,5,1.0
p7684,766.4912280701755,57,Low,54.0,43,42,43.0
p7688,827.25,8,Low,175.5,4,20,4.0
p7689,973.8181818181819,11,High,19.5,18,12,26.0
p769,603.59375,32,Low,44.0,19,16,19.0
p7690,453.1818181818182,22,Low,60.5,12,26,14.0
p7691,929.5,2,High,60.0,3,7,4.0
p7694,811.5,8,Low,92.0,7,11,7.0
p7695,567.0,4,Low,27.0,2,4,3.0
p7697,889.6666666666666,3,High,52.0,3,6,4.0
p770,892.25,4,High,108.0,2,3,2.0
p7700,618.625,8,Low,66.5,10,11,11.0
p7701,986.1935483870968,31,High,201.5,8,30,8.0
p7702,942.0,1,High,2.0,3,1,4.0
p7703,810.421052631579,19,Low,33.0,47,41,51.0
p7704,933.8421052631579,19,High,58.0,15,15,20.0
p7705,732.0,2,Low,88.0,5,6,8.0
p7707,917.4090909090909,22,High,167.5,6,22,9.0
p7708,949.0555555555555,18,High,48.0,9,13,13.0
p7709,949.8333333333334,72,High,88.0,26,66,31.0
p7710,937.68,25,High,28.5,36,23,37.0
p7712,853.5873015873016,63,Low,75.0,20,56,36.0
p7713,786.2857142857143,7,Low,26.0,9,6,10.0
p7715,645.0,6,Low,29.5,12,8,16.0
p7716,729.9268292682926,41,Low,43.0,35,29,35.0
p7717,977.8571428571429,14,High,95.0,9,12,9.0
p7718,635.3513513513514,37,Low,145.0,21,34,22.0
p772,825.6666666666666,12,Low,84.5,8,17,8.0
p7720,822.8620689655172,29,Low,109.0,6,10,9.0
p7721,746.1290322580645,31,Low,48.0,27,33,29.0
p7722,731.8,10,Low,168.0,5,8,6.0
p7724,897.3333333333334,3,High,13.0,3,5,3.0
p7725,881.7777777777778,9,High,37.0,1,4,2.0
p7727,943.6,5,High,192.5,2,31,2.0
p7728,689.0,1,Low,26.5,2,3,2.0
p7729,991.6666666666666,12,High,136.5,2,12,3.0
p773,748.4,10,Low,163.5,4,21,4.0
p7730,978.0,2,High,67.0,1,2,1.0
p7731,986.9230769230769,13,High,25.0,17,12,20.0
p7732,663.3333333333334,6,Low,137.0,6,21,6.0
p7733,994.12,25,High,86.0,18,24,18.0
p7734,899.1333333333333,30,High,59.0,23,39,25.0
p7735,545.0,4,Low,94.0,1,3,1.0
p7736,831.8,5,Low,33.0,3,3,3.0
p7737,764.9873417721519,79,Low,84.0,31,51,36.0
p7738,720.1875,16,Low,49.0,11,13,11.0
p7739,792.9318181818181,44,Low,76.0,29,37,32.0
p774,929.4782608695652,23,High,78.0,10,20,10.0
p7740,854.5168539325842,89,Low,73.0,52,43,56.0
p7741,827.875,16,Low,138.0,5,17,5.0
p7742,942.8636363636364,22,High,151.0,1,12,2.0
p7743,930.421052631579,38,High,198.0,13,31,16.0
p7744,662.6666666666666,9,Low,42.0,12,14,12.0
p7745,985.4,10,High,80.0,3,25,4.0
p7746,941.0,10,High,77.5,6,14,6.0
p7747,949.0909090909091,22,High,53.0,15,11,16.0
p7749,748.9459459459459,37,Low,163.0,13,35,15.0
p775,872.304347826087,23,High,54.0,24,34,25.0
p7750,898.0,1,High,20.0,3,3,4.0
p7752,695.0,12,Low,98.5,8,29,9.0
p7753,998.0422535211268,71,High,48.0,53,57,54.0
p7754,961.075,40,High,46.5,34,40,36.0
p7756,999.6538461538462,26,High,227.0,3,37,10.0
p7757,855.0,18,Low,41.0,14,20,16.0
p7758,693.7857142857143,14,Low,93.0,4,6,7.0
p7759,1000.0,6,High,25.0,19,42,19.0
p7760,565.7142857142857,21,Low,103.0,9,24,12.0
p7761,997.0,4,High,129.0,3,5,3.0
p7762,822.2368421052631,76,Low,63.0,50,90,50.0
p7763,787.5217391304348,23,Low,54.5,8,12,11.0
p7764,382.0,1,Low,21.0,1,2,1.0
p7766,997.6666666666666,3,High,39.5,6,6,7.0
p7769,810.0,1,Low,45.5,4,5,4.0
p777,996.3333333333334,3,High,23.0,3,2,3.0
p7770,867.5555555555555,9,High,56.0,1,21,2.0
p7771,913.2,5,High,16.0,3,6,3.0
p7772,892.6666666666666,6,High,36.5,10,54,12.0
p7773,806.3333333333334,3,Low,33.0,2,3,5.0
p7774,941.4545454545455,11,High,102.0,6,22,6.0
p7775,985.9649122807018,114,High,109.0,25,64,28.0
p7776,1000.0,1,High,25.0,2,2,2.0
p7777,1000.0,1,High,71.0,1,3,1.0
p7779,996.9090909090909,11,High,28.0,3,13,24.0
p778,563.0,3,Low,81.0,3,5,3.0
p7780,749.7,10,Low,47.0,11,19,11.0
p7781,687.95,20,Low,25.0,25,16,33.0
p7782,912.25,28,High,67.0,9,20,11.0
p7783,999.2,10,High,89.0,7,24,7.0
p7786,880.2,10,High,48.0,9,24,12.0
p7787,776.0,2,Low,74.0,2,4,2.0
p7788,735.8076923076923,26,Low,123.5,12,31,13.0
p779,912.7647058823529,17,High,51.0,9,17,10.0
p7791,780.8333333333334,6,Low,86.0,3,4,3.0
p7793,837.3333333333334,3,Low,9.0,5,4,5.0
p7794,929.3076923076923,39,High,115.0,13,36,17.0
p7796,850.3684210526316,19,Low,54.0,9,15,9.0
p7797,872.1666666666666,18,High,35.0,19,23,23.0
p7798,1000.0,14,High,26.0,18,14,18.0
p7799,998.1666666666666,6,High,85.0,5,15,6.0
p78,1000.0,1,High,135.0,1,1,2.0
p780,839.8461538461538,26,Low,54.0,13,14,18.0
p7801,875.4,30,High,158.0,1,28,7.0
p7802,957.0,1,High,85.0,1,3,1.0
p7805,773.125,32,Low,58.5,26,25,27.0
p7808,835.3333333333334,6,Low,49.0,3,4,3.0
p7809,505.0,3,Low,45.0,2,3,2.0
p781,936.2926829268292,41,High,67.0,33,37,38.0
p7810,973.4285714285714,14,High,121.5,4,7,4.0
p7811,790.2727272727273,11,Low,23.0,18,7,21.0
p7812,762.5,6,Low,43.0,6,10,6.0
p7813,886.2307692307693,26,High,29.0,16,23,16.0
p7814,1000.0,1,High,25.0,1,1,2.0
p7817,893.5,14,High,77.0,6,11,7.0
p7818,993.9090909090909,11,High,80.0,8,17,8.0
p7819,793.5,10,Low,159.0,5,13,5.0
p7821,1000.0,1,High,2.0,1,1,3.0
p7822,912.2857142857143,7,High,309.5,2,6,2.0
p7823,923.4126984126984,63,High,52.5,26,42,29.0
p7824,703.0,1,Low,79.0,1,3,1.0
p7825,746.625,8,Low,43.0,11,15,11.0
p7826,487.625,8,Low,47.0,9,5,10.0
p7827,855.3333333333334,3,Low,61.0,1,3,2.0
p7828,792.6,5,Low,37.0,7,5,7.0
p7829,718.0,1,Low,21.0,1,1,1.0
p7831,783.6666666666666,9,Low,181.0,3,22,3.0
p7832,894.4,5,High,56.5,2,3,2.0
p7834,854.3684210526316,19,Low,216.0,5,24,5.0
p7836,997.5714285714286,7,High,99.5,2,6,4.0
p7837,527.0,1,Low,42.0,1,1,1.0
p7838,635.6315789473684,38,Low,103.5,16,38,20.0
p7839,998.1515151515151,66,High,94.0,30,41,36.0
p784,683.7857142857143,14,Low,108.0,6,22,6.0
p7840,852.0,2,Low,46.5,2,3,2.0
p7841,979.7142857142857,7,High,124.0,3,7,4.0
p7842,807.421052631579,19,Low,107.0,9,17,9.0
p7843,913.9333333333333,15,High,114.0,7,35,7.0
p7844,716.5,2,Low,18.0,4,3,4.0
p7847,937.0,13,High,56.0,14,22,16.0
p785,734.0,1,Low,44.0,1,1,2.0
p7850,793.2142857142857,14,Low,53.5,6,9,7.0
p7851,1000.0,1,High,21.0,1,1,1.0
p7852,858.0,4,High,33.0,1,7,2.0
p7853,654.75,40,Low,70.0,41,48,44.0
p7854,945.0,1,High,26.0,2,3,3.0
p7857,955.5,2,High,49.5,2,4,2.0
p7858,581.418918918919,74,Low,46.5,42,59,71.0
p7859,961.9444444444445,18,High,80.5,10,23,12.0
p7860,1000.0,12,High,70.0,11,11,11.0
p7861,931.1875,48,High,118.0,20,31,22.0
p7862,974.1111111111111,9,High,9.0,7,13,8.0
p7863,780.52,25,Low,59.0,5,11,10.0
p7865,967.5714285714286,7,High,290.0,3,13,3.0
p7866,795.1428571428571,7,Low,91.0,5,4,6.0
p7867,962.5,14,High,51.0,11,19,12.0
p7869,993.7391304347826,46,High,67.0,34,38,36.0
p7870,973.5,4,High,88.0,4,43,4.0
p7871,494.5,2,Low,50.0,1,2,1.0
p7872,1000.0,3,High,39.0,3,0,3.0
p7873,1000.0,3,High,76.0,2,4,3.0
p7875,898.2142857142857,14,High,7.0,5,38,14.0
p7877,725.3,20,Low,78.0,6,9,6.0
p7878,607.6666666666666,15,Low,53.5,6,5,7.0
p7879,883.4893617021277,47,High,48.0,49,31,50.0
p7880,632.0,3,Low,17.5,4,2,4.0
p7881,764.3333333333334,3,Low,10.0,3,48,5.0
p7882,972.6153846153846,13,High,150.0,7,23,7.0
p7883,843.5,24,Low,158.0,5,14,7.0
p7884,869.6727272727272,55,High,165.0,7,41,10.0
p7885,708.1333333333333,15,Low,59.5,14,13,18.0
p7886,1000.0,2,High,7.5,4,3,4.0
p7888,882.05,20,High,98.0,13,23,13.0
p7889,954.05,20,High,30.5,8,23,12.0
p789,846.2307692307693,13,Low,106.0,4,8,4.0
p7890,699.98,50,Low,81.0,19,27,21.0
p7891,705.6818181818181,22,Low,85.0,9,17,11.0
p7893,717.8809523809524,42,Low,62.0,9,24,10.0
p7895,643.3333333333334,15,Low,62.5,16,10,16.0
p7898,690.0,2,Low,147.0,1,4,1.0
p790,843.3333333333334,3,Low,15.0,5,0,5.0
p7900,632.975,40,Low,53.5,20,29,22.0
p7902,727.5806451612904,31,Low,92.0,8,39,10.0
p7903,837.4,20,Low,62.0,11,23,11.0
p7904,733.6190476190476,21,Low,93.0,16,30,17.0
p7906,783.0208333333334,48,Low,62.0,49,38,56.0
p7907,870.1363636363636,22,High,42.0,14,21,17.0
p7909,1000.0,11,High,30.0,11,17,11.0
p7910,892.5714285714286,21,High,44.0,15,20,16.0
p7911,974.9736842105264,38,High,32.0,22,20,22.0
p7913,823.4814814814815,27,Low,67.5,10,20,10.0
p7915,1000.0,1,High,90.0,1,2,1.0
p7916,751.0,2,Low,60.0,2,4,2.0
p7917,763.2602739726027,73,Low,25.5,68,23,73.0
p7918,971.1428571428571,77,High,84.0,55,110,68.0
p7919,750.225,40,Low,278.0,7,39,10.0
p7920,856.0,7,Low,53.0,9,9,9.0
p7921,889.9090909090909,11,High,135.0,8,12,10.0
p7922,891.4193548387096,31,High,81.0,19,33,21.0
p7923,888.8461538461538,13,High,80.0,5,9,5.0
p7924,871.7272727272727,11,High,77.5,4,7,4.0
p7925,538.2142857142857,84,Low,62.0,55,68,59.0
p7927,747.0,1,Low,26.0,1,1,1.0
p7928,950.5714285714286,7,High,34.0,13,16,14.0
p7930,814.6666666666666,3,Low,32.5,6,2,6.0
p7931,931.8,10,High,219.0,3,12,4.0
p7935,984.6666666666666,3,High,46.0,1,3,1.0
p7936,992.85,20,High,45.0,51,38,51.0
p7937,655.6666666666666,3,Low,58.0,4,4,4.0
p7939,982.8888888888889,9,High,55.0,6,2,6.0
p794,999.8095238095239,21,High,42.0,24,24,25.0
p7940,650.2941176470588,34,Low,51.0,33,38,34.0
p7941,441.175,40,Low,78.0,21,38,
p7942,767.6756756756756,74,Low,72.0,28,42,29.0
p7944,682.4285714285714,7,Low,59.0,11,9,12.0
p7945,996.7916666666666,24,High,43.5,28,62,32.0
p7946,888.0,1,High,43.0,3,3,3.0
p7947,757.2,10,Low,239.0,3,20,4.0
p7948,986.5,30,High,46.0,26,38,27.0
p795,857.5,4,High,131.0,1,2,2.0
p7951,931.1,50,High,123.5,10,39,15.0
p7952,995.2325581395348,43,High,108.0,21,42,21.0
p7954,665.4186046511628,43,Low,64.0,9,38,49.0
p7956,920.6666666666666,9,High,78.0,4,12,6.0
p7959,890.3333333333334,3,High,84.0,2,4,2.0
p7960,571.0,2,Low,25.0,3,3,3.0
p7961,999.734375,64,High,80.0,10,38,15.0
p7963,925.5666666666667,60,High,115.5,30,49,32.0
p7964,715.4444444444445,9,Low,40.0,5,8,6.0
p7965,841.8666666666667,15,Low,53.0,4,21,8.0
p7967,837.3529411764706,51,Low,150.0,11,37,11.0
p7968,778.1428571428571,7,Low,61.0,11,12,11.0
p7969,798.90625,32,Low,26.0,52,43,59.0
p797,696.1666666666666,6,Low,85.0,3,7,4.0
p7970,754.6153846153846,26,Low,34.5,12,16,12.0
p7974,776.5263157894736,19,Low,129.5,14,36,14.0
p7975,809.4117647058823,34,Low,79.0,19,39,23.0
p7976,580.825,80,Low,94.0,29,35,39.0
p7977,565.0,2,Low,9.0,3,1,3.0
p7978,709.08,25,Low,52.5,24,30,25.0
p7979,732.125,64,Low,67.0,43,51,57.0
p798,884.6470588235294,17,High,74.5,12,12,13.0
p7980,414.5833333333333,24,Low,263.0,1,27,8.0
p7981,790.9756097560976,41,Low,106.5,16,41,23.0
p7982,709.2666666666667,15,Low,93.0,15,22,18.0
p7983,645.6,10,Low,45.5,16,19,16.0
p7984,999.9487179487179,39,High,130.0,7,32,10.0
p7986,797.0,15,Low,49.0,15,10,20.0
p7987,792.5,2,Low,110.0,1,4,1.0
p7988,786.4285714285714,14,Low,51.0,11,8,11.0
p799,420.0,1,Low,55.0,1,3,1.0
p7990,974.25,4,High,98.5,2,3,3.0
p7991,404.5,2,Low,45.0,2,2,2.0
p7992,898.0,1,High,8.0,2,1,3.0
p7995,697.0,6,Low,59.0,4,14,7.0
p7996,709.0,1,Low,13.0,5,1,6.0
p7997,842.0434782608696,46,Low,57.5,50,41,50.0
p7998,995.0,4,High,15.0,4,3,4.0
p7999,996.8472222222222,72,High,82.0,32,40,40.0
p8,913.1153846153846,26,High,42.0,39,30,41.0
p80,1000.0,1,High,101.0,1,1,2.0
p8001,663.0,9,Low,71.0,8,9,8.0
p8002,761.0,1,Low,29.0,1,1,1.0
p8003,829.0,4,Low,120.0,2,1,3.0
p8004,841.8181818181819,55,Low,56.5,46,38,49.0
p8005,997.5952380952381,42,High,86.5,20,44,21.0
p8007,617.8,5,Low,71.0,6,1,6.0
p8008,647.0666666666667,30,Low,72.0,23,28,26.0
p8009,819.1538461538462,13,Low,28.5,18,13,21.0
p801,999.6,15,High,144.0,7,13,8.0
p8010,748.072072072072,111,Low,76.5,36,57,45.0
p8011,872.0,1,High,26.0,1,1,1.0
p8012,401.0,2,Low,147.0,1,6,1.0
p8014,571.2307692307693,13,Low,52.0,28,47,29.0
p8016,891.0,3,High,42.0,1,2,1.0
p8019,963.0,1,High,95.0,1,4,1.0
p802,1000.0,7,High,241.5,2,8,2.0
p8021,795.7142857142857,14,Low,105.5,6,20,7.0
p8022,511.2857142857143,7,Low,44.5,4,7,8.0
p8023,978.25,4,High,27.0,3,5,3.0
p8026,670.875,8,Low,65.0,3,3,3.0
p8028,930.3333333333334,15,High,56.5,6,19,8.0
p8029,998.9487179487179,39,High,40.5,52,38,56.0
p803,790.3333333333334,3,Low,60.0,1,2,1.0
p8030,977.4285714285714,7,High,65.5,6,19,9.0
p8031,999.4444444444445,9,High,49.0,13,22,13.0
p8033,943.05,20,High,73.5,20,21,20.0
p8035,992.6666666666666,3,High,27.0,4,11,6.0
p8036,870.0,1,High,49.0,2,2,2.0
p8038,774.0,2,Low,72.0,1,3,1.0
p8039,996.6470588235294,17,High,129.0,5,11,7.0
p804,999.6538461538462,26,High,55.5,34,38,34.0
p8040,844.6666666666666,9,Low,48.0,8,21,8.0
p8042,969.2083333333334,24,High,7.0,5,30,13.0
p8043,829.0,2,Low,39.0,2,3,4.0
p8044,689.2857142857143,7,Low,37.0,9,4,9.0
p8045,945.1442307692307,104,High,43.0,67,57,68.0
p8046,652.5,2,Low,21.0,2,1,3.0
p8048,877.0,2,High,24.0,2,2,2.0
p8050,355.0,2,Low,49.0,1,1,1.0
p8051,791.6666666666666,3,Low,28.0,4,3,5.0
p8052,1000.0,8,High,61.0,6,7,6.0
p8053,701.3333333333334,12,Low,105.0,13,18,13.0
p8054,1000.0,1,High,54.0,1,1,1.0
p8056,1000.0,2,High,49.5,6,4,6.0
p8059,592.0,2,Low,90.0,1,2,1.0
p806,787.3809523809524,21,Low,102.0,6,9,9.0
p8060,973.0,5,High,77.5,2,4,2.0
p8061,996.0,1,High,64.5,2,1,2.0
p8064,612.2222222222222,9,Low,139.0,6,5,7.0
p8066,754.9148936170212,47,Low,132.5,26,43,30.0
p8067,875.0,3,High,37.5,2,3,2.0
p8068,664.1111111111111,9,Low,102.0,4,6,6.0
p8069,892.25,16,High,50.0,11,14,13.0
p8070,801.7551020408164,49,Low,68.0,19,33,25.0
p8071,1000.0,1,High,17.0,1,1,1.0
p8072,907.4375,32,High,253.0,11,41,11.0
p8073,805.0,1,Low,48.0,1,2,1.0
p8074,920.271186440678,59,High,53.0,23,48,27.0
p8076,861.0,9,High,190.5,2,4,2.0
p8077,914.0,1,High,33.0,1,1,2.0
p8078,999.8,20,High,120.0,6,14,7.0
p8079,788.9583333333334,48,Low,115.0,12,30,15.0
p8080,999.6,5,High,63.0,5,12,7.0
p8082,694.8,10,Low,82.5,8,20,9.0
p8083,942.6666666666666,42,High,127.5,12,30,16.0
p8084,999.8405797101449,69,High,78.5,34,41,36.0
p8085,937.6,10,High,106.0,5,14,5.0
p8086,1000.0,5,High,95.0,5,7,6.0
p8088,977.0,8,High,51.0,5,7,5.0
p8089,1000.0,1,High,5.5,4,3,4.0
p809,998.3333333333334,6,High,86.0,3,5,3.0
p8090,927.1666666666666,60,High,46.0,5,44,12.0
p8093,645.5,2,Low,44.0,1,1,1.0
p8094,469.1666666666667,6,Low,39.0,7,5,7.0
p8095,723.0,6,Low,23.0,7,7,8.0
p8098,969.75,12,High,51.5,10,13,10.0
p8099,814.5,2,Low,26.0,2,2,6.0
p810,908.8653846153846,52,High,178.0,28,42,28.0
p8100,802.5,14,Low,44.0,5,7,6.0
p8101,717.0,1,Low,80.0,1,3,1.0
p8102,816.3333333333334,9,Low,107.0,3,9,3.0
p8103,944.5238095238095,21,High,31.0,19,23,19.0
p8104,966.0,1,High,33.0,1,1,1.0
p8105,723.25,8,Low,44.5,4,5,4.0
p8106,880.1333333333333,30,High,24.0,36,23,36.0
p8107,997.5,8,High,132.5,6,13,8.0
p8110,958.3333333333334,3,High,49.0,16,15,16.0
p8112,953.0,20,High,86.5,10,147,16.0
p8113,985.5,2,High,7.0,5,3,6.0
p8114,875.0,2,High,109.0,1,5,1.0
p8115,706.5,8,Low,33.0,15,13,15.0
p8116,725.0,3,Low,41.0,2,19,2.0
p8117,861.7567567567568,37,High,60.0,41,39,47.0
p8118,707.5,8,Low,67.0,5,25,6.0
p8119,691.0,15,Low,75.5,10,20,12.0
p812,854.8888888888889,9,Low,50.0,4,9,4.0
p8120,884.5,2,High,22.0,2,3,3.0
p8121,781.7142857142857,21,Low,43.0,21,29,21.0
p8123,999.1428571428571,21,High,206.5,4,11,5.0
p8124,854.5185185185185,27,Low,37.0,22,22,24.0
p8125,985.0,1,High,92.0,1,2,1.0
p8126,898.4,5,High,28.0,5,6,5.0
p8127,671.5555555555555,18,Low,108.0,6,14,6.0
p8128,694.2,5,Low,192.0,1,4,1.0
p8129,969.2857142857143,7,High,92.0,7,17,11.0
p813,987.0454545454545,22,High,147.5,4,13,6.0
p8130,1000.0,1,High,94.0,1,3,1.0
p8131,867.8181818181819,55,High,72.0,31,38,37.0
p8132,777.0666666666667,15,Low,86.0,12,26,13.0
p8134,998.2368421052631,38,High,151.0,21,49,24.0
p8135,1000.0,5,High,29.0,6,4,6.0
p8136,1000.0,4,High,184.5,4,22,5.0
p8137,1000.0,8,High,38.5,16,25,17.0
p8138,863.0,3,High,216.0,2,1,2.0
p814,972.5576923076923,52,High,185.0,11,39,13.0
p8140,757.5,2,Low,16.0,3,3,4.0
p8141,906.1851851851852,54,High,108.0,17,32,17.0
p8142,922.0526315789474,19,High,49.5,18,14,18.0
p8143,998.0,1,High,21.0,3,3,3.0
p8144,857.7142857142857,7,High,95.0,7,13,7.0
p8145,977.2352941176471,17,High,48.5,14,7,18.0
p8146,845.0,4,Low,66.0,4,7,4.0
p8147,944.4444444444445,9,High,283.0,4,17,4.0
p8149,901.2142857142857,14,High,51.5,18,11,19.0
p815,883.1875,16,High,132.0,7,11,7.0
p8150,572.8055555555555,36,Low,73.0,15,37,19.0
p8152,743.4285714285714,14,Low,65.0,15,26,16.0
p8153,690.3333333333334,6,Low,140.0,4,10,6.0
p8155,712.0,1,Low,121.0,1,3,2.0
p8156,908.170731707317,41,High,187.0,15,38,15.0
p8157,879.8888888888889,9,High,43.0,15,20,15.0
p8158,238.0,1,Low,40.0,2,3,2.0
p8159,993.9076923076923,65,High,159.0,14,39,19.0
p8160,966.0,3,High,101.0,1,3,1.0
p8161,999.5,4,High,18.0,6,5,7.0
p8162,923.0,11,High,83.0,5,10,5.0
p8163,665.9655172413793,87,Low,168.0,7,36,14.0
p8165,1000.0,8,High,114.0,7,5,7.0
p8169,920.6923076923077,13,High,35.0,19,20,21.0
p817,767.5,2,Low,45.0,1,3,1.0
p8170,785.8333333333334,6,Low,136.0,3,6,3.0
p8171,762.0,1,Low,10.0,1,1,1.0
p8173,834.76,25,Low,28.5,18,8,19.0
p8174,933.6875,16,High,59.0,10,12,11.0
p8175,766.5416666666666,24,Low,198.5,4,11,5.0
p8176,810.7333333333333,15,Low,118.0,7,8,7.0
p8177,989.5,4,High,19.0,6,3,6.0
p8178,902.0,21,High,72.0,10,13,10.0
p8179,915.8,5,High,93.0,6,9,7.0
p8180,673.6666666666666,6,Low,85.0,5,6,7.0
p8181,906.2025316455696,79,High,202.0,3,38,7.0
p8182,946.16,50,High,122.5,12,42,14.0
p8183,607.5,6,Low,26.0,6,3,6.0
p8184,653.7857142857143,28,Low,40.5,32,35,33.0
p8185,917.0365853658536,82,High,68.0,71,217,72.0
p8186,536.0,1,Low,14.0,1,1,1.0
p8187,933.6666666666666,3,High,46.5,2,4,2.0
p8188,868.9090909090909,11,High,21.0,11,5,12.0
p8189,901.5483870967741,31,High,157.0,11,39,15.0
p8191,691.0,4,Low,127.0,2,3,2.0
p8192,910.4285714285714,7,High,86.0,8,11,8.0
p8193,993.0,29,High,79.0,16,20,17.0
p8194,999.6,10,High,157.5,2,19,3.0
p8195,791.75,8,Low,165.0,7,12,8.0
p8196,773.8,20,Low,41.0,11,11,14.0
p8197,912.3333333333334,9,High,96.0,2,4,2.0
p8198,993.8709677419355,31,High,58.0,19,26,21.0
p8199,825.6666666666666,6,Low,30.0,4,2,4.0
p82,974.8620689655172,29,High,50.0,13,14,16.0
p820,771.4,25,Low,72.0,12,22,12.0
p8200,954.4347826086956,23,High,51.0,14,16,15.0
p8202,980.9,10,High,35.0,5,7,6.0
p8203,690.0,1,Low,77.5,2,4,3.0
p8205,998.0,2,High,38.0,3,3,3.0
p8206,822.0,14,Low,116.0,7,13,7.0
p8209,640.7777777777778,9,Low,39.5,10,8,13.0
p821,543.5454545454545,11,Low,105.5,8,10,8.0
p8210,720.2222222222222,9,Low,106.0,3,23,
p8211,773.0,1,Low,146.0,1,4,1.0
p8212,1000.0,1,High,37.5,2,2,2.0
p8213,659.3076923076923,13,Low,98.0,7,19,7.0
p8214,746.0,2,Low,33.0,1,1,1.0
p8215,850.2777777777778,18,Low,67.0,22,30,23.0
p8219,915.375,24,High,92.5,10,23,11.0
p822,773.0714285714286,14,Low,55.5,6,13,7.0
p8220,998.8518518518518,27,High,77.5,20,42,22.0
p8221,798.1428571428571,14,Low,32.0,15,16,16.0
p8222,1000.0,2,High,135.0,1,3,1.0
p8224,946.875,32,High,65.0,11,23,11.0
p8225,766.0,1,Low,18.0,1,2,6.0
p8226,831.5,2,Low,63.0,1,3,1.0
p8227,781.0,1,Low,5.5,2,1,
p8228,899.1034482758621,29,High,93.0,6,10,6.0
p823,709.8,25,Low,66.0,23,33,25.0
p8230,825.0277777777778,36,Low,26.0,29,30,29.0
p8231,1000.0,5,High,57.0,3,6,6.0
p8232,949.4444444444445,9,High,55.0,5,18,5.0
p8233,936.3333333333334,3,High,57.0,3,4,4.0
p8234,766.3,20,Low,53.0,12,8,13.0
p8235,966.0,2,High,80.0,5,9,5.0
p8236,993.5,8,High,45.0,9,20,11.0
p8237,825.8461538461538,13,Low,59.0,11,14,11.0
p8238,893.7777777777778,9,High,105.0,5,12,6.0
p824,833.8333333333334,24,Low,95.5,8,14,8.0
p8241,718.9166666666666,24,Low,129.5,6,21,7.0
p8242,999.0,4,High,111.0,1,1,1.0
p8243,843.5454545454545,11,Low,86.0,4,6,4.0
p8244,910.7922077922078,77,High,64.0,29,59,32.0
p8245,811.5,2,Low,48.0,1,2,1.0
p8246,675.98,50,Low,92.0,19,40,25.0
p8247,582.2,10,Low,93.0,6,10,6.0
p8249,848.6666666666666,3,Low,148.0,1,4,1.0
p825,998.2,25,High,34.0,19,22,20.0
p8250,817.3333333333334,3,Low,132.0,1,2,1.0
p8251,881.0,3,High,155.0,2,6,3.0
p8253,658.0,1,Low,29.0,1,2,1.0
p8255,990.5555555555555,9,High,21.0,12,4,13.0
p8256,774.0,11,Low,42.0,17,20,17.0
p8257,823.5333333333333,15,Low,126.0,11,28,12.0
p8258,610.5,8,Low,53.0,7,3,11.0
p826,872.25,4,High,259.0,3,3,3.0
p8260,804.25,12,Low,129.0,6,17,6.0
p8261,786.9565217391304,23,Low,266.0,3,42,3.0
p8262,597.0,6,Low,38.0,5,8,5.0
p8263,961.3225806451613,31,High,87.0,19,27,23.0
p8265,606.75,8,Low,58.0,7,10,8.0
p8267,790.0,7,Low,84.0,7,21,8.0
p8268,654.7142857142857,7,Low,65.0,12,35,17.0
p8269,803.2727272727273,11,Low,159.0,5,10,11.0
p8270,875.2558139534884,43,High,49.0,43,39,43.0
p8271,806.75,4,Low,75.5,4,6,4.0
p8272,949.625,16,High,164.0,4,9,5.0
p8273,956.2,10,High,88.0,9,6,11.0
p8274,638.5,4,Low,68.0,10,24,13.0
p8275,769.3333333333334,6,Low,96.0,7,14,7.0
p8276,855.5,2,Low,82.0,8,11,9.0
p8277,807.0,11,Low,228.0,3,6,3.0
p8279,871.6666666666666,21,High,98.0,7,14,9.0
p828,996.0625,32,High,176.0,7,31,
p8280,892.1428571428571,7,High,99.0,2,4,2.0
p8281,974.3888888888889,18,High,409.0,1,4,1.0
p8282,999.8181818181819,11,High,10.0,1,13,3.0
p8283,961.25,8,High,112.0,7,23,7.0
p8284,787.3333333333334,15,Low,64.0,13,17,13.0
p8288,858.8,5,High,218.0,1,6,1.0
p8289,1000.0,3,High,47.0,2,3,3.0
p829,911.125,8,High,54.0,9,14,9.0
p8290,629.1764705882352,17,Low,60.0,12,12,17.0
p8291,971.55,20,High,84.0,7,18,18.0
p8293,896.5,2,High,76.0,9,20,10.0
p8294,665.8888888888889,18,Low,42.0,9,14,10.0
p8296,670.1923076923077,26,Low,96.5,8,20,9.0
p8297,655.0,1,Low,8.0,7,7,7.0
p8298,766.8,10,Low,201.0,4,23,4.0
p83,868.3,20,High,162.0,11,33,12.0
p8300,724.5,2,Low,30.5,4,24,4.0
p8302,874.9090909090909,11,High,113.0,4,11,6.0
p8303,672.6222222222223,45,Low,70.5,90,99,106.0
p8304,655.3076923076923,26,Low,50.0,30,29,30.0
p8305,791.2272727272727,22,Low,184.0,7,29,8.0
p8306,695.7666666666667,30,Low,33.0,43,28,51.0
p8307,986.0,1,High,32.0,3,4,3.0
p8308,712.6666666666666,3,Low,92.0,3,6,3.0
p8309,769.0,3,Low,55.0,1,2,1.0
p831,720.875,8,Low,42.5,12,13,12.0
p8310,695.25,68,Low,54.0,22,42,25.0
p8311,988.5,6,High,41.0,5,3,6.0
p8313,863.6666666666666,9,High,226.0,2,24,4.0
p8314,978.952380952381,21,High,63.0,10,14,13.0
p8315,999.5238095238095,21,High,36.0,13,25,16.0
p8316,1000.0,1,High,2.0,3,1,
p8317,631.0,3,Low,34.0,3,1,4.0
p8318,927.8095238095239,21,High,47.5,10,9,11.0
p8319,993.6,5,High,25.0,17,6,20.0
p832,1000.0,7,High,54.5,8,7,9.0
p8320,641.1555555555556,45,Low,99.0,21,59,23.0
p8321,845.0,2,Low,119.0,3,6,3.0
p8322,596.2857142857143,7,Low,44.0,7,13,16.0
p8323,842.0,1,Low,10.0,1,1,1.0
p8324,1000.0,6,High,157.5,2,9,3.0
p8327,757.2,10,Low,53.5,38,91,41.0
p833,950.2,5,High,27.0,9,6,9.0
p8330,481.5,26,Low,51.5,12,17,18.0
p8331,781.6,5,Low,182.0,1,3,1.0
p8332,920.5555555555555,9,High,32.0,9,8,9.0
p8334,898.0,1,High,166.0,1,4,1.0
p8335,970.0,1,High,25.0,17,10,27.0
p8336,908.0151975683891,329,High,91.0,263,213,274.0
p8337,918.1052631578947,19,High,101.0,10,18,11.0
p8338,996.1428571428571,7,High,237.0,1,11,2.0
p834,759.3333333333334,3,Low,67.0,1,3,2.0
p8340,786.6923076923077,13,Low,36.0,9,7,9.0
p8341,390.60869565217394,23,Low,49.0,22,30,23.0
p8343,904.84375,64,High,103.0,29,41,36.0
p8344,969.5,6,High,56.5,8,10,8.0
p8346,834.0,1,Low,97.0,1,4,1.0
p8348,816.0,12,Low,91.0,4,7,4.0
p8349,830.5217391304348,23,Low,96.0,4,7,8.0
p835,842.0,2,Low,54.0,1,2,1.0
p8350,973.625,8,High,84.5,10,9,10.0
p8352,648.0,2,Low,92.0,1,3,1.0
p8354,1000.0,3,High,59.0,1,3,1.0
p8355,801.7333333333333,15,Low,58.0,5,12,13.0
p8356,744.4117647058823,17,Low,89.0,7,20,9.0
p8357,737.5945945945946,37,Low,46.0,20,29,22.0
p8358,818.4,10,Low,85.0,4,9,5.0
p8359,909.3846153846154,13,High,89.0,7,20,7.0
p8360,697.25,8,Low,105.0,7,20,8.0
p8362,915.3571428571429,112,High,97.5,34,58,35.0
p8363,903.3333333333334,3,High,76.5,2,4,2.0
p8364,1000.0,1,High,15.0,3,3,3.0
p8365,1000.0,66,High,41.0,58,39,60.0
p8368,952.0,2,High,9.0,6,4,
p837,957.7142857142857,14,High,101.5,8,24,9.0
p8370,989.5142857142857,105,High,81.0,70,140,90.0
p8371,974.53125,64,High,76.5,28,45,30.0
p8372,871.5238095238095,21,High,46.5,12,10,12.0
p8373,805.8775510204082,49,Low,66.0,39,35,40.0
p8374,786.2,20,Low,44.0,11,15,12.0
p8376,710.0,2,Low,18.0,7,6,8.0
p8377,746.0,1,Low,9.0,3,1,3.0
p838,894.5,2,High,49.0,3,4,3.0
p8381,997.2727272727273,11,High,139.0,7,20,7.0
p8383,733.3333333333334,6,Low,121.0,1,19,7.0
p8384,939.0,4,High,36.0,6,6,7.0
p8386,868.3333333333334,12,High,181.0,4,23,6.0
p8388,922.6428571428571,56,High,78.0,24,31,27.0
p8389,749.0909090909091,11,Low,42.0,9,6,9.0
p839,950.7931034482758,29,High,57.0,15,22,16.0
p8390,994.0,1,High,10.0,5,3,5.0
p8391,748.5,2,Low,115.0,1,2,1.0
p8392,991.64,25,High,225.0,9,35,16.0
p8394,673.377245508982,167,Low,121.0,50,67,56.0
p8397,823.5,4,Low,183.0,1,2,1.0
p840,832.6666666666666,42,Low,95.0,25,40,31.0
p8400,751.0,1,Low,43.5,2,2,2.0
p8401,773.0,2,Low,32.0,3,4,3.0
p8402,699.0,1,Low,38.0,1,1,1.0
p8403,887.0,12,High,42.0,10,21,12.0
p8404,959.1571428571428,70,High,101.5,28,42,29.0
p8405,849.0,3,Low,81.0,2,4,2.0
p8406,981.0,1,High,73.0,3,3,4.0
p8407,795.0,13,Low,44.5,20,20,20.0
p8408,877.0,1,High,37.0,1,1,1.0
p8409,777.0,1,Low,34.0,2,1,2.0
p8410,777.25,8,Low,112.0,3,11,5.0
p8412,728.4444444444445,9,Low,81.0,9,17,9.0
p8413,862.0,4,High,40.5,4,6,9.0
p8414,982.9166666666666,12,High,143.0,9,19,10.0
p8416,967.7865168539325,89,High,88.0,58,63,61.0
p8417,1000.0,15,High,71.0,6,18,9.0
p8419,999.7777777777778,9,High,47.5,14,6,14.0
p842,814.741935483871,31,Low,34.0,31,30,42.0
p8420,676.2105263157895,19,Low,81.5,6,9,10.0
p8421,830.0,1,Low,18.0,5,1,5.0
p8422,978.4,5,High,147.5,2,6,2.0
p8423,723.8181818181819,11,Low,107.0,3,7,3.0
p8424,683.6428571428571,42,Low,129.0,30,45,30.0
p8425,770.3714285714286,35,Low,47.5,42,94,47.0
p8426,619.0,1,Low,24.0,2,1,2.0
p8427,613.6779661016949,59,Low,54.5,32,37,35.0
p8428,964.7413793103449,58,High,48.5,30,39,31.0
p8429,656.3333333333334,6,Low,33.0,5,4,5.0
p8430,730.6,10,Low,94.0,9,12,10.0
p8431,983.1666666666666,12,High,81.5,12,24,17.0
p8432,783.75,4,Low,76.5,4,8,5.0
p8434,679.0,3,Low,112.5,2,3,2.0
p8436,993.2962962962963,54,High,44.0,87,82,102.0
p8438,912.1111111111111,18,High,32.0,26,18,31.0
p8439,994.2727272727273,11,High,111.0,2,40,3.0
p8440,816.425,40,Low,79.0,27,25,31.0
p8441,682.8,5,Low,24.0,7,5,8.0
p8442,494.0,1,Low,44.5,4,7,4.0
p8443,742.8,10,Low,58.0,11,19,13.0
p8444,821.6666666666666,3,Low,40.5,4,3,4.0
p8446,892.0,2,High,73.0,1,1,1.0
p8447,878.7857142857143,42,High,76.0,27,29,27.0
p8449,901.6,5,High,109.0,3,8,4.0
p8451,932.5769230769231,52,High,75.0,15,30,16.0
p8452,898.5,4,High,33.0,9,9,10.0
p8453,632.5,2,Low,50.0,1,2,1.0
p8455,407.2857142857143,14,Low,142.0,5,22,5.0
p8456,610.0,1,Low,34.0,3,3,3.0
p8457,720.3333333333334,3,Low,60.0,3,14,8.0
p8458,837.8039215686274,51,Low,78.0,21,26,24.0
p8459,835.3684210526316,19,Low,107.0,7,5,9.0
p846,960.925925925926,27,High,49.5,22,7,22.0
p8460,949.7543859649123,57,High,161.5,18,43,19.0
p8462,621.3375,80,Low,115.0,41,51,42.0
p8463,576.1666666666666,24,Low,126.0,6,22,6.0
p8466,999.8181818181819,11,High,97.0,5,28,5.0
p8467,818.0,7,Low,83.5,4,4,5.0
p8468,1000.0,1,High,32.5,2,2,2.0
p8469,957.7012987012987,77,High,100.0,27,56,27.0
p847,853.6666666666666,9,Low,77.0,35,41,40.0
p8471,979.6666666666666,6,High,72.0,3,3,5.0
p8473,836.8181818181819,11,Low,59.5,6,6,7.0
p8474,997.0,8,High,118.0,7,21,7.0
p8475,754.75,4,Low,37.0,9,16,
p8476,625.0,24,Low,18.0,47,31,47.0
p8477,614.0,2,Low,66.0,2,7,2.0
p8478,691.0,36,Low,138.0,6,22,6.0
p8479,962.2941176470588,17,High,347.0,2,13,3.0
p848,933.0,1,High,70.0,1,2,1.0
p8482,980.6666666666666,3,High,36.0,5,44,5.0
p8485,777.8965517241379,87,Low,79.0,39,53,46.0
p8486,768.2727272727273,11,Low,149.0,3,11,9.0
p8487,1000.0,4,High,18.5,6,4,8.0
p8488,741.3125,16,Low,245.0,3,9,4.0
p8489,940.1132075471698,53,High,55.0,33,33,38.0
p849,864.3333333333334,6,High,72.5,6,10,7.0
p8492,1000.0,1,High,27.0,1,1,1.0
p8493,999.4444444444445,18,High,62.0,29,10,31.0
p8495,982.9130434782609,23,High,134.0,10,32,17.0
p8496,715.8513513513514,74,Low,47.0,57,38,72.0
p8497,580.8461538461538,13,Low,73.0,8,20,8.0
p8498,851.5714285714286,21,Low,27.0,14,11,14.0
p8499,973.25,8,High,157.0,5,18,5.0
p85,955.0,9,High,85.0,10,20,11.0
p850,667.6071428571429,112,Low,138.0,18,38,22.0
p8500,1000.0,1,High,61.0,2,5,2.0
p8503,758.0,20,Low,119.5,10,12,11.0
p8504,799.3333333333334,9,Low,64.5,2,5,3.0
p8505,679.2222222222222,9,Low,116.0,5,15,5.0
p8506,846.0322580645161,31,Low,85.0,20,25,22.0
p8507,973.75,8,High,189.5,4,13,5.0
p8508,993.25,20,High,34.0,25,20,25.0
p8509,882.2,10,High,122.0,3,8,3.0
p851,982.8620689655172,29,High,142.5,12,26,12.0
p8510,599.7826086956521,23,Low,75.0,7,22,9.0
p8511,810.5,2,Low,71.0,2,3,3.0
p8512,887.0,3,High,401.0,1,5,1.0
p8514,876.9444444444445,36,High,97.5,12,29,14.0
p8515,990.9642857142857,28,High,90.0,6,16,9.0
p8516,920.7619047619048,21,High,54.0,11,68,12.0
p8517,730.7727272727273,22,Low,30.0,39,34,41.0
p8518,987.0,11,High,77.0,7,11,7.0
p8519,953.8269230769231,52,High,57.0,34,45,42.0
p852,814.0,1,Low,9.5,4,3,6.0
p8520,970.125,8,High,67.0,9,21,10.0
p8521,983.05,20,High,151.0,5,22,5.0
p8522,883.0833333333334,12,High,111.0,5,22,5.0
p8523,1000.0,1,High,38.0,3,5,6.0
p8524,975.125,16,High,128.0,5,12,5.0
p8525,929.7953216374269,342,High,76.5,182,136,195.0
p8526,858.8,10,High,158.0,5,13,5.0
p8528,718.8,10,Low,53.0,10,9,12.0
p8529,998.25,8,High,49.5,6,5,7.0
p853,588.2727272727273,22,Low,97.0,12,27,17.0
p8531,766.6363636363636,33,Low,29.0,29,40,47.0
p8532,655.0,1,Low,63.0,2,3,2.0
p8533,616.0,1,Low,61.5,4,6,4.0
p8534,727.0,1,Low,9.0,1,1,2.0
p8538,998.0882352941177,34,High,67.0,21,38,26.0
p8539,584.6,10,Low,57.0,12,20,12.0
p8540,1000.0,2,High,24.0,3,4,4.0
p8541,1000.0,1,High,190.0,1,3,1.0
p8542,785.0,1,Low,59.0,1,1,1.0
p8543,998.1666666666666,12,High,82.0,5,9,5.0
p8546,996.7,10,High,26.5,18,13,25.0
p8548,938.125,8,High,22.0,3,2,5.0
p8549,787.3333333333334,6,Low,174.0,3,7,3.0
p855,717.5,2,Low,19.5,2,2,2.0
p8550,745.3333333333334,3,Low,42.0,3,4,4.0
p8551,556.0,1,Low,1.0,3,1,4.0
p8552,983.0813953488372,86,High,152.0,17,38,22.0
p8555,828.0,7,Low,143.0,3,10,4.0
p8556,665.4285714285714,7,Low,112.5,6,13,6.0
p8557,817.8,5,Low,82.0,2,5,2.0
p8559,591.8695652173913,23,Low,62.0,27,24,28.0
p856,725.3333333333334,3,Low,48.0,3,4,3.0
p8561,885.0,2,High,70.0,1,4,1.0
p8563,613.9090909090909,33,Low,46.0,37,61,40.0
p8567,733.5384615384615,13,Low,55.0,7,6,7.0
p8568,813.2307692307693,13,Low,157.5,6,22,10.0
p8569,999.5238095238095,21,High,140.0,4,16,4.0
p8570,806.28,50,Low,57.0,44,39,44.0
p8571,660.0833333333334,12,Low,93.0,7,11,8.0
p8572,988.3333333333334,3,High,115.5,2,3,2.0
p8573,236.0,1,Low,39.5,2,1,2.0
p8574,910.7647058823529,17,High,51.0,13,23,13.0
p8575,855.4,5,Low,13.5,6,4,6.0
p8576,998.7037037037037,27,High,93.0,16,32,17.0
p8577,896.1333333333333,15,High,78.0,8,22,8.0
p8578,923.0,1,High,32.0,1,1,1.0
p8579,767.5172413793103,29,Low,88.0,22,40,24.0
p8580,822.9,10,Low,150.0,3,9,3.0
p8581,658.7272727272727,11,Low,70.0,12,10,14.0
p8582,929.3076923076923,13,High,103.5,6,11,6.0
p8583,802.2,15,Low,80.5,10,13,11.0
p8584,973.6,10,High,56.0,12,15,12.0
p8585,850.25,12,Low,1.0,1,21,
p8586,706.7142857142857,7,Low,26.0,16,56,16.0
p8587,406.3333333333333,3,Low,60.0,1,2,1.0
p8588,731.0,1,Low,76.0,1,3,2.0
p8589,991.0,2,High,48.0,2,4,2.0
p859,1000.0,10,High,63.0,7,13,7.0
p8590,1000.0,23,High,256.5,2,14,5.0
p8591,967.75,4,High,103.0,1,3,1.0
p8594,960.525,40,High,181.0,15,30,15.0
p8595,867.0,2,High,90.0,3,6,3.0
p8596,853.421052631579,19,Low,58.0,21,9,22.0
p8597,910.1923076923077,52,High,116.0,19,54,28.0
p8598,878.4285714285714,35,High,241.0,3,38,6.0
p8599,794.7272727272727,11,Low,21.0,28,13,31.0
p860,894.7272727272727,11,High,221.0,1,9,2.0
p8600,852.9791666666666,48,Low,63.5,22,40,25.0
p8602,718.0,2,Low,13.5,2,1,2.0
p8603,693.8571428571429,7,Low,41.0,5,4,5.0
p8605,744.2962962962963,54,Low,96.0,28,62,35.0
p8606,703.0,4,Low,322.0,1,6,1.0
p8607,965.2142857142857,14,High,151.5,4,19,4.0
p8609,823.0394736842105,76,Low,59.5,26,45,32.0
p861,998.6666666666666,6,High,234.0,3,10,4.0
p8610,984.6666666666666,9,High,104.0,6,19,6.0
p8611,981.0833333333334,12,High,103.0,5,15,7.0
p8612,914.2033898305085,59,High,72.0,25,41,28.0
p8613,876.8571428571429,7,High,74.5,6,8,9.0
p8614,845.0,5,Low,287.0,1,10,2.0
p8615,905.0,3,High,23.0,4,4,6.0
p8616,945.7702702702703,74,High,116.0,15,52,26.0
p8617,895.3333333333334,9,High,93.0,5,241,5.0
p8618,767.3170731707318,41,Low,54.5,34,38,38.0
p8619,824.6666666666666,3,Low,48.0,3,3,4.0
p862,997.1111111111111,9,High,110.0,7,16,7.0
p8622,981.5,4,High,86.5,2,4,2.0
p8623,762.0,1,Low,36.0,2,3,3.0
p8625,813.5925925925926,27,Low,42.0,25,39,34.0
p8626,573.6571428571428,35,Low,50.0,15,66,28.0
p8628,1000.0,2,High,50.0,1,4,2.0
p863,817.0,6,Low,254.5,2,4,2.0
p8634,908.5,4,High,28.5,6,3,6.0
p8635,739.5625,16,Low,33.0,16,14,
p8639,996.8620689655172,29,High,45.0,21,22,27.0
p864,976.0243902439024,41,High,185.0,12,38,13.0
p8642,824.5,2,Low,134.0,1,4,1.0
p8643,939.625,24,High,119.5,6,38,7.0
p8644,642.8,5,Low,144.0,1,3,1.0
p8645,990.0,1,High,21.0,4,2,5.0
p8646,743.3333333333334,18,Low,78.0,5,11,8.0
p8647,727.9375,16,Low,84.0,11,9,11.0
p8648,992.5,2,High,89.0,1,2,1.0
p8649,933.8333333333334,24,High,51.0,15,14,16.0
p8650,775.4473684210526,38,Low,128.0,14,47,16.0
p8651,771.2,15,Low,91.0,9,24,9.0
p8652,747.6666666666666,6,Low,23.0,4,7,4.0
p8653,687.6666666666666,21,Low,70.0,7,10,7.0
p8654,833.3333333333334,3,Low,18.0,7,6,9.0
p8655,852.25,12,Low,61.0,12,25,12.0
p8657,783.5,2,Low,42.5,4,4,4.0
p8658,790.9230769230769,13,Low,279.0,5,22,5.0
p8659,999.7083333333334,24,High,65.0,24,38,24.0
p866,816.5,6,Low,84.0,3,3,4.0
p8661,923.2222222222222,9,High,22.0,3,7,7.0
p8662,957.2,5,High,52.0,9,10,9.0
p8663,924.9285714285714,56,High,59.5,30,38,31.0
p8665,978.5,12,High,57.0,10,18,11.0
p8667,998.75,8,High,90.0,1,10,2.0
p8668,638.175,40,Low,60.5,14,49,21.0
p8669,881.3975903614457,83,High,165.5,18,39,19.0
p8670,999.0,2,High,26.5,2,1,
p8671,755.52,25,Low,106.0,9,17,16.0
p8672,758.5,2,Low,32.5,2,3,2.0
p8673,918.2,10,High,39.0,7,9,7.0
p8674,879.2857142857143,14,High,50.0,8,11,8.0
p8675,832.625,40,Low,137.0,8,27,11.0
p8676,831.6666666666666,3,Low,162.5,2,6,2.0
p8677,996.2692307692307,78,High,53.5,62,103,62.0
p8678,907.974358974359,39,High,131.0,9,31,13.0
p8679,772.1,10,Low,62.5,10,14,15.0
p8680,965.0,3,High,85.0,3,5,3.0
p8683,615.0,4,Low,65.0,3,6,3.0
p8685,883.3913043478261,23,High,62.0,16,40,18.0
p8687,634.0,5,Low,36.0,3,5,4.0
p8688,836.0,1,Low,51.0,1,3,1.0
p8689,993.655737704918,61,High,84.0,41,39,47.0
p8690,568.3333333333334,6,Low,59.0,5,9,5.0
p8691,1000.0,3,High,203.0,1,30,2.0
p8693,948.6666666666666,15,High,112.0,5,20,5.0
p8694,552.9615384615385,26,Low,99.0,7,25,11.0
p8695,991.0,10,High,75.0,4,12,5.0
p8696,653.6060606060606,33,Low,292.0,7,46,9.0
p8697,827.7142857142857,21,Low,147.5,8,23,8.0
p8698,803.75,28,Low,100.5,18,38,21.0
p8699,880.0,1,High,60.0,1,3,1.0
p87,920.0833333333334,48,High,45.0,40,45,44.0
p8701,809.4,10,Low,34.0,37,110,39.0
p8702,892.0,3,High,80.0,2,4,2.0
p8703,665.0,1,Low,10.0,1,1,1.0
p8704,862.8571428571429,7,High,41.5,8,9,9.0
p8706,907.8571428571429,7,High,72.0,8,16,8.0
p8707,992.6666666666666,3,High,98.5,2,3,2.0
p8708,739.0,1,Low,17.0,1,1,1.0
p8709,998.375,8,High,75.0,10,8,10.0
p8712,626.6666666666666,3,Low,44.0,3,3,4.0
p8713,698.4047619047619,42,Low,51.0,22,32,23.0
p8714,841.4,5,Low,60.5,2,4,4.0
p8715,882.9285714285714,84,High,34.0,102,85,108.0
p8716,827.0,3,Low,42.0,1,1,1.0
p8717,905.0,4,High,46.0,3,3,3.0
p8718,862.1282051282051,39,High,81.5,34,40,35.0
p8720,763.3333333333334,9,Low,120.0,5,16,5.0
p8723,1000.0,4,High,347.0,1,4,1.0
p8724,742.1428571428571,7,Low,49.0,10,10,11.0
p8725,980.0625,16,High,46.0,18,8,20.0
p8726,492.0,1,Low,31.0,1,1,1.0
p8727,770.2962962962963,27,Low,33.0,22,25,22.0
p8728,872.9090909090909,11,High,120.5,6,23,6.0
p8729,964.5625,16,High,72.5,10,7,10.0
p8730,854.6428571428571,14,Low,43.5,12,12,13.0
p8731,998.1666666666666,12,High,95.0,7,13,7.0
p8733,813.0,1,Low,106.0,2,4,5.0
p8738,609.5,6,Low,30.0,23,11,24.0
p8739,865.047619047619,21,High,166.0,9,28,11.0
p8740,724.6666666666666,21,Low,36.0,20,15,22.0
p8741,589.3617021276596,47,Low,88.5,16,26,17.0
p8742,734.1875,16,Low,52.0,17,19,17.0
p8744,1000.0,1,High,14.0,1,1,1.0
p8748,816.75,4,Low,27.5,8,5,8.0
p875,1000.0,1,High,98.0,1,5,1.0
p8750,930.0,3,High,114.0,1,4,2.0
p8752,1000.0,55,High,25.0,75,28,79.0
p8756,752.625,8,Low,54.5,4,1,5.0
p8757,730.2857142857143,21,Low,44.0,16,10,16.0
p8758,913.4545454545455,22,High,20.0,157,45,172.0
p8759,822.0,1,Low,41.0,1,1,1.0
p876,604.6666666666666,3,Low,42.0,5,4,5.0
p8760,995.9090909090909,11,High,66.5,30,125,31.0
p8761,762.5,2,Low,73.0,2,4,4.0
p8762,735.0,10,Low,58.0,7,7,9.0
p8763,786.0,1,Low,43.0,1,1,1.0
p8764,992.3333333333334,6,High,73.0,3,4,3.0
p8765,782.8181818181819,11,Low,254.0,3,10,3.0
p8766,939.5,2,High,72.0,1,3,1.0
p8767,1000.0,1,High,44.0,7,3,9.0
p8768,802.0,2,Low,42.0,2,4,2.0
p877,956.7272727272727,11,High,151.0,5,14,5.0
p8770,821.0,5,Low,93.0,5,7,6.0
p8771,786.25,8,Low,56.0,11,13,12.0
p8772,591.969696969697,33,Low,72.5,16,38,17.0
p8773,696.0,3,Low,54.0,3,7,7.0
p8774,847.3076923076923,26,Low,344.5,2,22,2.0
p8775,878.3333333333334,3,High,58.0,3,6,3.0
p8776,988.4166666666666,12,High,63.0,5,6,5.0
p8777,995.4,5,High,59.0,6,2,6.0
p8780,706.4,5,Low,44.0,2,5,2.0
p8781,985.0,2,High,202.0,1,4,1.0
p8782,947.8333333333334,6,High,81.0,5,9,5.0
p8783,982.2,10,High,36.5,14,28,16.0
p8784,868.6153846153846,26,High,60.0,18,21,19.0
p8785,962.8823529411765,17,High,71.5,14,23,14.0
p8788,518.125,16,Low,97.0,5,9,5.0
p879,829.5,2,Low,77.0,1,3,1.0
p8790,643.2142857142857,14,Low,56.0,5,9,5.0
p8791,774.2,20,Low,121.0,7,14,7.0
p8792,541.4,5,Low,55.0,4,5,4.0
p8794,789.0,1,Low,12.0,1,1,1.0
p8795,798.8571428571429,49,Low,36.5,52,37,55.0
p8796,809.7586206896551,29,Low,97.0,7,25,9.0
p8797,641.0,1,Low,31.0,1,2,3.0
p8798,800.5333333333333,15,Low,93.0,13,21,13.0
p8799,961.8,5,High,69.0,4,5,4.0
p88,639.0,1,Low,31.0,2,3,3.0
p880,1000.0,3,High,145.0,2,6,2.0
p8800,650.1176470588235,17,Low,174.0,5,22,5.0
p8801,899.5,2,High,39.0,4,3,4.0
p8803,656.8,5,Low,60.0,5,2,7.0
p8804,841.9230769230769,13,Low,83.0,8,22,11.0
p8807,153.0,2,Low,71.0,1,1,1.0
p8808,918.0434782608696,23,High,55.0,27,38,28.0
p8809,694.3333333333334,6,Low,27.5,8,6,9.0
p881,996.8426966292135,89,High,51.0,52,39,54.0
p8811,801.5714285714286,14,Low,28.0,15,46,17.0
p8813,791.75,8,Low,47.0,19,14,21.0
p8814,746.0833333333334,12,Low,25.0,23,11,25.0
p8815,849.560606060606,66,Low,85.0,45,40,46.0
p8816,897.952380952381,21,High,29.0,31,24,37.0
p8817,955.5566037735849,106,High,95.5,42,37,43.0
p8818,754.9565217391304,23,Low,159.0,5,11,5.0
p8819,1000.0,1,High,55.0,2,3,2.0
p8820,1000.0,1,High,72.5,2,1,2.0
p8821,771.2105263157895,19,Low,92.0,8,12,10.0
p8823,709.5,6,Low,35.0,7,4,7.0
p8824,592.8888888888889,9,Low,22.0,37,30,39.0
p8825,898.875,8,High,75.5,4,7,4.0
p8827,883.875,8,High,52.0,9,12,9.0
p8828,621.8333333333334,18,Low,42.0,27,16,29.0
p8829,921.35,20,High,87.0,14,37,17.0
p883,934.5555555555555,9,High,53.5,6,5,6.0
p8830,666.8571428571429,7,Low,44.0,9,8,10.0
p8831,834.5714285714286,14,Low,53.0,11,19,11.0
p8832,865.3333333333334,3,High,53.0,3,4,3.0
p8833,999.9583333333334,48,High,118.0,25,41,26.0
p8835,660.3947368421053,38,Low,39.0,60,43,61.0
p8836,999.5,6,High,25.0,5,4,5.0
p8837,626.6875,32,Low,100.0,16,21,18.0
p8838,1000.0,1,High,40.0,1,3,1.0
p8839,1000.0,2,High,33.0,3,3,3.0
p884,749.0,1,Low,70.0,1,3,1.0
p8840,855.9090909090909,11,Low,144.0,5,8,6.0
p8841,953.0,2,High,19.0,1,3,2.0
p8842,946.7428571428571,35,High,106.0,25,32,32.0
p8843,404.0,1,Low,71.0,1,1,1.0
p8844,597.4,5,Low,42.0,4,4,4.0
p8845,852.1290322580645,31,Low,105.0,10,37,12.0
p8846,999.0,2,High,182.0,1,3,2.0
p8847,956.7333333333333,15,High,49.0,12,14,13.0
p8848,816.4285714285714,14,Low,52.0,21,30,22.0
p8849,729.5,2,Low,69.0,4,5,4.0
p885,779.3809523809524,21,Low,79.5,14,36,16.0
p8851,778.828947368421,76,Low,37.0,100,84,106.0
p8852,980.925,40,High,108.0,19,38,21.0
p8854,999.7058823529412,51,High,154.0,10,29,10.0
p8855,975.7142857142857,7,High,71.0,4,4,6.0
p8858,484.6666666666667,3,Low,39.0,3,3,3.0
p8859,898.1111111111111,18,High,109.5,16,25,16.0
p886,765.5,10,Low,104.5,2,6,2.0
p8860,873.8888888888889,9,High,183.0,4,17,6.0
p8861,818.4615384615385,39,Low,53.5,30,27,33.0
p8863,720.0,1,Low,83.0,1,2,1.0
p8864,1000.0,1,High,62.0,1,2,1.0
p8866,766.2727272727273,11,Low,86.0,9,18,13.0
p8868,982.9545454545455,22,High,54.0,11,17,12.0
p8869,998.3,10,High,76.5,6,9,6.0
p8870,752.125,72,Low,84.0,33,41,36.0
p8871,978.4186046511628,43,High,124.5,18,64,19.0
p8872,967.0833333333334,12,High,113.0,5,9,5.0
p8876,998.7619047619048,21,High,80.0,6,19,6.0
p8877,996.3333333333334,18,High,120.0,10,20,11.0
p8878,906.5,2,High,58.5,2,3,2.0
p8879,781.25,4,Low,59.0,9,8,10.0
p888,598.25,4,Low,14.0,4,4,5.0
p8881,683.6666666666666,9,Low,208.0,4,8,4.0
p8882,952.5,4,High,39.0,2,2,4.0
p8883,996.2857142857143,7,High,47.0,3,11,4.0
p8885,936.9,10,High,30.0,17,16,17.0
p8886,775.8947368421053,57,Low,28.0,83,49,85.0
p8888,911.2264150943396,53,High,152.5,14,31,16.0
p8889,635.0,12,Low,34.0,17,23,17.0
p889,749.4,10,Low,60.0,9,13,11.0
p8891,873.0,2,High,4.0,3,3,4.0
p8893,879.5,16,High,86.0,7,19,8.0
p8894,747.84375,32,Low,55.0,15,9,22.0
p8896,810.2380952380952,21,Low,110.0,2,21,5.0
p8897,998.0,3,High,66.0,1,2,1.0
p89,659.025641025641,39,Low,220.0,10,39,13.0
p890,956.0769230769231,13,High,63.0,12,20,12.0
p8902,743.6666666666666,15,Low,37.0,13,9,13.0
p8903,791.0,2,Low,71.0,1,2,1.0
p8904,873.3846153846154,26,High,72.0,23,29,26.0
p8905,1000.0,8,High,48.0,7,13,8.0
p8906,728.2,5,Low,120.0,5,14,5.0
p8907,590.2142857142857,14,Low,93.0,10,24,13.0
p8908,1000.0,3,High,48.0,5,6,5.0
p8910,828.4375,16,Low,112.0,11,28,11.0
p8911,842.2,20,Low,95.0,9,24,13.0
p8912,999.45,20,High,66.0,9,14,10.0
p8913,938.1428571428571,7,High,82.0,14,30,18.0
p8914,955.875,8,High,28.0,14,67,15.0
p892,999.578947368421,19,High,31.0,9,17,12.0
p8920,827.2702702702703,74,Low,86.0,25,46,28.0
p8922,836.75,4,Low,94.0,2,2,2.0
p8923,856.1111111111111,9,Low,18.0,15,127,15.0
p8924,832.5,6,Low,39.5,14,12,15.0
p8925,921.7,20,High,172.0,5,25,11.0
p8927,871.6153846153846,13,High,49.0,16,13,18.0
p8928,803.0,1,Low,15.0,1,2,2.0
p8929,847.8333333333334,60,Low,62.5,32,57,40.0
p893,791.5,6,Low,75.5,4,4,4.0
p8931,855.6,10,Low,179.5,4,13,4.0
p8932,983.5714285714286,63,High,66.0,21,80,23.0
p8934,986.825,40,High,65.0,45,48,46.0
p8935,583.5,22,Low,105.0,6,18,7.0
p8936,865.7872340425532,47,High,103.5,42,37,44.0
p8938,737.3,10,Low,175.5,4,13,5.0
p8939,959.4444444444445,27,High,54.0,24,23,26.0
p894,703.625,8,Low,53.0,6,6,6.0
p8940,946.8297872340426,47,High,56.0,33,15,36.0
p8941,971.45,20,High,84.5,12,26,13.0
p8942,835.4558823529412,68,Low,77.5,36,60,42.0
p8944,998.75,4,High,66.0,1,2,1.0
p8945,817.875,8,Low,89.0,6,12,6.0
p8946,673.0,1,Low,77.0,1,1,1.0
p8947,1000.0,1,High,58.5,2,3,3.0
p8948,650.4761904761905,21,Low,51.5,18,21,19.0
p8949,663.7,10,Low,156.5,6,16,7.0
p895,994.3571428571429,28,High,123.0,7,108,9.0
p8950,814.060606060606,33,Low,104.5,24,39,25.0
p8951,790.0,5,Low,14.0,18,11,28.0
p8952,787.6666666666666,24,Low,68.0,22,49,23.0
p8953,669.1304347826087,46,Low,33.0,41,26,43.0
p8954,968.125,8,High,55.0,10,11,10.0
p8955,898.8333333333334,6,High,35.5,4,3,4.0
p8956,871.25,40,High,28.5,86,29,96.0
p8957,918.0588235294117,17,High,88.5,8,22,11.0
p8958,725.4444444444445,9,Low,21.5,32,13,32.0
p8959,830.2,5,Low,68.0,3,4,3.0
p896,974.0,1,High,105.0,21,34,23.0
p8960,997.325,40,High,36.0,53,36,55.0
p8961,758.1428571428571,14,Low,65.0,23,27,23.0
p8962,890.1666666666666,18,High,131.0,6,15,6.0
p8963,980.3428571428572,105,High,61.5,56,46,56.0
p8964,917.2,5,High,50.0,3,4,4.0
p8965,709.0,1,Low,16.0,3,2,3.0
p8966,736.2307692307693,26,Low,34.5,26,23,26.0
p8968,783.2857142857143,14,Low,78.5,8,14,9.0
p897,805.2352941176471,17,Low,19.5,34,11,39.0
p8970,689.8387096774194,31,Low,64.5,26,37,26.0
p8971,545.7894736842105,19,Low,42.0,19,20,19.0
p8972,843.5,6,Low,137.0,5,22,6.0
p8973,805.6666666666666,9,Low,34.0,16,18,16.0
p8975,837.25,4,Low,17.0,6,4,6.0
p8976,999.5294117647059,17,High,40.5,18,17,18.0
p8977,622.6875,16,Low,97.0,33,43,35.0
p8978,927.4,80,High,106.0,28,42,28.0
p898,852.3333333333334,3,Low,16.0,5,3,5.0
p8980,786.2857142857143,14,Low,51.0,11,9,11.0
p8981,827.25,4,Low,11.0,4,91,12.0
p8982,645.8529411764706,34,Low,42.0,42,39,46.0
p8984,928.5,2,High,51.0,4,6,5.0
p8985,812.15,20,Low,91.5,6,18,10.0
p8986,732.2941176470588,17,Low,36.0,14,23,15.0
p8987,1000.0,3,High,49.5,2,2,3.0
p8988,609.2727272727273,11,Low,61.0,10,15,11.0
p8989,936.3333333333334,15,High,230.0,7,11,8.0
p8990,854.6829268292682,41,Low,241.0,11,42,18.0
p8991,788.3333333333334,3,Low,38.5,4,4,4.0
p8993,882.0,5,High,50.0,9,9,10.0
p8998,922.8,5,High,14.0,7,14,9.0
p9,771.8,50,Low,55.0,41,20,44.0
p900,854.5,8,Low,94.0,3,4,3.0
p9000,821.1355932203389,59,Low,108.0,26,43,28.0
p9001,833.4,40,Low,85.0,27,42,27.0
p9004,993.2,5,High,44.5,6,8,8.0
p9005,650.578947368421,19,Low,153.0,5,17,19.0
p9006,752.8666666666667,30,Low,139.0,9,28,12.0
p9008,780.4,5,Low,23.0,7,6,7.0
p9009,763.8,5,Low,75.5,2,2,3.0
p901,733.4545454545455,11,Low,36.0,12,17,13.0
p9010,733.0,8,Low,63.0,5,7,5.0
p9011,991.0,1,High,63.0,1,3,1.0
p9012,703.3,10,Low,108.0,8,12,11.0
p9013,941.0666666666667,15,High,263.5,4,7,4.0
p9014,885.3947368421053,38,High,71.0,13,22,13.0
p9015,860.4705882352941,17,High,47.0,14,11,14.0
p9016,876.0,1,High,44.5,2,1,2.0
p9017,786.0,1,Low,56.0,1,1,1.0
p9019,996.0,2,High,40.0,2,3,2.0
p902,852.4615384615385,13,Low,73.0,9,20,9.0
p9022,56.77777777777778,9,Low,118.0,7,7,8.0
p9023,998.4,10,High,111.0,6,24,6.0
p9024,999.0,11,High,27.0,9,7,10.0
p9025,727.7142857142857,7,Low,37.0,6,6,7.0
p9026,1000.0,1,High,83.0,1,3,1.0
p9027,531.3333333333334,9,Low,69.0,17,35,19.0
p9028,1000.0,3,High,298.0,1,2,1.0
p9029,752.6666666666666,3,Low,16.0,7,6,9.0
p903,552.0,22,Low,42.0,13,18,14.0
p9030,994.7272727272727,11,High,72.0,7,9,11.0
p9031,674.3235294117648,34,Low,112.0,13,32,14.0
p9035,1000.0,2,High,59.0,3,11,3.0
p9036,615.6129032258065,31,Low,75.0,27,39,31.0
p9038,1000.0,1,High,22.5,2,1,2.0
p9039,878.1666666666666,6,High,67.5,2,4,3.0
p904,738.0,1,Low,46.0,1,2,1.0
p9043,936.0,1,High,48.0,1,3,1.0
p9045,405.6666666666667,3,Low,136.0,1,4,1.0
p9046,944.5217391304348,23,High,61.0,7,19,8.0
p9049,928.0,1,High,33.0,1,1,2.0
p905,824.1428571428571,21,Low,73.5,16,23,16.0
p9050,954.7333333333333,15,High,114.5,6,26,6.0
p9051,1000.0,1,High,44.0,1,38,2.0
p9053,794.5555555555555,18,Low,65.0,7,13,11.0
p9054,762.2727272727273,11,Low,134.0,6,17,6.0
p9056,486.5,2,Low,144.0,1,4,2.0
p9058,907.9090909090909,11,High,254.0,3,20,3.0
p9059,690.1428571428571,7,Low,63.0,8,10,8.0
p906,880.0,1,High,31.0,3,4,4.0
p9060,783.7241379310345,29,Low,38.0,39,31,39.0
p9061,914.7878787878788,33,High,213.0,13,28,13.0
p9064,902.6428571428571,14,High,38.0,11,12,12.0
p9066,896.3333333333334,6,High,198.0,1,4,1.0
p9067,923.0,2,High,41.0,3,1,3.0
p9068,825.375,24,Low,139.5,6,14,7.0
p9069,767.0,1,Low,22.0,3,34,3.0
p907,999.0,4,High,46.0,5,6,7.0
p9070,1000.0,1,High,48.0,3,6,3.0
p9072,735.2692307692307,26,Low,50.0,11,22,31.0
p9073,704.6590909090909,44,Low,86.0,19,39,22.0
p9074,996.5,8,High,51.0,7,11,9.0
p9076,912.0,2,High,106.0,4,7,4.0
p9077,722.25,4,Low,65.0,3,7,4.0
p9079,855.4444444444445,9,Low,172.0,2,60,2.0
p908,697.0,1,Low,74.5,2,6,2.0
p9080,866.0,3,High,39.0,3,5,3.0
p9081,591.7272727272727,11,Low,81.0,7,13,7.0
p9082,1000.0,1,High,17.0,2,3,4.0
p9083,893.6363636363636,11,High,83.0,5,15,6.0
p9084,778.5882352941177,17,Low,81.0,8,9,8.0
p9085,766.375,8,Low,180.0,4,10,4.0
p9086,780.7333333333333,15,Low,77.0,8,16,8.0
p9087,828.2307692307693,13,Low,197.0,3,22,3.0
p9088,713.047619047619,21,Low,418.5,2,18,3.0
p909,976.0714285714286,14,High,177.0,4,15,4.0
p9090,1000.0,2,High,84.0,1,3,1.0
p9092,616.75,4,Low,95.0,1,2,1.0
p9095,881.7142857142857,14,High,54.5,8,11,9.0
p9096,962.775,40,High,76.5,24,31,25.0
p9099,964.9230769230769,13,High,117.0,9,11,9.0
p91,856.5909090909091,22,Low,68.0,13,22,16.0
p9100,775.0,1,Low,74.0,1,2,2.0
p9101,627.2542372881356,59,Low,181.5,20,37,20.0
p9102,888.75,8,High,88.5,8,22,9.0
p9103,799.4444444444445,36,Low,308.5,6,21,8.0
p9104,605.5,2,Low,45.0,7,6,
p9105,974.0,1,High,31.0,1,1,2.0
p9107,997.3333333333334,3,High,22.5,2,2,2.0
p9108,756.047619047619,21,Low,92.0,17,38,18.0
p911,967.7857142857143,14,High,266.0,4,16,4.0
p9110,655.5,2,Low,19.0,5,3,5.0
p9111,687.5,10,Low,48.5,8,23,15.0
p9112,769.5,2,Low,79.0,1,4,1.0
p9115,662.025641025641,39,Low,56.5,28,67,29.0
p9116,741.8,15,Low,81.0,8,22,8.0
p9119,867.8,5,High,56.0,8,19,10.0
p912,919.4166666666666,24,High,93.0,13,42,14.0
p9121,730.6,5,Low,176.5,4,9,4.0
p9122,907.0819672131148,61,High,74.0,58,44,62.0
p9123,885.6666666666666,12,High,87.0,7,10,7.0
p9124,818.3846153846154,26,Low,91.0,18,29,20.0
p9125,999.8260869565217,23,High,31.0,67,39,100.0
p9126,996.0,3,High,26.0,7,4,7.0
p913,1000.0,6,High,136.0,1,4,1.0
p9130,988.3333333333334,3,High,125.0,1,4,1.0
p9131,999.1666666666666,6,High,33.0,13,5,14.0
p9132,801.2857142857143,21,Low,118.0,7,17,12.0
p9136,673.875,16,Low,85.0,13,23,14.0
p9138,793.0,14,Low,53.5,16,23,16.0
p9139,852.2142857142857,14,Low,108.0,7,13,8.0
p914,973.9513888888889,144,High,41.0,44,65,54.0
p9140,842.7894736842105,19,Low,90.0,7,13,7.0
p9143,951.75,4,High,41.5,6,7,7.0
p9145,772.9411764705883,17,Low,91.0,11,24,12.0
p9146,690.0,4,Low,64.5,2,6,3.0
p9147,821.24,25,Low,225.5,4,24,4.0
p9148,640.5,8,Low,53.0,10,8,10.0
p9150,892.3846153846154,13,High,93.0,8,15,9.0
p9152,672.0,3,Low,60.0,1,3,1.0
p9154,662.05,20,Low,71.0,13,14,14.0
p9155,1000.0,7,High,184.0,3,6,3.0
p9156,999.0588235294117,34,High,190.0,13,32,
p9157,999.5,8,High,91.5,10,17,11.0
p9159,658.2068965517242,29,Low,111.5,18,31,18.0
p916,965.9090909090909,11,High,69.0,8,5,10.0
p9161,842.6666666666666,21,Low,95.0,9,23,9.0
p9162,961.7692307692307,13,High,57.0,7,10,8.0
p9163,998.4705882352941,17,High,149.0,7,21,8.0
p9164,996.0,1,High,61.0,1,2,1.0
p9165,867.8888888888889,9,High,75.0,7,18,7.0
p9166,1000.0,1,High,47.5,2,0,6.0
p9167,601.2857142857143,14,Low,265.5,2,7,2.0
p9169,815.5416666666666,24,Low,80.5,14,24,14.0
p917,813.0,1,Low,81.0,1,2,1.0
p9171,823.9411764705883,17,Low,336.0,5,38,6.0
p9172,884.0,4,High,37.0,6,6,7.0
p9173,1000.0,3,High,28.0,3,4,5.0
p9175,799.4,5,Low,82.5,6,11,6.0
p9176,1000.0,1,High,27.0,1,1,2.0
p9177,805.4464285714286,56,Low,129.0,16,38,30.0
p9178,933.5,4,High,64.0,4,5,4.0
p9179,727.5,2,Low,44.0,2,2,2.0
p918,876.5,28,High,44.5,24,25,27.0
p9180,866.0,3,High,65.5,4,3,4.0
p9181,857.7142857142857,7,High,226.0,1,5,1.0
p9182,999.2352941176471,34,High,81.0,21,33,23.0
p9183,1000.0,1,High,20.0,5,41,7.0
p9184,831.3947368421053,38,Low,80.0,27,38,31.0
p9185,829.6,15,Low,60.5,12,23,13.0
p9186,711.1428571428571,7,Low,169.0,5,17,5.0
p9189,989.4,15,High,131.5,6,15,6.0
p9190,718.5,2,Low,67.0,2,2,2.0
p9191,838.75,12,Low,87.5,6,12,11.0
p9192,762.375,16,Low,51.0,9,22,9.0
p9193,921.5,2,High,130.0,1,4,1.0
p9194,996.2608695652174,23,High,45.5,14,26,17.0
p9195,821.1111111111111,54,Low,85.0,19,90,22.0
p9196,744.6,5,Low,51.5,4,5,4.0
p9197,863.8888888888889,9,High,107.0,2,14,3.0
p9198,906.2222222222222,9,High,19.0,10,11,12.0
p92,646.2,5,Low,168.0,1,5,1.0
p920,947.5333333333333,15,High,194.0,1,7,2.0
p9201,785.2692307692307,26,Low,214.0,4,26,6.0
p9204,991.7777777777778,9,High,24.0,15,8,15.0
p9205,673.4117647058823,34,Low,47.0,25,31,28.0
p9208,969.1052631578947,19,High,108.0,3,11,3.0
p9209,985.2558139534884,43,High,145.0,24,21,24.0
p921,833.3333333333334,3,Low,32.0,2,3,2.0
p9210,988.5,2,High,28.0,9,7,9.0
p9211,622.695652173913,46,Low,90.0,23,38,29.0
p9212,822.6538461538462,52,Low,66.0,22,30,22.0
p9213,1000.0,2,High,17.0,8,4,9.0
p9215,804.4623655913979,93,Low,222.0,16,79,22.0
p9217,749.0,1,Low,39.0,1,1,1.0
p9218,885.3333333333334,3,High,125.0,1,4,1.0
p9219,598.75,4,Low,58.5,6,7,6.0
p922,1000.0,119,High,37.0,93,44,98.0
p9220,987.1,10,High,74.0,7,19,7.0
p9221,1000.0,1,High,20.0,6,4,7.0
p9222,968.3,20,High,238.5,4,11,4.0
p9223,866.0,2,High,68.0,1,3,1.0
p9224,853.7142857142857,7,Low,238.0,3,18,3.0
p9225,1000.0,24,High,66.5,10,22,11.0
p9226,890.375,32,High,23.0,49,41,50.0
p9227,811.5,4,Low,103.0,1,4,1.0
p9228,503.0,1,Low,28.0,1,1,1.0
p9229,1000.0,14,High,55.0,13,18,14.0
p923,962.6428571428571,14,High,75.0,11,11,13.0
p9232,952.0,3,High,77.0,2,4,3.0
p9233,693.3333333333334,24,Low,53.0,11,23,12.0
p9234,960.2962962962963,54,High,75.5,10,48,12.0
p9236,984.6153846153846,26,High,51.5,20,16,20.0
p9237,841.7407407407408,27,Low,87.0,12,20,16.0
p9239,898.6666666666666,9,High,21.0,23,10,23.0
p924,966.2065217391304,184,High,59.5,160,56,179.0
p9240,654.2727272727273,22,Low,87.0,1,18,3.0
p9243,786.5,4,Low,62.0,3,4,3.0
p9244,760.0,7,Low,90.0,8,11,10.0
p9245,904.1428571428571,7,High,66.0,4,4,4.0
p9246,998.25,4,High,158.0,1,4,2.0
p9247,905.4615384615385,13,High,65.0,13,31,25.0
p9250,1000.0,7,High,99.0,5,9,5.0
p9251,987.0,2,High,70.0,1,2,1.0
p9253,737.8888888888889,9,Low,40.0,14,17,14.0
p9255,865.2,10,High,124.0,5,14,7.0
p9257,987.7142857142857,7,High,64.0,3,9,3.0
p9259,791.6666666666666,3,Low,10.0,3,3,4.0
p926,981.3333333333334,3,High,73.0,2,4,2.0
p9260,940.5,2,High,43.5,2,3,3.0
p9261,704.8,5,Low,25.0,5,4,5.0
p9263,534.5,2,Low,33.0,3,1,3.0
p9265,943.2,10,High,21.0,28,11,29.0
p9266,692.5,8,Low,72.0,9,10,9.0
p9267,997.5555555555555,9,High,49.0,9,13,10.0
p9268,999.4,5,High,121.0,1,4,1.0
p9269,717.0,4,Low,60.5,4,4,5.0
p9272,762.5,16,Low,55.0,12,11,12.0
p9273,641.75,4,Low,122.0,1,4,1.0
p9275,1000.0,2,High,66.0,1,2,1.0
p9276,894.2631578947369,19,High,43.0,13,21,22.0
p9277,868.8780487804878,41,High,45.0,53,40,58.0
p9278,805.09375,32,Low,35.5,30,27,30.0
p928,999.16,25,High,129.0,15,24,17.0
p9280,999.4166666666666,24,High,81.0,11,19,11.0
p9281,1000.0,10,High,65.0,9,14,9.0
p9283,910.2692307692307,26,High,42.0,12,19,19.0
p9284,887.2142857142857,14,High,72.0,11,13,12.0
p9287,835.4426229508197,61,Low,50.5,48,36,49.0
p9288,354.45454545454544,11,Low,112.5,14,29,16.0
p9289,940.0,12,High,100.0,7,11,7.0
p9290,839.25,4,Low,143.5,2,6,2.0
p9291,958.1,10,High,113.0,6,21,6.0
p9292,975.3636363636364,11,High,119.5,6,8,8.0
p9294,999.0,3,High,35.5,2,3,2.0
p9295,928.6984126984127,63,High,166.0,11,26,12.0
p9296,604.3333333333334,3,Low,41.0,2,3,3.0
p93,939.5,2,High,26.5,2,2,2.0
p930,737.5,2,Low,44.5,2,4,2.0
p9300,1000.0,1,High,49.0,1,1,2.0
p9302,837.6274509803922,51,Low,95.0,27,53,28.0
p9303,763.25,8,Low,59.0,4,4,4.0
p9304,823.3,10,Low,54.5,10,15,10.0
p9305,844.75,4,Low,30.0,3,3,4.0
p9306,810.75,12,Low,164.0,12,19,12.0
p9307,751.531914893617,47,Low,30.0,52,33,52.0
p9308,982.0,1,High,54.0,1,3,1.0
p9309,928.5,28,High,57.5,32,38,34.0
p931,946.5,2,High,32.0,2,2,3.0
p9310,680.6875,16,Low,119.0,5,22,6.0
p9311,955.3333333333334,9,High,1.0,3,4,8.0
p9312,990.0625,16,High,44.0,21,24,21.0
p9313,883.6666666666666,3,High,91.0,1,42,1.0
p9314,933.5,4,High,50.0,1,3,1.0
p9316,661.2,10,Low,38.0,7,6,8.0
p9317,1000.0,1,High,43.0,1,2,1.0
p9319,875.5,2,High,75.0,1,4,2.0
p9321,562.0,2,Low,100.0,1,4,1.0
p9322,925.0833333333334,12,High,35.0,21,13,22.0
p9323,922.5,8,High,24.5,8,4,12.0
p9324,1000.0,1,High,39.5,4,3,4.0
p9325,646.8863636363636,44,Low,56.0,43,55,47.0
p9326,955.0,2,High,47.0,1,1,1.0
p9328,699.0,4,Low,35.0,5,4,5.0
p9329,837.3846153846154,13,Low,88.0,9,11,11.0
p933,975.0,12,High,44.0,5,19,6.0
p9330,1000.0,2,High,226.5,2,4,2.0
p9332,843.0,10,Low,52.0,8,13,10.0
p9333,687.4545454545455,11,Low,98.0,7,12,8.0
p9334,894.2222222222222,9,High,81.0,9,20,9.0
p9335,948.75,4,High,62.5,2,3,2.0
p9336,837.1071428571429,56,Low,77.0,54,41,57.0
p9338,775.8333333333334,18,Low,35.0,15,13,16.0
p9339,997.0,19,High,79.0,5,8,12.0
p934,773.0,1,Low,116.0,1,1,5.0
p9340,677.0,3,Low,35.0,5,5,5.0
p9341,749.25,8,Low,72.0,3,5,6.0
p9342,698.8,15,Low,21.0,30,16,32.0
p9344,923.0666666666667,15,High,131.0,9,25,
p9345,457.45454545454544,11,Low,58.5,4,7,4.0
p9346,967.4,70,High,53.0,39,40,44.0
p9347,864.25,8,High,55.0,12,20,12.0
p9349,702.0,1,Low,85.0,1,2,1.0
p935,999.3333333333334,6,High,83.0,3,6,3.0
p9350,970.0,2,High,85.0,1,3,1.0
p9352,885.4,15,High,42.0,15,8,19.0
p9353,948.4166666666666,12,High,70.5,6,10,7.0
p9356,1000.0,2,High,23.0,1,1,1.0
p9357,811.4285714285714,21,Low,87.0,7,20,8.0
p9358,995.5384615384615,26,High,109.0,11,24,13.0
p9359,862.0,4,High,64.0,3,6,4.0
p9360,947.5625,16,High,84.0,9,10,9.0
p9361,804.9666666666667,30,Low,22.0,45,37,49.0
p9362,746.0,1,Low,37.0,2,4,3.0
p9363,801.0714285714286,14,Low,53.0,15,15,16.0
p9365,719.0,1,Low,38.0,1,1,1.0
p9366,715.0,2,Low,82.0,1,2,1.0
p9367,977.5263157894736,19,High,78.0,12,282,13.0
p9369,613.6969696969697,33,Low,116.5,22,41,23.0
p937,803.8227848101266,79,Low,208.0,9,34,13.0
p9372,861.5625,16,High,175.0,2,6,4.0
p9374,815.1428571428571,14,Low,38.0,17,6,
p9375,1000.0,1,High,9.0,1,1,1.0
p9376,1000.0,2,High,180.0,1,1,1.0
p9377,628.2857142857143,7,Low,54.0,8,20,9.0
p9378,690.2857142857143,7,Low,249.0,1,7,1.0
p9379,969.4285714285714,7,High,56.0,8,19,9.0
p9381,993.0,3,High,116.0,3,1,3.0
p9383,689.0,3,Low,70.0,2,4,2.0
p9385,1000.0,1,High,74.0,1,2,1.0
p9386,968.0,2,High,69.0,1,0,1.0
p9389,869.8421052631579,19,High,59.0,9,20,12.0
p939,696.0,12,Low,21.0,16,18,19.0
p9391,622.5333333333333,60,Low,70.0,26,40,28.0
p9392,866.0,1,High,42.0,1,1,1.0
p9393,908.0,4,High,39.0,5,4,5.0
p9394,714.625,16,Low,144.0,10,35,11.0
p9395,821.2142857142857,14,Low,47.0,14,24,17.0
p9396,699.3333333333334,6,Low,65.0,10,12,16.0
p9398,998.9,10,High,127.0,5,9,5.0
p9399,800.3636363636364,11,Low,55.0,9,22,9.0
p94,997.0,5,High,47.0,11,15,13.0
p940,999.625,8,High,96.0,5,13,5.0
p9400,891.2539682539683,63,High,81.0,32,42,39.0
p9401,596.0,3,Low,48.5,2,3,3.0
p9402,752.5,2,Low,50.0,1,2,1.0
p9405,740.7222222222222,18,Low,50.0,10,25,13.0
p9406,858.1666666666666,6,High,63.0,3,4,4.0
p9407,698.9166666666666,12,Low,64.0,10,13,11.0
p9408,979.85,20,High,71.0,8,11,14.0
p9410,772.7560975609756,41,Low,133.0,15,47,16.0
p9412,1000.0,2,High,33.5,2,3,2.0
p9414,1000.0,3,High,69.0,3,6,3.0
p9415,951.3870967741935,31,High,188.0,11,38,20.0
p9416,966.4,10,High,68.0,9,10,10.0
p9417,1000.0,1,High,31.5,2,2,3.0
p9418,717.1,10,Low,108.0,7,20,8.0
p9419,894.3333333333334,6,High,80.5,8,11,9.0
p942,973.5,10,High,66.0,13,17,14.0
p9420,862.0,10,High,31.5,14,15,
p9422,928.375,56,High,59.5,18,44,21.0
p9423,945.6041666666666,48,High,58.0,21,23,24.0
p9424,928.4137931034483,29,High,55.0,15,47,20.0
p9425,677.1632653061224,49,Low,39.0,81,52,86.0
p9427,455.6666666666667,12,Low,96.0,7,25,7.0
p9429,673.8650793650794,126,Low,133.0,32,41,34.0
p9430,510.3636363636364,33,Low,90.0,17,38,23.0
p9431,887.6666666666666,3,High,35.0,1,1,1.0
p9432,643.75,4,Low,43.0,6,7,6.0
p9433,882.5714285714286,7,High,320.0,3,20,3.0
p9434,963.3333333333334,3,High,47.5,2,3,2.0
p9435,877.5,6,High,67.0,9,19,9.0
p9437,944.375,8,High,48.0,21,30,21.0
p9438,935.6296296296297,27,High,40.0,18,55,18.0
p944,592.3333333333334,3,Low,20.0,9,6,13.0
p9440,1000.0,22,High,227.0,3,19,5.0
p9441,1000.0,1,High,96.0,2,1,3.0
p9443,597.1428571428571,7,Low,105.0,7,20,8.0
p9444,736.3,20,Low,41.0,33,52,38.0
p9445,915.0,2,High,83.0,3,3,6.0
p9447,781.5,4,Low,74.0,3,1,3.0
p9448,669.8888888888889,9,Low,115.0,5,11,5.0
p9449,908.05,20,High,26.0,22,7,23.0
p9450,803.9333333333333,15,Low,56.0,10,6,12.0
p9451,539.5,2,Low,52.5,8,6,8.0
p9452,733.0,3,Low,10.0,1,3,2.0
p9453,833.6666666666666,6,Low,94.0,6,17,6.0
p9454,816.9090909090909,11,Low,16.0,13,6,17.0
p9456,939.5,16,High,122.5,6,11,7.0
p9458,881.2,5,High,29.0,6,6,7.0
p9459,879.4776119402985,67,High,78.0,20,34,39.0
p946,656.25,4,Low,45.0,3,5,4.0
p9460,870.0,1,High,19.0,1,1,1.0
p9461,985.0,5,High,86.5,2,4,2.0
p9462,707.0384615384615,26,Low,59.0,10,20,12.0
p9463,805.0,3,Low,61.0,2,3,2.0
p9465,936.3333333333334,3,High,86.0,3,4,4.0
p9466,844.8032786885246,61,Low,33.5,32,35,40.0
p9467,962.2471910112359,89,High,138.0,30,96,31.0
p9468,960.3333333333334,3,High,136.0,3,9,4.0
p9470,1000.0,1,High,82.0,3,2,3.0
p9471,994.2,35,High,30.0,53,33,55.0
p9472,796.5652173913044,23,Low,75.0,11,24,13.0
p9473,715.0,1,Low,62.0,1,1,1.0
p9475,747.0,2,Low,22.0,4,4,4.0
p9476,997.0,1,High,90.0,1,1,1.0
p9478,825.6,15,Low,51.5,12,14,14.0
p9479,930.6666666666666,3,High,37.5,2,3,2.0
p948,915.6666666666666,3,High,59.0,2,7,2.0
p9480,1000.0,1,High,50.5,4,6,4.0
p9481,561.0,1,Low,19.0,2,1,2.0
p9482,925.0,4,High,24.0,7,3,7.0
p9483,779.6666666666666,3,Low,68.0,4,5,4.0
p9484,854.6363636363636,11,Low,54.0,11,13,13.0
p9485,922.0,2,High,58.0,2,4,2.0
p9486,964.3061224489796,49,High,124.0,19,38,19.0
p9488,807.2,10,Low,255.0,1,17,2.0
p9489,888.5,2,High,55.0,3,4,3.0
p949,930.0,1,High,9.0,2,1,3.0
p9490,478.09090909090907,11,Low,160.0,4,18,4.0
p9492,825.2,10,Low,54.0,13,24,13.0
p9493,621.0,1,Low,51.0,1,3,1.0
p9495,695.0,1,Low,102.0,1,4,1.0
p9496,820.4202898550725,69,Low,102.0,11,50,20.0
p9497,745.5,2,Low,26.0,2,3,3.0
p9498,248.0,2,Low,43.0,1,2,1.0
p95,357.8333333333333,6,Low,59.0,10,21,11.0
p950,604.0,3,Low,40.0,5,2,6.0
p9500,853.695652173913,23,Low,70.5,10,16,12.0
p9502,897.5555555555555,9,High,72.0,7,12,7.0
p9505,985.0,1,High,46.0,1,2,1.0
p9506,830.0,1,Low,55.0,1,3,1.0
p9507,609.3333333333334,3,Low,17.0,11,20,11.0
p9509,967.0,1,High,171.0,1,4,1.0
p951,997.0,2,High,40.0,1,2,1.0
p9510,883.5,2,High,81.0,1,3,1.0
p9511,882.0,2,High,361.0,1,2,1.0
p9512,736.3333333333334,6,Low,77.0,7,7,8.0
p9513,1000.0,1,High,12.0,1,1,1.0
p9514,1000.0,2,High,77.0,3,7,3.0
p9515,753.7142857142857,21,Low,49.0,9,24,11.0
p9516,696.0,90,Low,63.0,65,55,71.0
p9517,1000.0,1,High,24.5,2,38,3.0
p9518,675.375,8,Low,39.0,3,4,5.0
p9519,865.2608695652174,23,High,52.0,15,21,16.0
p9520,849.5,2,Low,152.5,2,3,2.0
p9521,906.8857142857142,35,High,44.5,48,28,56.0
p9522,867.65,60,High,114.5,20,41,24.0
p9524,783.8,5,Low,173.5,4,13,5.0
p9525,840.8181818181819,11,Low,252.0,3,19,3.0
p9527,541.6666666666666,3,Low,237.0,1,3,1.0
p9529,722.3333333333334,30,Low,160.0,4,21,11.0
p953,851.3271028037383,107,Low,31.5,102,83,106.0
p9531,1000.0,12,High,279.0,1,4,1.0
p9532,714.6,5,Low,51.5,2,4,2.0
p9533,867.6666666666666,6,High,35.0,4,4,4.0
p9534,838.5238095238095,21,Low,47.5,10,9,10.0
p9537,997.1666666666666,6,High,121.0,6,22,6.0
p9539,715.6923076923077,13,Low,75.0,11,36,11.0
p954,882.5,10,High,128.0,2,6,2.0
p9540,776.5,8,Low,57.0,11,14,11.0
p9541,908.8333333333334,6,High,67.5,6,17,6.0
p9543,993.3333333333334,12,High,54.0,10,26,10.0
p9544,993.7818181818182,55,High,23.0,139,47,144.0
p9545,967.1764705882352,17,High,80.0,9,13,10.0
p9546,880.9583333333334,24,High,192.0,11,17,18.0
p9548,798.9117647058823,34,Low,76.0,12,15,12.0
p9549,787.5357142857143,28,Low,62.0,17,38,22.0
p9550,962.5,2,High,51.0,1,1,1.0
p9551,995.3698630136986,73,High,78.0,20,40,26.0
p9552,434.0,3,Low,29.5,2,3,3.0
p9553,554.5,2,Low,28.0,13,8,13.0
p9555,737.7692307692307,26,Low,72.0,15,28,15.0
p9558,743.4166666666666,12,Low,176.0,4,14,4.0
p956,901.16,75,High,72.0,45,49,46.0
p9561,986.0,3,High,54.0,1,3,1.0
p9563,989.4594594594595,37,High,89.0,21,33,22.0
p9564,570.0,1,Low,7.5,4,4,4.0
p9565,907.0,1,High,11.0,3,2,5.0
p9566,1000.0,1,High,45.0,3,3,3.0
p9567,880.3392857142857,56,High,144.0,10,40,11.0
p9568,772.8333333333334,6,Low,71.0,2,3,2.0
p9569,740.5,2,Low,41.0,1,1,1.0
p957,913.875,8,High,80.5,6,16,7.0
p9570,893.0,1,High,25.0,3,2,3.0
p9571,735.0,1,Low,20.0,1,1,1.0
p9572,692.0,10,Low,49.0,11,14,13.0
p9573,924.6363636363636,11,High,137.5,8,27,10.0
p9574,980.2,5,High,102.0,25,58,29.0
p9575,775.2,20,Low,63.0,8,20,10.0
p9576,548.4615384615385,78,Low,65.0,29,42,30.0
p9578,1000.0,3,High,33.0,3,4,3.0
p9579,714.9166666666666,12,Low,322.0,1,13,2.0
p958,787.1428571428571,7,Low,61.0,11,14,11.0
p9580,928.0,1,High,69.5,2,4,4.0
p9581,999.6,15,High,34.5,12,9,12.0
p9582,837.0,6,Low,30.0,11,6,13.0
p9583,631.5,2,Low,31.0,4,3,5.0
p9584,994.0,8,High,68.0,11,22,12.0
p9586,1000.0,2,High,41.0,1,1,1.0
p9587,722.8484848484849,33,Low,134.0,11,37,14.0
p9588,999.4285714285714,7,High,31.0,9,8,9.0
p9589,767.0,1,Low,21.0,1,1,1.0
p959,770.8888888888889,36,Low,54.5,24,32,25.0
p9590,906.0,1,High,28.0,2,2,2.0
p9591,743.25,8,Low,87.0,6,20,6.0
p9592,778.0,7,Low,19.0,11,9,13.0
p9593,748.5,2,Low,58.0,7,7,7.0
p9594,635.2592592592592,27,Low,93.0,7,38,15.0
p9596,803.75,16,Low,298.0,1,9,2.0
p9597,736.3333333333334,3,Low,59.0,1,3,1.0
p9598,755.8333333333334,6,Low,132.0,2,12,3.0
p960,864.8,5,High,38.0,3,3,3.0
p9600,710.2631578947369,19,Low,68.0,19,22,21.0
p9601,880.9767441860465,43,High,44.0,31,46,31.0
p9602,456.5,2,Low,105.0,1,2,1.0
p9603,990.3333333333334,12,High,24.0,21,14,26.0
p9604,908.7380952380952,42,High,77.0,27,40,29.0
p9606,840.0,10,Low,78.0,4,6,4.0
p9607,846.7674418604652,43,Low,94.0,17,42,18.0
p9608,697.3333333333334,3,Low,56.0,3,6,3.0
p9609,775.8,10,Low,167.5,8,22,8.0
p961,947.7777777777778,18,High,81.0,5,16,5.0
p9611,881.25,4,High,57.0,9,10,9.0
p9612,627.5454545454545,11,Low,142.0,4,22,5.0
p9613,732.0,10,Low,77.5,4,15,5.0
p9615,956.0,1,High,80.0,1,1,3.0
p9616,1000.0,3,High,46.5,2,4,2.0
p9617,616.0,1,Low,22.0,2,2,2.0
p9618,850.5,4,Low,140.0,1,4,1.0
p9619,899.8,10,High,57.0,7,17,9.0
p962,960.1875,16,High,36.0,15,16,16.0
p9620,924.4444444444445,18,High,206.0,3,29,6.0
p9622,817.375,16,Low,33.0,18,21,18.0
p9623,712.8,15,Low,41.0,9,14,11.0
p9624,904.6,5,High,41.0,10,9,10.0
p9625,1000.0,1,High,28.5,2,2,3.0
p9626,877.5384615384615,13,High,133.0,6,10,6.0
p9627,777.0,3,Low,54.0,4,3,4.0
p9629,955.4651162790698,43,High,75.5,42,34,45.0
p9631,729.0,4,Low,100.0,1,4,2.0
p9632,964.0,1,High,69.0,1,3,2.0
p9633,562.0,1,Low,44.5,2,3,2.0
p9634,932.0,4,High,62.0,6,6,7.0
p9636,997.8536585365854,41,High,101.0,24,44,26.0
p9637,745.2857142857143,7,Low,82.0,8,21,9.0
p9638,850.2142857142857,14,Low,57.5,10,22,10.0
p9639,708.625,8,Low,109.0,7,13,8.0
p964,459.4166666666667,12,Low,68.5,6,7,6.0
p9640,813.0,1,Low,54.0,1,1,1.0
p9641,755.6666666666666,9,Low,136.0,5,12,5.0
p9642,858.7777777777778,9,High,61.0,11,10,12.0
p9644,1000.0,3,High,101.0,2,4,2.0
p9646,861.0,2,High,46.0,4,4,4.0
p9647,803.1666666666666,12,Low,177.0,4,9,4.0
p9649,918.9090909090909,11,High,86.0,6,13,7.0
p9650,851.2857142857143,7,Low,43.0,9,7,13.0
p9651,853.3333333333334,3,Low,125.5,2,9,3.0
p9653,744.15,60,Low,75.0,24,37,26.0
p9654,873.5,10,High,183.0,3,20,4.0
p9655,997.3333333333334,3,High,80.0,1,2,1.0
p9656,690.7,10,Low,74.0,10,19,11.0
p9657,979.5714285714286,7,High,38.0,11,15,12.0
p9659,961.8527918781726,197,High,100.0,26,136,50.0
p9661,999.25,8,High,76.0,7,13,7.0
p9662,973.2307692307693,13,High,69.5,6,24,8.0
p9663,696.2972972972973,37,Low,132.5,14,30,14.0
p9667,882.2,5,High,31.0,3,4,3.0
p9670,881.0,1,High,11.0,3,1,4.0
p9672,898.6875,16,High,89.0,8,13,8.0
p9673,1000.0,1,High,52.0,2,2,2.0
p9675,466.5,20,Low,31.0,31,21,32.0
p9676,883.0,7,High,59.5,4,4,5.0
p9677,755.6527777777778,72,Low,165.0,21,44,29.0
p9678,835.5,6,Low,94.5,2,4,3.0
p9679,828.3333333333334,3,Low,67.0,1,3,1.0
p968,850.1739130434783,23,Low,86.0,11,27,11.0
p9681,799.2631578947369,19,Low,63.0,19,32,22.0
p9684,997.5555555555555,27,High,209.0,15,13,19.0
p9685,881.0,1,High,65.0,1,3,1.0
p9686,956.5,2,High,54.0,3,4,3.0
p9687,913.5555555555555,63,High,68.0,38,55,41.0
p9688,875.6829268292682,41,High,240.0,3,24,4.0
p9690,854.0,4,Low,22.0,7,4,7.0
p9691,998.0,12,High,74.0,7,16,7.0
p9693,998.9130434782609,23,High,48.0,5,12,7.0
p9695,693.3333333333334,6,Low,85.0,7,14,7.0
p9696,848.0,1,Low,48.0,3,2,4.0
p9698,692.0,2,Low,18.5,4,3,4.0
p97,666.4444444444445,9,Low,243.0,3,12,4.0
p9700,835.3333333333334,15,Low,32.0,17,9,18.0
p9701,850.3653846153846,52,Low,75.0,39,41,39.0
p9702,636.625,8,Low,72.0,10,13,10.0
p9703,1000.0,1,High,94.0,1,2,1.0
p9704,978.6923076923077,13,High,157.0,7,5,12.0
p9705,929.3181818181819,22,High,63.0,24,22,30.0
p9707,909.0,1,High,41.0,2,2,6.0
p9708,960.5135135135135,37,High,80.5,10,30,11.0
p9709,590.6666666666666,3,Low,24.0,5,3,5.0
p971,748.925,40,Low,34.0,49,39,54.0
p9710,821.6363636363636,11,Low,93.0,7,7,7.0
p9712,985.0,5,High,153.0,2,3,2.0
p9713,926.2,20,High,95.0,7,18,8.0
p9715,989.0,69,High,89.0,32,40,34.0
p9717,855.125,8,Low,75.5,2,5,4.0
p9718,779.8333333333334,6,Low,279.0,1,4,1.0
p9719,787.0,2,Low,37.5,2,1,2.0
p972,902.3125,16,High,76.0,7,7,7.0
p9721,615.5,2,Low,90.0,1,3,3.0
p9722,837.5,8,Low,36.0,11,9,11.0
p9723,503.65625,32,Low,37.0,41,43,45.0
p9724,944.25,4,High,98.0,1,3,1.0
p9725,926.0,5,High,129.0,1,5,1.0
p9726,798.1666666666666,18,Low,34.0,13,8,15.0
p9727,924.0555555555555,18,High,27.5,24,43,24.0
p9728,874.5,2,High,133.0,1,4,1.0
p9729,1000.0,12,High,216.0,3,20,4.0
p9733,1000.0,7,High,190.5,2,6,2.0
p9734,522.1666666666666,12,Low,70.0,9,17,11.0
p9735,1000.0,15,High,92.0,5,18,5.0
p9736,734.6666666666666,3,Low,86.0,1,2,2.0
p9737,821.7777777777778,9,Low,66.0,8,19,8.0
p9738,862.25,4,High,51.5,12,22,12.0
p9739,715.625,8,Low,176.0,4,17,5.0
p974,992.75,4,High,13.0,6,6,6.0
p9740,992.0,8,High,26.0,9,6,12.0
p9741,818.7777777777778,36,Low,214.0,17,40,18.0
p9742,985.4285714285714,7,High,116.5,6,4,6.0
p9743,799.5714285714286,7,Low,6.5,12,8,12.0
p9745,742.1666666666666,18,Low,33.0,16,5,16.0
p9746,565.2758620689655,58,Low,137.5,30,74,31.0
p9749,682.25,8,Low,107.5,4,5,4.0
p975,1000.0,2,High,30.5,2,38,3.0
p9750,919.047619047619,21,High,101.5,8,14,10.0
p9751,776.4,5,Low,50.0,5,6,6.0
p9752,999.0,6,High,89.0,2,4,2.0
p9753,942.5555555555555,18,High,157.0,7,20,7.0
p9755,778.3777777777777,45,Low,39.0,1,29,3.0
p9756,830.5,2,Low,11.5,6,3,6.0
p9758,982.0,1,High,37.0,7,6,9.0
p9759,949.0,1,High,24.0,1,1,1.0
p976,924.6666666666666,3,High,40.0,2,26,2.0
p9760,882.0769230769231,13,High,62.5,10,12,11.0
p9762,973.0,16,High,92.5,8,18,9.0
p9763,962.8823529411765,17,High,81.0,9,11,11.0
p9764,997.8045977011494,87,High,100.0,28,35,28.0
p9765,960.8571428571429,14,High,56.0,11,14,11.0
p9767,823.3333333333334,6,Low,89.0,9,7,9.0
p9768,846.3333333333334,3,Low,70.0,3,4,3.0
p977,725.3333333333334,3,Low,64.0,2,3,2.0
p9770,798.45,20,Low,120.5,6,14,6.0
p9771,791.9047619047619,21,Low,380.5,2,19,2.0
p9773,835.5833333333334,12,Low,58.5,10,22,11.0
p9774,794.0,29,Low,55.5,22,33,24.0
p9775,797.3571428571429,14,Low,58.0,19,21,21.0
p9776,751.6981132075472,53,Low,122.0,19,48,20.0
p9777,952.6666666666666,6,High,57.0,3,4,4.0
p9778,693.5625,16,Low,15.5,62,26,
p9779,884.2857142857143,7,High,99.0,15,12,15.0
p978,981.7692307692307,13,High,133.5,4,17,4.0
p9780,966.1851851851852,27,High,36.0,35,38,36.0
p9781,568.9583333333334,24,Low,121.5,8,5,9.0
p9782,755.1666666666666,12,Low,94.0,6,21,6.0
p9785,688.6363636363636,11,Low,92.0,7,14,8.0
p9786,783.3913043478261,23,Low,109.0,6,21,6.0
p9787,864.0,1,High,12.5,2,1,2.0
p9788,694.0,3,Low,35.5,8,6,8.0
p9789,998.0,1,High,25.0,1,2,1.0
p9790,938.0,1,High,48.0,2,2,2.0
p9791,635.030303030303,33,Low,89.0,13,38,15.0
p9792,1000.0,18,High,57.5,12,18,12.0
p9794,521.0,1,Low,19.0,1,1,1.0
p9795,762.5357142857143,28,Low,27.0,34,23,34.0
p9796,1000.0,1,High,72.0,1,3,3.0
p9797,833.6666666666666,6,Low,40.0,4,4,5.0
p9798,681.7333333333333,75,Low,77.0,46,79,54.0
p9799,652.5,2,Low,32.0,1,1,1.0
p98,891.5,2,High,48.0,1,2,1.0
p980,978.4090909090909,66,High,85.5,20,36,20.0
p9800,661.5,10,Low,280.0,2,14,3.0
p9801,698.1666666666666,12,Low,41.0,11,59,11.0
p9802,623.0,1,Low,37.0,1,2,1.0
p9803,917.0,1,High,85.5,2,3,3.0
p9805,678.0,4,Low,161.0,1,7,1.0
p9806,993.0,1,High,73.0,3,3,3.0
p9808,828.4035087719299,57,Low,79.5,20,38,22.0
p9809,778.8333333333334,6,Low,82.0,8,13,9.0
p981,748.0555555555555,18,Low,36.5,12,7,16.0
p9810,956.0,5,High,47.0,9,10,12.0
p9814,924.1428571428571,21,High,154.5,8,30,13.0
p9815,852.1428571428571,7,Low,135.0,1,4,1.0
p9816,732.75,28,Low,39.0,51,38,57.0
p9817,943.1785714285714,28,High,50.0,27,30,31.0
p9818,436.0,1,Low,13.5,2,1,2.0
p982,738.48,25,Low,52.5,20,28,21.0
p9820,994.0,1,High,37.0,3,4,3.0
p9821,991.0833333333334,12,High,39.5,12,16,13.0
p9823,769.1428571428571,77,Low,289.0,11,39,16.0
p9825,933.5555555555555,9,High,52.0,14,24,17.0
p9828,888.7777777777778,9,High,77.0,9,17,10.0
p9829,900.6666666666666,9,High,209.0,2,1,2.0
p983,68.67532467532467,77,Low,45.0,23,38,62.0
p9830,709.4375,32,Low,91.5,20,39,22.0
p9831,986.0,1,High,27.5,2,2,2.0
p9833,890.5,4,High,36.0,5,26,5.0
p9834,949.75,24,High,64.5,10,26,13.0
p9835,983.8,5,High,53.0,3,4,3.0
p9837,834.5,2,Low,40.0,1,1,1.0
p9838,995.2272727272727,22,High,151.0,6,21,15.0
p984,726.0833333333334,12,Low,119.5,6,5,6.0
p9842,805.6923076923077,13,Low,50.5,4,11,5.0
p9843,691.0,1,Low,27.0,3,2,4.0
p9845,806.4415584415584,77,Low,308.0,7,38,12.0
p9846,881.6666666666666,6,High,39.0,11,52,12.0
p9848,721.8695652173913,23,Low,74.0,18,26,20.0
p9849,964.9444444444445,18,High,43.0,8,7,9.0
p985,998.8888888888889,9,High,200.5,2,17,4.0
p9850,830.5,4,Low,93.0,4,8,4.0
p9851,1000.0,1,High,20.0,2,1,2.0
p9853,968.9852941176471,68,High,141.0,3,40,13.0
p9854,826.0,9,Low,83.5,8,13,8.0
p9855,1000.0,1,High,10.0,1,1,1.0
p9856,748.5,6,Low,111.0,2,4,2.0
p9857,739.6666666666666,27,Low,118.0,8,19,9.0
p9859,965.0555555555555,18,High,22.0,43,22,45.0
p986,704.8333333333334,12,Low,62.5,10,15,11.0
p9862,755.2,15,Low,45.0,14,25,14.0
p9864,967.7142857142857,14,High,104.0,15,39,16.0
p9865,830.6111111111111,18,Low,19.5,22,13,24.0
p9866,633.9344262295082,61,Low,82.0,41,38,42.0
p9867,889.7666666666667,30,High,26.0,44,25,45.0
p9869,868.0,13,High,71.0,8,16,8.0
p987,881.08,25,High,172.5,4,20,7.0
p9871,870.6216216216217,37,High,207.0,9,39,12.0
p9872,566.3571428571429,28,Low,65.0,1,20,5.0
p9873,997.2857142857143,14,High,48.0,13,6,13.0
p9874,815.0,1,Low,50.0,1,3,1.0
p9876,936.0,1,High,36.0,5,3,5.0
p9878,861.7241379310345,29,High,127.0,2,10,3.0
p9879,924.3125,16,High,101.0,12,16,12.0
p988,954.9047619047619,21,High,121.0,17,38,17.0
p9880,652.0,2,Low,61.5,2,2,2.0
p9881,543.8846153846154,52,Low,24.0,73,42,88.0
p9882,813.8,5,Low,132.5,10,25,11.0
p9884,857.4444444444445,9,Low,140.0,5,15,7.0
p9885,783.0,2,Low,65.0,1,3,
p9886,825.0,1,Low,18.0,1,1,1.0
p9887,583.5222222222222,90,Low,228.0,15,43,17.0
p9888,850.21875,32,Low,55.5,18,30,20.0
p9889,922.5,10,High,184.0,2,17,6.0
p9890,802.6666666666666,3,Low,55.5,4,9,6.0
p9892,969.0576923076923,52,High,117.0,38,43,45.0
p9893,940.7068965517242,116,High,96.0,125,91,136.0
p9894,978.3333333333334,9,High,70.0,9,27,
p9896,1000.0,1,High,31.0,7,6,7.0
p9897,900.5714285714286,21,High,126.0,7,9,8.0
p9898,951.3333333333334,12,High,97.0,7,21,7.0
p9900,938.3333333333334,3,High,54.0,1,3,1.0
p9901,667.0,1,Low,28.0,1,1,2.0
p9902,714.9,10,Low,80.5,8,7,8.0
p9903,811.0,2,Low,177.0,1,4,1.0
p9906,826.5,30,Low,116.0,34,44,45.0
p9908,859.5,2,High,22.0,1,1,1.0
p991,646.0,1,Low,85.0,1,3,1.0
p9910,970.6,20,High,91.5,6,10,6.0
p9911,999.7543859649123,57,High,76.5,28,58,28.0
p9912,982.6031746031746,63,High,170.0,33,43,38.0
p9913,797.4375,48,Low,154.5,12,37,12.0
p9914,738.5,30,Low,73.0,11,24,11.0
p9915,749.6666666666666,6,Low,32.5,6,4,6.0
p9916,722.0,1,Low,72.0,1,2,1.0
p992,886.3,10,High,41.0,11,6,11.0
p9920,999.4285714285714,7,High,22.5,6,7,6.0
p9921,797.6190476190476,21,Low,47.0,14,11,18.0
p9922,647.2222222222222,18,Low,50.0,11,21,11.0
p9925,792.0,2,Low,23.0,2,1,2.0
p9926,1000.0,2,High,72.0,1,3,1.0
p9928,999.0,5,High,160.0,1,1,1.0
p9929,791.6428571428571,14,Low,58.0,11,14,11.0
p993,930.0769230769231,13,High,108.0,6,15,6.0
p9930,788.468085106383,47,Low,35.0,94,55,96.0
p9931,824.1,10,Low,285.0,3,19,4.0
p9933,780.75,4,Low,209.0,1,5,1.0
p9934,661.0,10,Low,78.0,7,10,7.0
p9935,855.375,16,Low,23.5,18,11,18.0
p9936,683.8666666666667,15,Low,41.5,14,22,36.0
p9937,714.1,10,Low,135.0,5,19,6.0
p9938,1000.0,6,High,53.0,8,20,13.0
p9939,984.3333333333334,9,High,59.0,3,7,4.0
p994,999.4,10,High,36.0,5,7,10.0
p9941,967.6153846153846,13,High,57.0,5,9,8.0
p9942,412.0,1,Low,25.5,2,3,2.0
p9943,664.0769230769231,13,Low,48.0,8,6,10.0
p9945,995.578947368421,38,High,74.5,30,37,38.0
p9946,674.0,4,Low,50.0,8,10,8.0
p9947,822.625,8,Low,99.5,2,5,2.0
p9948,769.4,5,Low,34.0,6,4,6.0
p9949,848.1818181818181,11,Low,437.0,1,8,1.0
p995,729.9516129032259,62,Low,99.0,28,47,28.0
p9950,965.0,28,High,33.5,16,23,17.0
p9951,886.4,15,High,37.5,2,8,4.0
p9954,789.0,1,Low,55.0,2,4,3.0
p9955,748.5,10,Low,53.0,7,8,7.0
p9957,874.3157894736842,19,High,91.0,13,22,14.0
p9958,678.1333333333333,15,Low,21.0,12,10,16.0
p9959,878.4166666666666,12,High,81.0,7,11,12.0
p996,1000.0,49,High,85.0,7,38,12.0
p9961,789.5,2,Low,39.0,1,2,1.0
p9963,891.8888888888889,18,High,167.5,8,26,8.0
p9964,973.1025641025641,39,High,44.0,39,38,40.0
p9965,750.4117647058823,34,Low,119.0,15,40,16.0
p9966,828.5,2,Low,29.0,1,2,2.0
p9968,783.7647058823529,34,Low,140.0,8,22,8.0
p9969,693.0,1,Low,57.0,1,3,1.0
p997,956.5681818181819,44,High,88.5,22,42,33.0
p9970,797.3333333333334,3,Low,60.5,2,4,2.0
p9971,846.6567164179105,67,Low,77.0,29,47,30.0
p9973,846.0,1,Low,19.5,4,3,4.0
p9974,704.4,5,Low,288.0,1,8,2.0
p9975,611.0,1,Low,6.5,2,2,3.0
p9978,817.0,1,Low,130.0,3,6,3.0
p9979,977.5333333333333,15,High,84.0,9,11,11.0
p998,786.6153846153846,13,Low,55.0,16,21,16.0
p9981,535.8095238095239,63,Low,75.5,46,61,52.0
p9982,973.5,12,High,87.0,8,13,8.0
p9983,908.1012658227849,79,High,83.0,29,38,32.0
p9985,1000.0,11,High,213.0,4,11,5.0
p9987,988.1951219512196,41,High,74.0,23,40,23.0
p9988,758.6,40,Low,66.0,33,39,35.0
p9989,996.0,1,High,59.0,1,2,1.0
p999,962.3076923076923,13,High,73.0,7,13,7.0
p9990,683.4791666666666,48,Low,68.0,15,38,16.0
p9991,759.7777777777778,9,Low,70.0,7,17,8.0
p9992,976.3333333333334,3,High,142.0,1,39,2.0
p9994,959.8666666666667,30,High,41.0,15,20,16.0
p9995,850.7777777777778,9,Low,98.0,7,22,8.0
p9996,641.0,1,Low,46.0,2,3,2.0
p9998,786.9047619047619,21,Low,92.0,9,15,10.0
p9999,710.1,10,Low,125.0,7,8,9.0
